
-- phpMyAdmin SQL Dump
-- version 2.11.11.3
-- http://www.phpmyadmin.net
--
-- Host: 68.178.143.14
-- Generation Time: Oct 09, 2018 at 07:58 AM
-- Server version: 5.5.51
-- PHP Version: 5.1.6

SET SQL_MODE="NO_AUTO_VALUE_ON_ZERO";


/*!40101 SET @OLD_CHARACTER_SET_CLIENT=@@CHARACTER_SET_CLIENT */;
/*!40101 SET @OLD_CHARACTER_SET_RESULTS=@@CHARACTER_SET_RESULTS */;
/*!40101 SET @OLD_COLLATION_CONNECTION=@@COLLATION_CONNECTION */;
/*!40101 SET NAMES utf8 */;

--
-- Database: `adventistascanad`
--

-- --------------------------------------------------------

--
-- Table structure for table `address`
--

CREATE TABLE `address` (
  `address_id` int(11) NOT NULL AUTO_INCREMENT,
  `customer_id` int(11) NOT NULL,
  `firstname` varchar(32) NOT NULL,
  `lastname` varchar(32) NOT NULL,
  `company` varchar(40) NOT NULL,
  `address_1` varchar(128) NOT NULL,
  `address_2` varchar(128) NOT NULL,
  `city` varchar(128) NOT NULL,
  `postcode` varchar(10) NOT NULL,
  `country_id` int(11) NOT NULL DEFAULT '0',
  `zone_id` int(11) NOT NULL DEFAULT '0',
  `custom_field` text NOT NULL,
  PRIMARY KEY (`address_id`),
  KEY `customer_id` (`customer_id`)
) ENGINE=MyISAM DEFAULT CHARSET=utf8 AUTO_INCREMENT=1 ;

--
-- Dumping data for table `address`
--


-- --------------------------------------------------------

--
-- Table structure for table `affiliate`
--

CREATE TABLE `affiliate` (
  `affiliate_id` int(11) NOT NULL AUTO_INCREMENT,
  `firstname` varchar(32) NOT NULL,
  `lastname` varchar(32) NOT NULL,
  `email` varchar(96) NOT NULL,
  `telephone` varchar(32) NOT NULL,
  `fax` varchar(32) NOT NULL,
  `password` varchar(40) NOT NULL,
  `salt` varchar(9) NOT NULL,
  `company` varchar(40) NOT NULL,
  `website` varchar(255) NOT NULL,
  `address_1` varchar(128) NOT NULL,
  `address_2` varchar(128) NOT NULL,
  `city` varchar(128) NOT NULL,
  `postcode` varchar(10) NOT NULL,
  `country_id` int(11) NOT NULL,
  `zone_id` int(11) NOT NULL,
  `code` varchar(64) NOT NULL,
  `commission` decimal(4,2) NOT NULL DEFAULT '0.00',
  `tax` varchar(64) NOT NULL,
  `payment` varchar(6) NOT NULL,
  `cheque` varchar(100) NOT NULL,
  `paypal` varchar(64) NOT NULL,
  `bank_name` varchar(64) NOT NULL,
  `bank_branch_number` varchar(64) NOT NULL,
  `bank_swift_code` varchar(64) NOT NULL,
  `bank_account_name` varchar(64) NOT NULL,
  `bank_account_number` varchar(64) NOT NULL,
  `ip` varchar(40) NOT NULL,
  `status` tinyint(1) NOT NULL,
  `approved` tinyint(1) NOT NULL,
  `date_added` datetime NOT NULL,
  PRIMARY KEY (`affiliate_id`)
) ENGINE=MyISAM DEFAULT CHARSET=utf8 AUTO_INCREMENT=1 ;

--
-- Dumping data for table `affiliate`
--


-- --------------------------------------------------------

--
-- Table structure for table `affiliate_activity`
--

CREATE TABLE `affiliate_activity` (
  `affiliate_activity_id` int(11) NOT NULL AUTO_INCREMENT,
  `affiliate_id` int(11) NOT NULL,
  `key` varchar(64) NOT NULL,
  `data` text NOT NULL,
  `ip` varchar(40) NOT NULL,
  `date_added` datetime NOT NULL,
  PRIMARY KEY (`affiliate_activity_id`)
) ENGINE=MyISAM DEFAULT CHARSET=utf8 AUTO_INCREMENT=1 ;

--
-- Dumping data for table `affiliate_activity`
--


-- --------------------------------------------------------

--
-- Table structure for table `affiliate_login`
--

CREATE TABLE `affiliate_login` (
  `affiliate_login_id` int(11) NOT NULL AUTO_INCREMENT,
  `email` varchar(96) NOT NULL,
  `ip` varchar(40) NOT NULL,
  `total` int(4) NOT NULL,
  `date_added` datetime NOT NULL,
  `date_modified` datetime NOT NULL,
  PRIMARY KEY (`affiliate_login_id`),
  KEY `email` (`email`),
  KEY `ip` (`ip`)
) ENGINE=MyISAM DEFAULT CHARSET=utf8 AUTO_INCREMENT=1 ;

--
-- Dumping data for table `affiliate_login`
--


-- --------------------------------------------------------

--
-- Table structure for table `affiliate_transaction`
--

CREATE TABLE `affiliate_transaction` (
  `affiliate_transaction_id` int(11) NOT NULL AUTO_INCREMENT,
  `affiliate_id` int(11) NOT NULL,
  `order_id` int(11) NOT NULL,
  `description` text NOT NULL,
  `amount` decimal(15,4) NOT NULL,
  `date_added` datetime NOT NULL,
  PRIMARY KEY (`affiliate_transaction_id`)
) ENGINE=MyISAM DEFAULT CHARSET=utf8 AUTO_INCREMENT=1 ;

--
-- Dumping data for table `affiliate_transaction`
--


-- --------------------------------------------------------

--
-- Table structure for table `api`
--

CREATE TABLE `api` (
  `api_id` int(11) NOT NULL AUTO_INCREMENT,
  `name` varchar(64) NOT NULL,
  `key` text NOT NULL,
  `status` tinyint(1) NOT NULL,
  `date_added` datetime NOT NULL,
  `date_modified` datetime NOT NULL,
  PRIMARY KEY (`api_id`)
) ENGINE=MyISAM  DEFAULT CHARSET=utf8 AUTO_INCREMENT=2 ;

--
-- Dumping data for table `api`
--

INSERT INTO `api` VALUES(1, 'Default', 'v69poyUeviB4pynGWPD0I8lZOM9GOXxkT4uAaFjkXzpfQ5h4vRk5WR6GjAs7vbLneYlSpzKMQmXyxTS36BkxrZUdFdZKNmxdPKIYxEWycIznJmXksTETiihaoE2wSNJIvnLZdG2fLahitKkJ9qu2mwBjqGCQHAV5LrrL52PUsFXrRE8wkA1CcN1BV74lJKAtM1xStG977wYze2TEkEfeVnjbXqHTWioIpJhQJdAr5o5RcvKHVlyTswwQSvsvjKqX', 1, '2016-10-03 15:25:57', '2016-10-03 15:25:57');

-- --------------------------------------------------------

--
-- Table structure for table `api_ip`
--

CREATE TABLE `api_ip` (
  `api_ip_id` int(11) NOT NULL AUTO_INCREMENT,
  `api_id` int(11) NOT NULL,
  `ip` varchar(40) NOT NULL,
  PRIMARY KEY (`api_ip_id`)
) ENGINE=MyISAM DEFAULT CHARSET=utf8 AUTO_INCREMENT=1 ;

--
-- Dumping data for table `api_ip`
--


-- --------------------------------------------------------

--
-- Table structure for table `api_session`
--

CREATE TABLE `api_session` (
  `api_session_id` int(11) NOT NULL AUTO_INCREMENT,
  `api_id` int(11) NOT NULL,
  `token` varchar(32) NOT NULL,
  `session_id` varchar(32) NOT NULL,
  `session_name` varchar(32) NOT NULL,
  `ip` varchar(40) NOT NULL,
  `date_added` datetime NOT NULL,
  `date_modified` datetime NOT NULL,
  PRIMARY KEY (`api_session_id`)
) ENGINE=MyISAM DEFAULT CHARSET=utf8 AUTO_INCREMENT=1 ;

--
-- Dumping data for table `api_session`
--


-- --------------------------------------------------------

--
-- Table structure for table `attribute`
--

CREATE TABLE `attribute` (
  `attribute_id` int(11) NOT NULL AUTO_INCREMENT,
  `attribute_group_id` int(11) NOT NULL,
  `sort_order` int(3) NOT NULL,
  PRIMARY KEY (`attribute_id`)
) ENGINE=MyISAM  DEFAULT CHARSET=utf8 AUTO_INCREMENT=12 ;

--
-- Dumping data for table `attribute`
--

INSERT INTO `attribute` VALUES(1, 6, 1);
INSERT INTO `attribute` VALUES(2, 6, 5);
INSERT INTO `attribute` VALUES(3, 6, 3);
INSERT INTO `attribute` VALUES(4, 3, 1);
INSERT INTO `attribute` VALUES(5, 3, 2);
INSERT INTO `attribute` VALUES(6, 3, 3);
INSERT INTO `attribute` VALUES(7, 3, 4);
INSERT INTO `attribute` VALUES(8, 3, 5);
INSERT INTO `attribute` VALUES(9, 3, 6);
INSERT INTO `attribute` VALUES(10, 3, 7);
INSERT INTO `attribute` VALUES(11, 3, 8);

-- --------------------------------------------------------

--
-- Table structure for table `attribute_description`
--

CREATE TABLE `attribute_description` (
  `attribute_id` int(11) NOT NULL,
  `language_id` int(11) NOT NULL,
  `name` varchar(64) NOT NULL,
  PRIMARY KEY (`attribute_id`,`language_id`)
) ENGINE=MyISAM DEFAULT CHARSET=utf8;

--
-- Dumping data for table `attribute_description`
--

INSERT INTO `attribute_description` VALUES(1, 1, 'Description');
INSERT INTO `attribute_description` VALUES(2, 1, 'No. of Cores');
INSERT INTO `attribute_description` VALUES(4, 1, 'test 1');
INSERT INTO `attribute_description` VALUES(5, 1, 'test 2');
INSERT INTO `attribute_description` VALUES(6, 1, 'test 3');
INSERT INTO `attribute_description` VALUES(7, 1, 'test 4');
INSERT INTO `attribute_description` VALUES(8, 1, 'test 5');
INSERT INTO `attribute_description` VALUES(9, 1, 'test 6');
INSERT INTO `attribute_description` VALUES(10, 1, 'test 7');
INSERT INTO `attribute_description` VALUES(11, 1, 'test 8');
INSERT INTO `attribute_description` VALUES(3, 1, 'Clockspeed');

-- --------------------------------------------------------

--
-- Table structure for table `attribute_group`
--

CREATE TABLE `attribute_group` (
  `attribute_group_id` int(11) NOT NULL AUTO_INCREMENT,
  `sort_order` int(3) NOT NULL,
  PRIMARY KEY (`attribute_group_id`)
) ENGINE=MyISAM  DEFAULT CHARSET=utf8 AUTO_INCREMENT=7 ;

--
-- Dumping data for table `attribute_group`
--

INSERT INTO `attribute_group` VALUES(3, 2);
INSERT INTO `attribute_group` VALUES(4, 1);
INSERT INTO `attribute_group` VALUES(5, 3);
INSERT INTO `attribute_group` VALUES(6, 4);

-- --------------------------------------------------------

--
-- Table structure for table `attribute_group_description`
--

CREATE TABLE `attribute_group_description` (
  `attribute_group_id` int(11) NOT NULL,
  `language_id` int(11) NOT NULL,
  `name` varchar(64) NOT NULL,
  PRIMARY KEY (`attribute_group_id`,`language_id`)
) ENGINE=MyISAM DEFAULT CHARSET=utf8;

--
-- Dumping data for table `attribute_group_description`
--

INSERT INTO `attribute_group_description` VALUES(3, 1, 'Memory');
INSERT INTO `attribute_group_description` VALUES(4, 1, 'Technical');
INSERT INTO `attribute_group_description` VALUES(5, 1, 'Motherboard');
INSERT INTO `attribute_group_description` VALUES(6, 1, 'Processor');

-- --------------------------------------------------------

--
-- Table structure for table `banner`
--

CREATE TABLE `banner` (
  `banner_id` int(11) NOT NULL AUTO_INCREMENT,
  `name` varchar(64) NOT NULL,
  `status` tinyint(1) NOT NULL,
  PRIMARY KEY (`banner_id`)
) ENGINE=MyISAM  DEFAULT CHARSET=utf8 AUTO_INCREMENT=9 ;

--
-- Dumping data for table `banner`
--

INSERT INTO `banner` VALUES(6, 'HP Products', 1);
INSERT INTO `banner` VALUES(7, 'Home Page Slideshow', 1);
INSERT INTO `banner` VALUES(8, 'Manufacturers', 1);

-- --------------------------------------------------------

--
-- Table structure for table `banner_image`
--

CREATE TABLE `banner_image` (
  `banner_image_id` int(11) NOT NULL AUTO_INCREMENT,
  `banner_id` int(11) NOT NULL,
  `language_id` int(11) NOT NULL,
  `title` varchar(64) NOT NULL,
  `link` varchar(255) NOT NULL,
  `image` varchar(255) NOT NULL,
  `sort_order` int(3) NOT NULL DEFAULT '0',
  PRIMARY KEY (`banner_image_id`)
) ENGINE=MyISAM  DEFAULT CHARSET=utf8 AUTO_INCREMENT=99 ;

--
-- Dumping data for table `banner_image`
--

INSERT INTO `banner_image` VALUES(79, 7, 1, 'iPhone 6', 'index.php?route=product/product&amp;path=57&amp;product_id=49', 'catalog/demo/banners/iPhone6.jpg', 0);
INSERT INTO `banner_image` VALUES(87, 6, 1, 'HP Banner', 'index.php?route=product/manufacturer/info&amp;manufacturer_id=7', 'catalog/demo/compaq_presario.jpg', 0);
INSERT INTO `banner_image` VALUES(94, 8, 1, 'NFL', '', 'catalog/demo/manufacturer/nfl.png', 0);
INSERT INTO `banner_image` VALUES(95, 8, 1, 'RedBull', '', 'catalog/demo/manufacturer/redbull.png', 0);
INSERT INTO `banner_image` VALUES(96, 8, 1, 'Sony', '', 'catalog/demo/manufacturer/sony.png', 0);
INSERT INTO `banner_image` VALUES(91, 8, 1, 'Coca Cola', '', 'catalog/demo/manufacturer/cocacola.png', 0);
INSERT INTO `banner_image` VALUES(92, 8, 1, 'Burger King', '', 'catalog/demo/manufacturer/burgerking.png', 0);
INSERT INTO `banner_image` VALUES(93, 8, 1, 'Canon', '', 'catalog/demo/manufacturer/canon.png', 0);
INSERT INTO `banner_image` VALUES(88, 8, 1, 'Harley Davidson', '', 'catalog/demo/manufacturer/harley.png', 0);
INSERT INTO `banner_image` VALUES(89, 8, 1, 'Dell', '', 'catalog/demo/manufacturer/dell.png', 0);
INSERT INTO `banner_image` VALUES(90, 8, 1, 'Disney', '', 'catalog/demo/manufacturer/disney.png', 0);
INSERT INTO `banner_image` VALUES(80, 7, 1, 'MacBookAir', '', 'catalog/demo/banners/MacBookAir.jpg', 0);
INSERT INTO `banner_image` VALUES(97, 8, 1, 'Starbucks', '', 'catalog/demo/manufacturer/starbucks.png', 0);
INSERT INTO `banner_image` VALUES(98, 8, 1, 'Nintendo', '', 'catalog/demo/manufacturer/nintendo.png', 0);

-- --------------------------------------------------------

--
-- Table structure for table `cart`
--

CREATE TABLE `cart` (
  `cart_id` int(11) unsigned NOT NULL AUTO_INCREMENT,
  `api_id` int(11) NOT NULL,
  `customer_id` int(11) NOT NULL,
  `session_id` varchar(32) NOT NULL,
  `product_id` int(11) NOT NULL,
  `recurring_id` int(11) NOT NULL,
  `option` text NOT NULL,
  `quantity` int(5) NOT NULL,
  `date_added` datetime NOT NULL,
  PRIMARY KEY (`cart_id`),
  KEY `cart_id` (`api_id`,`customer_id`,`session_id`,`product_id`,`recurring_id`)
) ENGINE=InnoDB DEFAULT CHARSET=utf8 AUTO_INCREMENT=1 ;

--
-- Dumping data for table `cart`
--


-- --------------------------------------------------------

--
-- Table structure for table `category`
--

CREATE TABLE `category` (
  `category_id` int(11) NOT NULL AUTO_INCREMENT,
  `image` varchar(255) DEFAULT NULL,
  `parent_id` int(11) NOT NULL DEFAULT '0',
  `top` tinyint(1) NOT NULL,
  `column` int(3) NOT NULL,
  `sort_order` int(3) NOT NULL DEFAULT '0',
  `status` tinyint(1) NOT NULL,
  `date_added` datetime NOT NULL,
  `date_modified` datetime NOT NULL,
  PRIMARY KEY (`category_id`),
  KEY `parent_id` (`parent_id`)
) ENGINE=MyISAM  DEFAULT CHARSET=utf8 AUTO_INCREMENT=59 ;

--
-- Dumping data for table `category`
--

INSERT INTO `category` VALUES(25, '', 0, 1, 1, 3, 1, '2009-01-31 01:04:25', '2011-05-30 12:14:55');
INSERT INTO `category` VALUES(27, '', 20, 0, 0, 2, 1, '2009-01-31 01:55:34', '2010-08-22 06:32:15');
INSERT INTO `category` VALUES(20, 'catalog/demo/compaq_presario.jpg', 0, 1, 1, 1, 1, '2009-01-05 21:49:43', '2011-07-16 02:14:42');
INSERT INTO `category` VALUES(24, '', 0, 1, 1, 5, 1, '2009-01-20 02:36:26', '2011-05-30 12:15:18');
INSERT INTO `category` VALUES(18, 'catalog/demo/hp_2.jpg', 0, 1, 0, 2, 1, '2009-01-05 21:49:15', '2011-05-30 12:13:55');
INSERT INTO `category` VALUES(17, '', 0, 1, 1, 4, 1, '2009-01-03 21:08:57', '2011-05-30 12:15:11');
INSERT INTO `category` VALUES(28, '', 25, 0, 0, 1, 1, '2009-02-02 13:11:12', '2010-08-22 06:32:46');
INSERT INTO `category` VALUES(26, '', 20, 0, 0, 1, 1, '2009-01-31 01:55:14', '2010-08-22 06:31:45');
INSERT INTO `category` VALUES(29, '', 25, 0, 0, 1, 1, '2009-02-02 13:11:37', '2010-08-22 06:32:39');
INSERT INTO `category` VALUES(30, '', 25, 0, 0, 1, 1, '2009-02-02 13:11:59', '2010-08-22 06:33:00');
INSERT INTO `category` VALUES(31, '', 25, 0, 0, 1, 1, '2009-02-03 14:17:24', '2010-08-22 06:33:06');
INSERT INTO `category` VALUES(32, '', 25, 0, 0, 1, 1, '2009-02-03 14:17:34', '2010-08-22 06:33:12');
INSERT INTO `category` VALUES(33, '', 0, 1, 1, 6, 1, '2009-02-03 14:17:55', '2011-05-30 12:15:25');
INSERT INTO `category` VALUES(34, 'catalog/demo/ipod_touch_4.jpg', 0, 1, 4, 7, 1, '2009-02-03 14:18:11', '2011-05-30 12:15:31');
INSERT INTO `category` VALUES(35, '', 28, 0, 0, 0, 1, '2010-09-17 10:06:48', '2010-09-18 14:02:42');
INSERT INTO `category` VALUES(36, '', 28, 0, 0, 0, 1, '2010-09-17 10:07:13', '2010-09-18 14:02:55');
INSERT INTO `category` VALUES(37, '', 34, 0, 0, 0, 1, '2010-09-18 14:03:39', '2011-04-22 01:55:08');
INSERT INTO `category` VALUES(38, '', 34, 0, 0, 0, 1, '2010-09-18 14:03:51', '2010-09-18 14:03:51');
INSERT INTO `category` VALUES(39, '', 34, 0, 0, 0, 1, '2010-09-18 14:04:17', '2011-04-22 01:55:20');
INSERT INTO `category` VALUES(40, '', 34, 0, 0, 0, 1, '2010-09-18 14:05:36', '2010-09-18 14:05:36');
INSERT INTO `category` VALUES(41, '', 34, 0, 0, 0, 1, '2010-09-18 14:05:49', '2011-04-22 01:55:30');
INSERT INTO `category` VALUES(42, '', 34, 0, 0, 0, 1, '2010-09-18 14:06:34', '2010-11-07 20:31:04');
INSERT INTO `category` VALUES(43, '', 34, 0, 0, 0, 1, '2010-09-18 14:06:49', '2011-04-22 01:55:40');
INSERT INTO `category` VALUES(44, '', 34, 0, 0, 0, 1, '2010-09-21 15:39:21', '2010-11-07 20:30:55');
INSERT INTO `category` VALUES(45, '', 18, 0, 0, 0, 1, '2010-09-24 18:29:16', '2011-04-26 08:52:11');
INSERT INTO `category` VALUES(46, '', 18, 0, 0, 0, 1, '2010-09-24 18:29:31', '2011-04-26 08:52:23');
INSERT INTO `category` VALUES(47, '', 34, 0, 0, 0, 1, '2010-11-07 11:13:16', '2010-11-07 11:13:16');
INSERT INTO `category` VALUES(48, '', 34, 0, 0, 0, 1, '2010-11-07 11:13:33', '2010-11-07 11:13:33');
INSERT INTO `category` VALUES(49, '', 34, 0, 0, 0, 1, '2010-11-07 11:14:04', '2010-11-07 11:14:04');
INSERT INTO `category` VALUES(50, '', 34, 0, 0, 0, 1, '2010-11-07 11:14:23', '2011-04-22 01:16:01');
INSERT INTO `category` VALUES(51, '', 34, 0, 0, 0, 1, '2010-11-07 11:14:38', '2011-04-22 01:16:13');
INSERT INTO `category` VALUES(52, '', 34, 0, 0, 0, 1, '2010-11-07 11:16:09', '2011-04-22 01:54:57');
INSERT INTO `category` VALUES(53, '', 34, 0, 0, 0, 1, '2010-11-07 11:28:53', '2011-04-22 01:14:36');
INSERT INTO `category` VALUES(54, '', 34, 0, 0, 0, 1, '2010-11-07 11:29:16', '2011-04-22 01:16:50');
INSERT INTO `category` VALUES(55, '', 34, 0, 0, 0, 1, '2010-11-08 10:31:32', '2010-11-08 10:31:32');
INSERT INTO `category` VALUES(56, '', 34, 0, 0, 0, 1, '2010-11-08 10:31:50', '2011-04-22 01:16:37');
INSERT INTO `category` VALUES(57, '', 0, 1, 1, 3, 1, '2011-04-26 08:53:16', '2011-05-30 12:15:05');
INSERT INTO `category` VALUES(58, '', 52, 0, 0, 0, 1, '2011-05-08 13:44:16', '2011-05-08 13:44:16');

-- --------------------------------------------------------

--
-- Table structure for table `category_description`
--

CREATE TABLE `category_description` (
  `category_id` int(11) NOT NULL,
  `language_id` int(11) NOT NULL,
  `name` varchar(255) NOT NULL,
  `description` text NOT NULL,
  `meta_title` varchar(255) NOT NULL,
  `meta_description` varchar(255) NOT NULL,
  `meta_keyword` varchar(255) NOT NULL,
  PRIMARY KEY (`category_id`,`language_id`),
  KEY `name` (`name`)
) ENGINE=MyISAM DEFAULT CHARSET=utf8;

--
-- Dumping data for table `category_description`
--

INSERT INTO `category_description` VALUES(28, 1, 'Monitors', '', 'Monitors', '', '');
INSERT INTO `category_description` VALUES(33, 1, 'Cameras', '', 'Cameras', '', '');
INSERT INTO `category_description` VALUES(32, 1, 'Web Cameras', '', 'Web Cameras', '', '');
INSERT INTO `category_description` VALUES(31, 1, 'Scanners', '', 'Scanners', '', '');
INSERT INTO `category_description` VALUES(30, 1, 'Printers', '', 'Printers', '', '');
INSERT INTO `category_description` VALUES(29, 1, 'Mice and Trackballs', '', 'Mice and Trackballs', '', '');
INSERT INTO `category_description` VALUES(27, 1, 'Mac', '', 'Mac', '', '');
INSERT INTO `category_description` VALUES(26, 1, 'PC', '', 'PC', '', '');
INSERT INTO `category_description` VALUES(17, 1, 'Software', '', 'Software', '', '');
INSERT INTO `category_description` VALUES(25, 1, 'Components', '', 'Components', '', '');
INSERT INTO `category_description` VALUES(24, 1, 'Phones &amp; PDAs', '', 'Phones &amp; PDAs', '', '');
INSERT INTO `category_description` VALUES(20, 1, 'Desktops', '&lt;p&gt;\r\n	Example of category description text&lt;/p&gt;\r\n', 'Desktops', 'Example of category description', '');
INSERT INTO `category_description` VALUES(35, 1, 'test 1', '', 'test 1', '', '');
INSERT INTO `category_description` VALUES(36, 1, 'test 2', '', 'test 2', '', '');
INSERT INTO `category_description` VALUES(37, 1, 'test 5', '', 'test 5', '', '');
INSERT INTO `category_description` VALUES(38, 1, 'test 4', '', 'test 4', '', '');
INSERT INTO `category_description` VALUES(39, 1, 'test 6', '', 'test 6', '', '');
INSERT INTO `category_description` VALUES(40, 1, 'test 7', '', 'test 7', '', '');
INSERT INTO `category_description` VALUES(41, 1, 'test 8', '', 'test 8', '', '');
INSERT INTO `category_description` VALUES(42, 1, 'test 9', '', 'test 9', '', '');
INSERT INTO `category_description` VALUES(43, 1, 'test 11', '', 'test 11', '', '');
INSERT INTO `category_description` VALUES(34, 1, 'MP3 Players', '&lt;p&gt;\r\n	Shop Laptop feature only the best laptop deals on the market. By comparing laptop deals from the likes of PC World, Comet, Dixons, The Link and Carphone Warehouse, Shop Laptop has the most comprehensive selection of laptops on the internet. At Shop Laptop, we pride ourselves on offering customers the very best laptop deals. From refurbished laptops to netbooks, Shop Laptop ensures that every laptop - in every colour, style, size and technical spec - is featured on the site at the lowest possible price.&lt;/p&gt;\r\n', 'MP3 Players', '', '');
INSERT INTO `category_description` VALUES(18, 1, 'Laptops &amp; Notebooks', '&lt;p&gt;\r\n	Shop Laptop feature only the best laptop deals on the market. By comparing laptop deals from the likes of PC World, Comet, Dixons, The Link and Carphone Warehouse, Shop Laptop has the most comprehensive selection of laptops on the internet. At Shop Laptop, we pride ourselves on offering customers the very best laptop deals. From refurbished laptops to netbooks, Shop Laptop ensures that every laptop - in every colour, style, size and technical spec - is featured on the site at the lowest possible price.&lt;/p&gt;\r\n', 'Laptops &amp; Notebooks', '', '');
INSERT INTO `category_description` VALUES(44, 1, 'test 12', '', 'test 12', '', '');
INSERT INTO `category_description` VALUES(45, 1, 'Windows', '', 'Windows', '', '');
INSERT INTO `category_description` VALUES(46, 1, 'Macs', '', 'Macs', '', '');
INSERT INTO `category_description` VALUES(47, 1, 'test 15', '', 'test 15', '', '');
INSERT INTO `category_description` VALUES(48, 1, 'test 16', '', 'test 16', '', '');
INSERT INTO `category_description` VALUES(49, 1, 'test 17', '', 'test 17', '', '');
INSERT INTO `category_description` VALUES(50, 1, 'test 18', '', 'test 18', '', '');
INSERT INTO `category_description` VALUES(51, 1, 'test 19', '', 'test 19', '', '');
INSERT INTO `category_description` VALUES(52, 1, 'test 20', '', 'test 20', '', '');
INSERT INTO `category_description` VALUES(53, 1, 'test 21', '', 'test 21', '', '');
INSERT INTO `category_description` VALUES(54, 1, 'test 22', '', 'test 22', '', '');
INSERT INTO `category_description` VALUES(55, 1, 'test 23', '', 'test 23', '', '');
INSERT INTO `category_description` VALUES(56, 1, 'test 24', '', 'test 24', '', '');
INSERT INTO `category_description` VALUES(57, 1, 'Tablets', '', 'Tablets', '', '');
INSERT INTO `category_description` VALUES(58, 1, 'test 25', '', 'test 25', '', '');

-- --------------------------------------------------------

--
-- Table structure for table `category_filter`
--

CREATE TABLE `category_filter` (
  `category_id` int(11) NOT NULL,
  `filter_id` int(11) NOT NULL,
  PRIMARY KEY (`category_id`,`filter_id`)
) ENGINE=MyISAM DEFAULT CHARSET=utf8;

--
-- Dumping data for table `category_filter`
--


-- --------------------------------------------------------

--
-- Table structure for table `category_path`
--

CREATE TABLE `category_path` (
  `category_id` int(11) NOT NULL,
  `path_id` int(11) NOT NULL,
  `level` int(11) NOT NULL,
  PRIMARY KEY (`category_id`,`path_id`)
) ENGINE=MyISAM DEFAULT CHARSET=utf8;

--
-- Dumping data for table `category_path`
--

INSERT INTO `category_path` VALUES(25, 25, 0);
INSERT INTO `category_path` VALUES(28, 25, 0);
INSERT INTO `category_path` VALUES(28, 28, 1);
INSERT INTO `category_path` VALUES(35, 25, 0);
INSERT INTO `category_path` VALUES(35, 28, 1);
INSERT INTO `category_path` VALUES(35, 35, 2);
INSERT INTO `category_path` VALUES(36, 25, 0);
INSERT INTO `category_path` VALUES(36, 28, 1);
INSERT INTO `category_path` VALUES(36, 36, 2);
INSERT INTO `category_path` VALUES(29, 25, 0);
INSERT INTO `category_path` VALUES(29, 29, 1);
INSERT INTO `category_path` VALUES(30, 25, 0);
INSERT INTO `category_path` VALUES(30, 30, 1);
INSERT INTO `category_path` VALUES(31, 25, 0);
INSERT INTO `category_path` VALUES(31, 31, 1);
INSERT INTO `category_path` VALUES(32, 25, 0);
INSERT INTO `category_path` VALUES(32, 32, 1);
INSERT INTO `category_path` VALUES(20, 20, 0);
INSERT INTO `category_path` VALUES(27, 20, 0);
INSERT INTO `category_path` VALUES(27, 27, 1);
INSERT INTO `category_path` VALUES(26, 20, 0);
INSERT INTO `category_path` VALUES(26, 26, 1);
INSERT INTO `category_path` VALUES(24, 24, 0);
INSERT INTO `category_path` VALUES(18, 18, 0);
INSERT INTO `category_path` VALUES(45, 18, 0);
INSERT INTO `category_path` VALUES(45, 45, 1);
INSERT INTO `category_path` VALUES(46, 18, 0);
INSERT INTO `category_path` VALUES(46, 46, 1);
INSERT INTO `category_path` VALUES(17, 17, 0);
INSERT INTO `category_path` VALUES(33, 33, 0);
INSERT INTO `category_path` VALUES(34, 34, 0);
INSERT INTO `category_path` VALUES(37, 34, 0);
INSERT INTO `category_path` VALUES(37, 37, 1);
INSERT INTO `category_path` VALUES(38, 34, 0);
INSERT INTO `category_path` VALUES(38, 38, 1);
INSERT INTO `category_path` VALUES(39, 34, 0);
INSERT INTO `category_path` VALUES(39, 39, 1);
INSERT INTO `category_path` VALUES(40, 34, 0);
INSERT INTO `category_path` VALUES(40, 40, 1);
INSERT INTO `category_path` VALUES(41, 34, 0);
INSERT INTO `category_path` VALUES(41, 41, 1);
INSERT INTO `category_path` VALUES(42, 34, 0);
INSERT INTO `category_path` VALUES(42, 42, 1);
INSERT INTO `category_path` VALUES(43, 34, 0);
INSERT INTO `category_path` VALUES(43, 43, 1);
INSERT INTO `category_path` VALUES(44, 34, 0);
INSERT INTO `category_path` VALUES(44, 44, 1);
INSERT INTO `category_path` VALUES(47, 34, 0);
INSERT INTO `category_path` VALUES(47, 47, 1);
INSERT INTO `category_path` VALUES(48, 34, 0);
INSERT INTO `category_path` VALUES(48, 48, 1);
INSERT INTO `category_path` VALUES(49, 34, 0);
INSERT INTO `category_path` VALUES(49, 49, 1);
INSERT INTO `category_path` VALUES(50, 34, 0);
INSERT INTO `category_path` VALUES(50, 50, 1);
INSERT INTO `category_path` VALUES(51, 34, 0);
INSERT INTO `category_path` VALUES(51, 51, 1);
INSERT INTO `category_path` VALUES(52, 34, 0);
INSERT INTO `category_path` VALUES(52, 52, 1);
INSERT INTO `category_path` VALUES(58, 34, 0);
INSERT INTO `category_path` VALUES(58, 52, 1);
INSERT INTO `category_path` VALUES(58, 58, 2);
INSERT INTO `category_path` VALUES(53, 34, 0);
INSERT INTO `category_path` VALUES(53, 53, 1);
INSERT INTO `category_path` VALUES(54, 34, 0);
INSERT INTO `category_path` VALUES(54, 54, 1);
INSERT INTO `category_path` VALUES(55, 34, 0);
INSERT INTO `category_path` VALUES(55, 55, 1);
INSERT INTO `category_path` VALUES(56, 34, 0);
INSERT INTO `category_path` VALUES(56, 56, 1);
INSERT INTO `category_path` VALUES(57, 57, 0);

-- --------------------------------------------------------

--
-- Table structure for table `category_to_layout`
--

CREATE TABLE `category_to_layout` (
  `category_id` int(11) NOT NULL,
  `store_id` int(11) NOT NULL,
  `layout_id` int(11) NOT NULL,
  PRIMARY KEY (`category_id`,`store_id`)
) ENGINE=MyISAM DEFAULT CHARSET=utf8;

--
-- Dumping data for table `category_to_layout`
--


-- --------------------------------------------------------

--
-- Table structure for table `category_to_store`
--

CREATE TABLE `category_to_store` (
  `category_id` int(11) NOT NULL,
  `store_id` int(11) NOT NULL,
  PRIMARY KEY (`category_id`,`store_id`)
) ENGINE=MyISAM DEFAULT CHARSET=utf8;

--
-- Dumping data for table `category_to_store`
--

INSERT INTO `category_to_store` VALUES(17, 0);
INSERT INTO `category_to_store` VALUES(18, 0);
INSERT INTO `category_to_store` VALUES(20, 0);
INSERT INTO `category_to_store` VALUES(24, 0);
INSERT INTO `category_to_store` VALUES(25, 0);
INSERT INTO `category_to_store` VALUES(26, 0);
INSERT INTO `category_to_store` VALUES(27, 0);
INSERT INTO `category_to_store` VALUES(28, 0);
INSERT INTO `category_to_store` VALUES(29, 0);
INSERT INTO `category_to_store` VALUES(30, 0);
INSERT INTO `category_to_store` VALUES(31, 0);
INSERT INTO `category_to_store` VALUES(32, 0);
INSERT INTO `category_to_store` VALUES(33, 0);
INSERT INTO `category_to_store` VALUES(34, 0);
INSERT INTO `category_to_store` VALUES(35, 0);
INSERT INTO `category_to_store` VALUES(36, 0);
INSERT INTO `category_to_store` VALUES(37, 0);
INSERT INTO `category_to_store` VALUES(38, 0);
INSERT INTO `category_to_store` VALUES(39, 0);
INSERT INTO `category_to_store` VALUES(40, 0);
INSERT INTO `category_to_store` VALUES(41, 0);
INSERT INTO `category_to_store` VALUES(42, 0);
INSERT INTO `category_to_store` VALUES(43, 0);
INSERT INTO `category_to_store` VALUES(44, 0);
INSERT INTO `category_to_store` VALUES(45, 0);
INSERT INTO `category_to_store` VALUES(46, 0);
INSERT INTO `category_to_store` VALUES(47, 0);
INSERT INTO `category_to_store` VALUES(48, 0);
INSERT INTO `category_to_store` VALUES(49, 0);
INSERT INTO `category_to_store` VALUES(50, 0);
INSERT INTO `category_to_store` VALUES(51, 0);
INSERT INTO `category_to_store` VALUES(52, 0);
INSERT INTO `category_to_store` VALUES(53, 0);
INSERT INTO `category_to_store` VALUES(54, 0);
INSERT INTO `category_to_store` VALUES(55, 0);
INSERT INTO `category_to_store` VALUES(56, 0);
INSERT INTO `category_to_store` VALUES(57, 0);
INSERT INTO `category_to_store` VALUES(58, 0);

-- --------------------------------------------------------

--
-- Table structure for table `country`
--

CREATE TABLE `country` (
  `country_id` int(11) NOT NULL AUTO_INCREMENT,
  `name` varchar(128) NOT NULL,
  `iso_code_2` varchar(2) NOT NULL,
  `iso_code_3` varchar(3) NOT NULL,
  `address_format` text NOT NULL,
  `postcode_required` tinyint(1) NOT NULL,
  `status` tinyint(1) NOT NULL DEFAULT '1',
  PRIMARY KEY (`country_id`)
) ENGINE=MyISAM  DEFAULT CHARSET=utf8 AUTO_INCREMENT=258 ;

--
-- Dumping data for table `country`
--

INSERT INTO `country` VALUES(1, 'Afghanistan', 'AF', 'AFG', '', 0, 1);
INSERT INTO `country` VALUES(2, 'Albania', 'AL', 'ALB', '', 0, 1);
INSERT INTO `country` VALUES(3, 'Algeria', 'DZ', 'DZA', '', 0, 1);
INSERT INTO `country` VALUES(4, 'American Samoa', 'AS', 'ASM', '', 0, 1);
INSERT INTO `country` VALUES(5, 'Andorra', 'AD', 'AND', '', 0, 1);
INSERT INTO `country` VALUES(6, 'Angola', 'AO', 'AGO', '', 0, 1);
INSERT INTO `country` VALUES(7, 'Anguilla', 'AI', 'AIA', '', 0, 1);
INSERT INTO `country` VALUES(8, 'Antarctica', 'AQ', 'ATA', '', 0, 1);
INSERT INTO `country` VALUES(9, 'Antigua and Barbuda', 'AG', 'ATG', '', 0, 1);
INSERT INTO `country` VALUES(10, 'Argentina', 'AR', 'ARG', '', 0, 1);
INSERT INTO `country` VALUES(11, 'Armenia', 'AM', 'ARM', '', 0, 1);
INSERT INTO `country` VALUES(12, 'Aruba', 'AW', 'ABW', '', 0, 1);
INSERT INTO `country` VALUES(13, 'Australia', 'AU', 'AUS', '', 0, 1);
INSERT INTO `country` VALUES(14, 'Austria', 'AT', 'AUT', '', 0, 1);
INSERT INTO `country` VALUES(15, 'Azerbaijan', 'AZ', 'AZE', '', 0, 1);
INSERT INTO `country` VALUES(16, 'Bahamas', 'BS', 'BHS', '', 0, 1);
INSERT INTO `country` VALUES(17, 'Bahrain', 'BH', 'BHR', '', 0, 1);
INSERT INTO `country` VALUES(18, 'Bangladesh', 'BD', 'BGD', '', 0, 1);
INSERT INTO `country` VALUES(19, 'Barbados', 'BB', 'BRB', '', 0, 1);
INSERT INTO `country` VALUES(20, 'Belarus', 'BY', 'BLR', '', 0, 1);
INSERT INTO `country` VALUES(21, 'Belgium', 'BE', 'BEL', '{firstname} {lastname}\r\n{company}\r\n{address_1}\r\n{address_2}\r\n{postcode} {city}\r\n{country}', 0, 1);
INSERT INTO `country` VALUES(22, 'Belize', 'BZ', 'BLZ', '', 0, 1);
INSERT INTO `country` VALUES(23, 'Benin', 'BJ', 'BEN', '', 0, 1);
INSERT INTO `country` VALUES(24, 'Bermuda', 'BM', 'BMU', '', 0, 1);
INSERT INTO `country` VALUES(25, 'Bhutan', 'BT', 'BTN', '', 0, 1);
INSERT INTO `country` VALUES(26, 'Bolivia', 'BO', 'BOL', '', 0, 1);
INSERT INTO `country` VALUES(27, 'Bosnia and Herzegovina', 'BA', 'BIH', '', 0, 1);
INSERT INTO `country` VALUES(28, 'Botswana', 'BW', 'BWA', '', 0, 1);
INSERT INTO `country` VALUES(29, 'Bouvet Island', 'BV', 'BVT', '', 0, 1);
INSERT INTO `country` VALUES(30, 'Brazil', 'BR', 'BRA', '', 0, 1);
INSERT INTO `country` VALUES(31, 'British Indian Ocean Territory', 'IO', 'IOT', '', 0, 1);
INSERT INTO `country` VALUES(32, 'Brunei Darussalam', 'BN', 'BRN', '', 0, 1);
INSERT INTO `country` VALUES(33, 'Bulgaria', 'BG', 'BGR', '', 0, 1);
INSERT INTO `country` VALUES(34, 'Burkina Faso', 'BF', 'BFA', '', 0, 1);
INSERT INTO `country` VALUES(35, 'Burundi', 'BI', 'BDI', '', 0, 1);
INSERT INTO `country` VALUES(36, 'Cambodia', 'KH', 'KHM', '', 0, 1);
INSERT INTO `country` VALUES(37, 'Cameroon', 'CM', 'CMR', '', 0, 1);
INSERT INTO `country` VALUES(38, 'Canada', 'CA', 'CAN', '', 0, 1);
INSERT INTO `country` VALUES(39, 'Cape Verde', 'CV', 'CPV', '', 0, 1);
INSERT INTO `country` VALUES(40, 'Cayman Islands', 'KY', 'CYM', '', 0, 1);
INSERT INTO `country` VALUES(41, 'Central African Republic', 'CF', 'CAF', '', 0, 1);
INSERT INTO `country` VALUES(42, 'Chad', 'TD', 'TCD', '', 0, 1);
INSERT INTO `country` VALUES(43, 'Chile', 'CL', 'CHL', '', 0, 1);
INSERT INTO `country` VALUES(44, 'China', 'CN', 'CHN', '', 0, 1);
INSERT INTO `country` VALUES(45, 'Christmas Island', 'CX', 'CXR', '', 0, 1);
INSERT INTO `country` VALUES(46, 'Cocos (Keeling) Islands', 'CC', 'CCK', '', 0, 1);
INSERT INTO `country` VALUES(47, 'Colombia', 'CO', 'COL', '', 0, 1);
INSERT INTO `country` VALUES(48, 'Comoros', 'KM', 'COM', '', 0, 1);
INSERT INTO `country` VALUES(49, 'Congo', 'CG', 'COG', '', 0, 1);
INSERT INTO `country` VALUES(50, 'Cook Islands', 'CK', 'COK', '', 0, 1);
INSERT INTO `country` VALUES(51, 'Costa Rica', 'CR', 'CRI', '', 0, 1);
INSERT INTO `country` VALUES(52, 'Cote D''Ivoire', 'CI', 'CIV', '', 0, 1);
INSERT INTO `country` VALUES(53, 'Croatia', 'HR', 'HRV', '', 0, 1);
INSERT INTO `country` VALUES(54, 'Cuba', 'CU', 'CUB', '', 0, 1);
INSERT INTO `country` VALUES(55, 'Cyprus', 'CY', 'CYP', '', 0, 1);
INSERT INTO `country` VALUES(56, 'Czech Republic', 'CZ', 'CZE', '', 0, 1);
INSERT INTO `country` VALUES(57, 'Denmark', 'DK', 'DNK', '', 0, 1);
INSERT INTO `country` VALUES(58, 'Djibouti', 'DJ', 'DJI', '', 0, 1);
INSERT INTO `country` VALUES(59, 'Dominica', 'DM', 'DMA', '', 0, 1);
INSERT INTO `country` VALUES(60, 'Dominican Republic', 'DO', 'DOM', '', 0, 1);
INSERT INTO `country` VALUES(61, 'East Timor', 'TL', 'TLS', '', 0, 1);
INSERT INTO `country` VALUES(62, 'Ecuador', 'EC', 'ECU', '', 0, 1);
INSERT INTO `country` VALUES(63, 'Egypt', 'EG', 'EGY', '', 0, 1);
INSERT INTO `country` VALUES(64, 'El Salvador', 'SV', 'SLV', '', 0, 1);
INSERT INTO `country` VALUES(65, 'Equatorial Guinea', 'GQ', 'GNQ', '', 0, 1);
INSERT INTO `country` VALUES(66, 'Eritrea', 'ER', 'ERI', '', 0, 1);
INSERT INTO `country` VALUES(67, 'Estonia', 'EE', 'EST', '', 0, 1);
INSERT INTO `country` VALUES(68, 'Ethiopia', 'ET', 'ETH', '', 0, 1);
INSERT INTO `country` VALUES(69, 'Falkland Islands (Malvinas)', 'FK', 'FLK', '', 0, 1);
INSERT INTO `country` VALUES(70, 'Faroe Islands', 'FO', 'FRO', '', 0, 1);
INSERT INTO `country` VALUES(71, 'Fiji', 'FJ', 'FJI', '', 0, 1);
INSERT INTO `country` VALUES(72, 'Finland', 'FI', 'FIN', '', 0, 1);
INSERT INTO `country` VALUES(74, 'France, Metropolitan', 'FR', 'FRA', '{firstname} {lastname}\r\n{company}\r\n{address_1}\r\n{address_2}\r\n{postcode} {city}\r\n{country}', 1, 1);
INSERT INTO `country` VALUES(75, 'French Guiana', 'GF', 'GUF', '', 0, 1);
INSERT INTO `country` VALUES(76, 'French Polynesia', 'PF', 'PYF', '', 0, 1);
INSERT INTO `country` VALUES(77, 'French Southern Territories', 'TF', 'ATF', '', 0, 1);
INSERT INTO `country` VALUES(78, 'Gabon', 'GA', 'GAB', '', 0, 1);
INSERT INTO `country` VALUES(79, 'Gambia', 'GM', 'GMB', '', 0, 1);
INSERT INTO `country` VALUES(80, 'Georgia', 'GE', 'GEO', '', 0, 1);
INSERT INTO `country` VALUES(81, 'Germany', 'DE', 'DEU', '{company}\r\n{firstname} {lastname}\r\n{address_1}\r\n{address_2}\r\n{postcode} {city}\r\n{country}', 1, 1);
INSERT INTO `country` VALUES(82, 'Ghana', 'GH', 'GHA', '', 0, 1);
INSERT INTO `country` VALUES(83, 'Gibraltar', 'GI', 'GIB', '', 0, 1);
INSERT INTO `country` VALUES(84, 'Greece', 'GR', 'GRC', '', 0, 1);
INSERT INTO `country` VALUES(85, 'Greenland', 'GL', 'GRL', '', 0, 1);
INSERT INTO `country` VALUES(86, 'Grenada', 'GD', 'GRD', '', 0, 1);
INSERT INTO `country` VALUES(87, 'Guadeloupe', 'GP', 'GLP', '', 0, 1);
INSERT INTO `country` VALUES(88, 'Guam', 'GU', 'GUM', '', 0, 1);
INSERT INTO `country` VALUES(89, 'Guatemala', 'GT', 'GTM', '', 0, 1);
INSERT INTO `country` VALUES(90, 'Guinea', 'GN', 'GIN', '', 0, 1);
INSERT INTO `country` VALUES(91, 'Guinea-Bissau', 'GW', 'GNB', '', 0, 1);
INSERT INTO `country` VALUES(92, 'Guyana', 'GY', 'GUY', '', 0, 1);
INSERT INTO `country` VALUES(93, 'Haiti', 'HT', 'HTI', '', 0, 1);
INSERT INTO `country` VALUES(94, 'Heard and Mc Donald Islands', 'HM', 'HMD', '', 0, 1);
INSERT INTO `country` VALUES(95, 'Honduras', 'HN', 'HND', '', 0, 1);
INSERT INTO `country` VALUES(96, 'Hong Kong', 'HK', 'HKG', '', 0, 1);
INSERT INTO `country` VALUES(97, 'Hungary', 'HU', 'HUN', '', 0, 1);
INSERT INTO `country` VALUES(98, 'Iceland', 'IS', 'ISL', '', 0, 1);
INSERT INTO `country` VALUES(99, 'India', 'IN', 'IND', '', 0, 1);
INSERT INTO `country` VALUES(100, 'Indonesia', 'ID', 'IDN', '', 0, 1);
INSERT INTO `country` VALUES(101, 'Iran (Islamic Republic of)', 'IR', 'IRN', '', 0, 1);
INSERT INTO `country` VALUES(102, 'Iraq', 'IQ', 'IRQ', '', 0, 1);
INSERT INTO `country` VALUES(103, 'Ireland', 'IE', 'IRL', '', 0, 1);
INSERT INTO `country` VALUES(104, 'Israel', 'IL', 'ISR', '', 0, 1);
INSERT INTO `country` VALUES(105, 'Italy', 'IT', 'ITA', '', 0, 1);
INSERT INTO `country` VALUES(106, 'Jamaica', 'JM', 'JAM', '', 0, 1);
INSERT INTO `country` VALUES(107, 'Japan', 'JP', 'JPN', '', 0, 1);
INSERT INTO `country` VALUES(108, 'Jordan', 'JO', 'JOR', '', 0, 1);
INSERT INTO `country` VALUES(109, 'Kazakhstan', 'KZ', 'KAZ', '', 0, 1);
INSERT INTO `country` VALUES(110, 'Kenya', 'KE', 'KEN', '', 0, 1);
INSERT INTO `country` VALUES(111, 'Kiribati', 'KI', 'KIR', '', 0, 1);
INSERT INTO `country` VALUES(112, 'North Korea', 'KP', 'PRK', '', 0, 1);
INSERT INTO `country` VALUES(113, 'South Korea', 'KR', 'KOR', '', 0, 1);
INSERT INTO `country` VALUES(114, 'Kuwait', 'KW', 'KWT', '', 0, 1);
INSERT INTO `country` VALUES(115, 'Kyrgyzstan', 'KG', 'KGZ', '', 0, 1);
INSERT INTO `country` VALUES(116, 'Lao People''s Democratic Republic', 'LA', 'LAO', '', 0, 1);
INSERT INTO `country` VALUES(117, 'Latvia', 'LV', 'LVA', '', 0, 1);
INSERT INTO `country` VALUES(118, 'Lebanon', 'LB', 'LBN', '', 0, 1);
INSERT INTO `country` VALUES(119, 'Lesotho', 'LS', 'LSO', '', 0, 1);
INSERT INTO `country` VALUES(120, 'Liberia', 'LR', 'LBR', '', 0, 1);
INSERT INTO `country` VALUES(121, 'Libyan Arab Jamahiriya', 'LY', 'LBY', '', 0, 1);
INSERT INTO `country` VALUES(122, 'Liechtenstein', 'LI', 'LIE', '', 0, 1);
INSERT INTO `country` VALUES(123, 'Lithuania', 'LT', 'LTU', '', 0, 1);
INSERT INTO `country` VALUES(124, 'Luxembourg', 'LU', 'LUX', '', 0, 1);
INSERT INTO `country` VALUES(125, 'Macau', 'MO', 'MAC', '', 0, 1);
INSERT INTO `country` VALUES(126, 'FYROM', 'MK', 'MKD', '', 0, 1);
INSERT INTO `country` VALUES(127, 'Madagascar', 'MG', 'MDG', '', 0, 1);
INSERT INTO `country` VALUES(128, 'Malawi', 'MW', 'MWI', '', 0, 1);
INSERT INTO `country` VALUES(129, 'Malaysia', 'MY', 'MYS', '', 0, 1);
INSERT INTO `country` VALUES(130, 'Maldives', 'MV', 'MDV', '', 0, 1);
INSERT INTO `country` VALUES(131, 'Mali', 'ML', 'MLI', '', 0, 1);
INSERT INTO `country` VALUES(132, 'Malta', 'MT', 'MLT', '', 0, 1);
INSERT INTO `country` VALUES(133, 'Marshall Islands', 'MH', 'MHL', '', 0, 1);
INSERT INTO `country` VALUES(134, 'Martinique', 'MQ', 'MTQ', '', 0, 1);
INSERT INTO `country` VALUES(135, 'Mauritania', 'MR', 'MRT', '', 0, 1);
INSERT INTO `country` VALUES(136, 'Mauritius', 'MU', 'MUS', '', 0, 1);
INSERT INTO `country` VALUES(137, 'Mayotte', 'YT', 'MYT', '', 0, 1);
INSERT INTO `country` VALUES(138, 'Mexico', 'MX', 'MEX', '', 0, 1);
INSERT INTO `country` VALUES(139, 'Micronesia, Federated States of', 'FM', 'FSM', '', 0, 1);
INSERT INTO `country` VALUES(140, 'Moldova, Republic of', 'MD', 'MDA', '', 0, 1);
INSERT INTO `country` VALUES(141, 'Monaco', 'MC', 'MCO', '', 0, 1);
INSERT INTO `country` VALUES(142, 'Mongolia', 'MN', 'MNG', '', 0, 1);
INSERT INTO `country` VALUES(143, 'Montserrat', 'MS', 'MSR', '', 0, 1);
INSERT INTO `country` VALUES(144, 'Morocco', 'MA', 'MAR', '', 0, 1);
INSERT INTO `country` VALUES(145, 'Mozambique', 'MZ', 'MOZ', '', 0, 1);
INSERT INTO `country` VALUES(146, 'Myanmar', 'MM', 'MMR', '', 0, 1);
INSERT INTO `country` VALUES(147, 'Namibia', 'NA', 'NAM', '', 0, 1);
INSERT INTO `country` VALUES(148, 'Nauru', 'NR', 'NRU', '', 0, 1);
INSERT INTO `country` VALUES(149, 'Nepal', 'NP', 'NPL', '', 0, 1);
INSERT INTO `country` VALUES(150, 'Netherlands', 'NL', 'NLD', '', 0, 1);
INSERT INTO `country` VALUES(151, 'Netherlands Antilles', 'AN', 'ANT', '', 0, 1);
INSERT INTO `country` VALUES(152, 'New Caledonia', 'NC', 'NCL', '', 0, 1);
INSERT INTO `country` VALUES(153, 'New Zealand', 'NZ', 'NZL', '', 0, 1);
INSERT INTO `country` VALUES(154, 'Nicaragua', 'NI', 'NIC', '', 0, 1);
INSERT INTO `country` VALUES(155, 'Niger', 'NE', 'NER', '', 0, 1);
INSERT INTO `country` VALUES(156, 'Nigeria', 'NG', 'NGA', '', 0, 1);
INSERT INTO `country` VALUES(157, 'Niue', 'NU', 'NIU', '', 0, 1);
INSERT INTO `country` VALUES(158, 'Norfolk Island', 'NF', 'NFK', '', 0, 1);
INSERT INTO `country` VALUES(159, 'Northern Mariana Islands', 'MP', 'MNP', '', 0, 1);
INSERT INTO `country` VALUES(160, 'Norway', 'NO', 'NOR', '', 0, 1);
INSERT INTO `country` VALUES(161, 'Oman', 'OM', 'OMN', '', 0, 1);
INSERT INTO `country` VALUES(162, 'Pakistan', 'PK', 'PAK', '', 0, 1);
INSERT INTO `country` VALUES(163, 'Palau', 'PW', 'PLW', '', 0, 1);
INSERT INTO `country` VALUES(164, 'Panama', 'PA', 'PAN', '', 0, 1);
INSERT INTO `country` VALUES(165, 'Papua New Guinea', 'PG', 'PNG', '', 0, 1);
INSERT INTO `country` VALUES(166, 'Paraguay', 'PY', 'PRY', '', 0, 1);
INSERT INTO `country` VALUES(167, 'Peru', 'PE', 'PER', '', 0, 1);
INSERT INTO `country` VALUES(168, 'Philippines', 'PH', 'PHL', '', 0, 1);
INSERT INTO `country` VALUES(169, 'Pitcairn', 'PN', 'PCN', '', 0, 1);
INSERT INTO `country` VALUES(170, 'Poland', 'PL', 'POL', '', 0, 1);
INSERT INTO `country` VALUES(171, 'Portugal', 'PT', 'PRT', '', 0, 1);
INSERT INTO `country` VALUES(172, 'Puerto Rico', 'PR', 'PRI', '', 0, 1);
INSERT INTO `country` VALUES(173, 'Qatar', 'QA', 'QAT', '', 0, 1);
INSERT INTO `country` VALUES(174, 'Reunion', 'RE', 'REU', '', 0, 1);
INSERT INTO `country` VALUES(175, 'Romania', 'RO', 'ROM', '', 0, 1);
INSERT INTO `country` VALUES(176, 'Russian Federation', 'RU', 'RUS', '', 0, 1);
INSERT INTO `country` VALUES(177, 'Rwanda', 'RW', 'RWA', '', 0, 1);
INSERT INTO `country` VALUES(178, 'Saint Kitts and Nevis', 'KN', 'KNA', '', 0, 1);
INSERT INTO `country` VALUES(179, 'Saint Lucia', 'LC', 'LCA', '', 0, 1);
INSERT INTO `country` VALUES(180, 'Saint Vincent and the Grenadines', 'VC', 'VCT', '', 0, 1);
INSERT INTO `country` VALUES(181, 'Samoa', 'WS', 'WSM', '', 0, 1);
INSERT INTO `country` VALUES(182, 'San Marino', 'SM', 'SMR', '', 0, 1);
INSERT INTO `country` VALUES(183, 'Sao Tome and Principe', 'ST', 'STP', '', 0, 1);
INSERT INTO `country` VALUES(184, 'Saudi Arabia', 'SA', 'SAU', '', 0, 1);
INSERT INTO `country` VALUES(185, 'Senegal', 'SN', 'SEN', '', 0, 1);
INSERT INTO `country` VALUES(186, 'Seychelles', 'SC', 'SYC', '', 0, 1);
INSERT INTO `country` VALUES(187, 'Sierra Leone', 'SL', 'SLE', '', 0, 1);
INSERT INTO `country` VALUES(188, 'Singapore', 'SG', 'SGP', '', 0, 1);
INSERT INTO `country` VALUES(189, 'Slovak Republic', 'SK', 'SVK', '{firstname} {lastname}\r\n{company}\r\n{address_1}\r\n{address_2}\r\n{city} {postcode}\r\n{zone}\r\n{country}', 0, 1);
INSERT INTO `country` VALUES(190, 'Slovenia', 'SI', 'SVN', '', 0, 1);
INSERT INTO `country` VALUES(191, 'Solomon Islands', 'SB', 'SLB', '', 0, 1);
INSERT INTO `country` VALUES(192, 'Somalia', 'SO', 'SOM', '', 0, 1);
INSERT INTO `country` VALUES(193, 'South Africa', 'ZA', 'ZAF', '', 0, 1);
INSERT INTO `country` VALUES(194, 'South Georgia &amp; South Sandwich Islands', 'GS', 'SGS', '', 0, 1);
INSERT INTO `country` VALUES(195, 'Spain', 'ES', 'ESP', '', 0, 1);
INSERT INTO `country` VALUES(196, 'Sri Lanka', 'LK', 'LKA', '', 0, 1);
INSERT INTO `country` VALUES(197, 'St. Helena', 'SH', 'SHN', '', 0, 1);
INSERT INTO `country` VALUES(198, 'St. Pierre and Miquelon', 'PM', 'SPM', '', 0, 1);
INSERT INTO `country` VALUES(199, 'Sudan', 'SD', 'SDN', '', 0, 1);
INSERT INTO `country` VALUES(200, 'Suriname', 'SR', 'SUR', '', 0, 1);
INSERT INTO `country` VALUES(201, 'Svalbard and Jan Mayen Islands', 'SJ', 'SJM', '', 0, 1);
INSERT INTO `country` VALUES(202, 'Swaziland', 'SZ', 'SWZ', '', 0, 1);
INSERT INTO `country` VALUES(203, 'Sweden', 'SE', 'SWE', '{company}\r\n{firstname} {lastname}\r\n{address_1}\r\n{address_2}\r\n{postcode} {city}\r\n{country}', 1, 1);
INSERT INTO `country` VALUES(204, 'Switzerland', 'CH', 'CHE', '', 0, 1);
INSERT INTO `country` VALUES(205, 'Syrian Arab Republic', 'SY', 'SYR', '', 0, 1);
INSERT INTO `country` VALUES(206, 'Taiwan', 'TW', 'TWN', '', 0, 1);
INSERT INTO `country` VALUES(207, 'Tajikistan', 'TJ', 'TJK', '', 0, 1);
INSERT INTO `country` VALUES(208, 'Tanzania, United Republic of', 'TZ', 'TZA', '', 0, 1);
INSERT INTO `country` VALUES(209, 'Thailand', 'TH', 'THA', '', 0, 1);
INSERT INTO `country` VALUES(210, 'Togo', 'TG', 'TGO', '', 0, 1);
INSERT INTO `country` VALUES(211, 'Tokelau', 'TK', 'TKL', '', 0, 1);
INSERT INTO `country` VALUES(212, 'Tonga', 'TO', 'TON', '', 0, 1);
INSERT INTO `country` VALUES(213, 'Trinidad and Tobago', 'TT', 'TTO', '', 0, 1);
INSERT INTO `country` VALUES(214, 'Tunisia', 'TN', 'TUN', '', 0, 1);
INSERT INTO `country` VALUES(215, 'Turkey', 'TR', 'TUR', '', 0, 1);
INSERT INTO `country` VALUES(216, 'Turkmenistan', 'TM', 'TKM', '', 0, 1);
INSERT INTO `country` VALUES(217, 'Turks and Caicos Islands', 'TC', 'TCA', '', 0, 1);
INSERT INTO `country` VALUES(218, 'Tuvalu', 'TV', 'TUV', '', 0, 1);
INSERT INTO `country` VALUES(219, 'Uganda', 'UG', 'UGA', '', 0, 1);
INSERT INTO `country` VALUES(220, 'Ukraine', 'UA', 'UKR', '', 0, 1);
INSERT INTO `country` VALUES(221, 'United Arab Emirates', 'AE', 'ARE', '', 0, 1);
INSERT INTO `country` VALUES(222, 'United Kingdom', 'GB', 'GBR', '', 1, 1);
INSERT INTO `country` VALUES(223, 'United States', 'US', 'USA', '{firstname} {lastname}\r\n{company}\r\n{address_1}\r\n{address_2}\r\n{city}, {zone} {postcode}\r\n{country}', 0, 1);
INSERT INTO `country` VALUES(224, 'United States Minor Outlying Islands', 'UM', 'UMI', '', 0, 1);
INSERT INTO `country` VALUES(225, 'Uruguay', 'UY', 'URY', '', 0, 1);
INSERT INTO `country` VALUES(226, 'Uzbekistan', 'UZ', 'UZB', '', 0, 1);
INSERT INTO `country` VALUES(227, 'Vanuatu', 'VU', 'VUT', '', 0, 1);
INSERT INTO `country` VALUES(228, 'Vatican City State (Holy See)', 'VA', 'VAT', '', 0, 1);
INSERT INTO `country` VALUES(229, 'Venezuela', 'VE', 'VEN', '', 0, 1);
INSERT INTO `country` VALUES(230, 'Viet Nam', 'VN', 'VNM', '', 0, 1);
INSERT INTO `country` VALUES(231, 'Virgin Islands (British)', 'VG', 'VGB', '', 0, 1);
INSERT INTO `country` VALUES(232, 'Virgin Islands (U.S.)', 'VI', 'VIR', '', 0, 1);
INSERT INTO `country` VALUES(233, 'Wallis and Futuna Islands', 'WF', 'WLF', '', 0, 1);
INSERT INTO `country` VALUES(234, 'Western Sahara', 'EH', 'ESH', '', 0, 1);
INSERT INTO `country` VALUES(235, 'Yemen', 'YE', 'YEM', '', 0, 1);
INSERT INTO `country` VALUES(237, 'Democratic Republic of Congo', 'CD', 'COD', '', 0, 1);
INSERT INTO `country` VALUES(238, 'Zambia', 'ZM', 'ZMB', '', 0, 1);
INSERT INTO `country` VALUES(239, 'Zimbabwe', 'ZW', 'ZWE', '', 0, 1);
INSERT INTO `country` VALUES(242, 'Montenegro', 'ME', 'MNE', '', 0, 1);
INSERT INTO `country` VALUES(243, 'Serbia', 'RS', 'SRB', '', 0, 1);
INSERT INTO `country` VALUES(244, 'Aaland Islands', 'AX', 'ALA', '', 0, 1);
INSERT INTO `country` VALUES(245, 'Bonaire, Sint Eustatius and Saba', 'BQ', 'BES', '', 0, 1);
INSERT INTO `country` VALUES(246, 'Curacao', 'CW', 'CUW', '', 0, 1);
INSERT INTO `country` VALUES(247, 'Palestinian Territory, Occupied', 'PS', 'PSE', '', 0, 1);
INSERT INTO `country` VALUES(248, 'South Sudan', 'SS', 'SSD', '', 0, 1);
INSERT INTO `country` VALUES(249, 'St. Barthelemy', 'BL', 'BLM', '', 0, 1);
INSERT INTO `country` VALUES(250, 'St. Martin (French part)', 'MF', 'MAF', '', 0, 1);
INSERT INTO `country` VALUES(251, 'Canary Islands', 'IC', 'ICA', '', 0, 1);
INSERT INTO `country` VALUES(252, 'Ascension Island (British)', 'AC', 'ASC', '', 0, 1);
INSERT INTO `country` VALUES(253, 'Kosovo, Republic of', 'XK', 'UNK', '', 0, 1);
INSERT INTO `country` VALUES(254, 'Isle of Man', 'IM', 'IMN', '', 0, 1);
INSERT INTO `country` VALUES(255, 'Tristan da Cunha', 'TA', 'SHN', '', 0, 1);
INSERT INTO `country` VALUES(256, 'Guernsey', 'GG', 'GGY', '', 0, 1);
INSERT INTO `country` VALUES(257, 'Jersey', 'JE', 'JEY', '', 0, 1);

-- --------------------------------------------------------

--
-- Table structure for table `coupon`
--

CREATE TABLE `coupon` (
  `coupon_id` int(11) NOT NULL AUTO_INCREMENT,
  `name` varchar(128) NOT NULL,
  `code` varchar(20) NOT NULL,
  `type` char(1) NOT NULL,
  `discount` decimal(15,4) NOT NULL,
  `logged` tinyint(1) NOT NULL,
  `shipping` tinyint(1) NOT NULL,
  `total` decimal(15,4) NOT NULL,
  `date_start` date NOT NULL DEFAULT '0000-00-00',
  `date_end` date NOT NULL DEFAULT '0000-00-00',
  `uses_total` int(11) NOT NULL,
  `uses_customer` varchar(11) NOT NULL,
  `status` tinyint(1) NOT NULL,
  `date_added` datetime NOT NULL,
  PRIMARY KEY (`coupon_id`)
) ENGINE=MyISAM  DEFAULT CHARSET=utf8 AUTO_INCREMENT=7 ;

--
-- Dumping data for table `coupon`
--

INSERT INTO `coupon` VALUES(4, '-10% Discount', '2222', 'P', 10.0000, 0, 0, 0.0000, '2014-01-01', '2020-01-01', 10, '10', 0, '2009-01-27 13:55:03');
INSERT INTO `coupon` VALUES(5, 'Free Shipping', '3333', 'P', 0.0000, 0, 1, 100.0000, '2014-01-01', '2014-02-01', 10, '10', 0, '2009-03-14 21:13:53');
INSERT INTO `coupon` VALUES(6, '-10.00 Discount', '1111', 'F', 10.0000, 0, 0, 10.0000, '2014-01-01', '2020-01-01', 100000, '10000', 0, '2009-03-14 21:15:18');

-- --------------------------------------------------------

--
-- Table structure for table `coupon_category`
--

CREATE TABLE `coupon_category` (
  `coupon_id` int(11) NOT NULL,
  `category_id` int(11) NOT NULL,
  PRIMARY KEY (`coupon_id`,`category_id`)
) ENGINE=MyISAM DEFAULT CHARSET=utf8;

--
-- Dumping data for table `coupon_category`
--


-- --------------------------------------------------------

--
-- Table structure for table `coupon_history`
--

CREATE TABLE `coupon_history` (
  `coupon_history_id` int(11) NOT NULL AUTO_INCREMENT,
  `coupon_id` int(11) NOT NULL,
  `order_id` int(11) NOT NULL,
  `customer_id` int(11) NOT NULL,
  `amount` decimal(15,4) NOT NULL,
  `date_added` datetime NOT NULL,
  PRIMARY KEY (`coupon_history_id`)
) ENGINE=MyISAM DEFAULT CHARSET=utf8 AUTO_INCREMENT=1 ;

--
-- Dumping data for table `coupon_history`
--


-- --------------------------------------------------------

--
-- Table structure for table `coupon_product`
--

CREATE TABLE `coupon_product` (
  `coupon_product_id` int(11) NOT NULL AUTO_INCREMENT,
  `coupon_id` int(11) NOT NULL,
  `product_id` int(11) NOT NULL,
  PRIMARY KEY (`coupon_product_id`)
) ENGINE=MyISAM DEFAULT CHARSET=utf8 AUTO_INCREMENT=1 ;

--
-- Dumping data for table `coupon_product`
--


-- --------------------------------------------------------

--
-- Table structure for table `currency`
--

CREATE TABLE `currency` (
  `currency_id` int(11) NOT NULL AUTO_INCREMENT,
  `title` varchar(32) NOT NULL,
  `code` varchar(3) NOT NULL,
  `symbol_left` varchar(12) NOT NULL,
  `symbol_right` varchar(12) NOT NULL,
  `decimal_place` char(1) NOT NULL,
  `value` float(15,8) NOT NULL,
  `status` tinyint(1) NOT NULL,
  `date_modified` datetime NOT NULL,
  PRIMARY KEY (`currency_id`)
) ENGINE=MyISAM  DEFAULT CHARSET=utf8 AUTO_INCREMENT=4 ;

--
-- Dumping data for table `currency`
--

INSERT INTO `currency` VALUES(1, 'Pound Sterling', 'GBP', '', '', '2', 0.79369998, 1, '2016-11-13 08:34:53');
INSERT INTO `currency` VALUES(2, 'US Dollar', 'USD', '$', '', '2', 1.00000000, 1, '2017-12-08 17:44:07');
INSERT INTO `currency` VALUES(3, 'Euro', 'EUR', '', '', '2', 0.92100000, 1, '2016-11-13 08:34:53');

-- --------------------------------------------------------

--
-- Table structure for table `customer`
--

CREATE TABLE `customer` (
  `customer_id` int(11) NOT NULL AUTO_INCREMENT,
  `customer_group_id` int(11) NOT NULL,
  `store_id` int(11) NOT NULL DEFAULT '0',
  `language_id` int(11) NOT NULL,
  `firstname` varchar(32) NOT NULL,
  `lastname` varchar(32) NOT NULL,
  `email` varchar(96) NOT NULL,
  `telephone` varchar(32) NOT NULL,
  `fax` varchar(32) NOT NULL,
  `password` varchar(40) NOT NULL,
  `salt` varchar(9) NOT NULL,
  `cart` text,
  `wishlist` text,
  `newsletter` tinyint(1) NOT NULL DEFAULT '0',
  `address_id` int(11) NOT NULL DEFAULT '0',
  `custom_field` text NOT NULL,
  `ip` varchar(40) NOT NULL,
  `status` tinyint(1) NOT NULL,
  `approved` tinyint(1) NOT NULL,
  `safe` tinyint(1) NOT NULL,
  `token` text NOT NULL,
  `code` varchar(40) NOT NULL,
  `date_added` datetime NOT NULL,
  PRIMARY KEY (`customer_id`)
) ENGINE=MyISAM  DEFAULT CHARSET=utf8 AUTO_INCREMENT=18 ;

--
-- Dumping data for table `customer`
--

INSERT INTO `customer` VALUES(1, 1, 0, 1, 'Denis', 'Machado', 'dm', '1111111111111111', '123456', '2dc23628afc4aa16ff2f71fa2a939b66cc5c4cb7', 'nLFDnDxmB', NULL, NULL, 0, 0, '[]', '184.146.143.132', 1, 1, 0, '', '', '2016-10-03 16:26:46');
INSERT INTO `customer` VALUES(7, 1, 0, 1, 'Isaas', 'Pereira', 'isaias', '1111', '', 'c9f9a615fe95ebb38f00b484a32028bc7671acaa', '1uV8I8XsE', NULL, NULL, 0, 0, '[]', '24.114.67.36', 1, 1, 0, '', '', '2016-10-05 19:59:53');
INSERT INTO `customer` VALUES(8, 1, 0, 1, 'Liliane', 'Caramel', 'liliane', '1111', '', 'fac51db5695433be31c8f23e9baab910a1297fea', '8CLcpehsk', NULL, NULL, 0, 0, '[]', '24.114.64.103', 1, 1, 0, '', '', '2016-10-05 20:00:24');
INSERT INTO `customer` VALUES(10, 1, 0, 1, 'Filipe', 'Reis', 'filipe', '11111', '', 'b048ad890f38b63400aeb05cc324b53d992eb470', 'IZWgSMftP', NULL, NULL, 0, 0, '[]', '184.151.179.201', 1, 1, 0, '', '', '2016-10-05 20:01:34');
INSERT INTO `customer` VALUES(11, 1, 0, 1, 'Lucas', 'Borges', 'lucas', '1111', '', '1514c3a903fa225f068e222c941ebba8b0582e42', 'czFiCvq9X', NULL, NULL, 0, 0, '[]', '24.114.58.166', 1, 1, 0, '', '', '2016-10-05 20:02:18');
INSERT INTO `customer` VALUES(13, 1, 0, 1, 'Simone', 'Dias', 'simone', '1111', '', '8aeeabee4c587b58667b29e54e3ac2346fa6ac64', 'TWQG5M34k', NULL, NULL, 0, 0, '[]', '24.114.64.170', 0, 1, 0, '', '', '2016-10-05 20:03:10');
INSERT INTO `customer` VALUES(17, 1, 0, 1, 'Antoinette', 'AA', 'antoinette', '123456789', '', '89ce5261d432ec82a7887538439fd019ff75acfd', 'Yr6c2MQZW', NULL, NULL, 1, 0, '[]', '184.146.143.132', 1, 1, 0, '', '', '2017-11-22 20:01:56');
INSERT INTO `customer` VALUES(15, 1, 0, 1, 'Paulo', 'Viana', 'paulo', '1111', '', 'a1defd53cee28c7be869ea14e4f9cb1921fd2ac1', 'RdbGVwA7b', NULL, NULL, 0, 0, '[]', '24.114.64.113', 1, 1, 0, '', '', '2016-11-13 08:36:34');
INSERT INTO `customer` VALUES(16, 1, 0, 1, 'Eliane', 'Veiga', 'eliane', '11111111111', '', 'e103a87dfabb74308f2485d652ba8706e3462a57', 'adrbvWFaZ', NULL, NULL, 0, 0, '[]', '199.119.233.209', 1, 1, 0, '', '', '2016-11-13 08:45:35');

-- --------------------------------------------------------

--
-- Table structure for table `customer_activity`
--

CREATE TABLE `customer_activity` (
  `customer_activity_id` int(11) NOT NULL AUTO_INCREMENT,
  `customer_id` int(11) NOT NULL,
  `key` varchar(64) NOT NULL,
  `data` text NOT NULL,
  `ip` varchar(40) NOT NULL,
  `date_added` datetime NOT NULL,
  PRIMARY KEY (`customer_activity_id`)
) ENGINE=MyISAM DEFAULT CHARSET=utf8 AUTO_INCREMENT=1 ;

--
-- Dumping data for table `customer_activity`
--


-- --------------------------------------------------------

--
-- Table structure for table `customer_group`
--

CREATE TABLE `customer_group` (
  `customer_group_id` int(11) NOT NULL AUTO_INCREMENT,
  `approval` int(1) NOT NULL,
  `sort_order` int(3) NOT NULL,
  PRIMARY KEY (`customer_group_id`)
) ENGINE=MyISAM  DEFAULT CHARSET=utf8 AUTO_INCREMENT=2 ;

--
-- Dumping data for table `customer_group`
--

INSERT INTO `customer_group` VALUES(1, 0, 1);

-- --------------------------------------------------------

--
-- Table structure for table `customer_group_description`
--

CREATE TABLE `customer_group_description` (
  `customer_group_id` int(11) NOT NULL,
  `language_id` int(11) NOT NULL,
  `name` varchar(32) NOT NULL,
  `description` text NOT NULL,
  PRIMARY KEY (`customer_group_id`,`language_id`)
) ENGINE=MyISAM DEFAULT CHARSET=utf8;

--
-- Dumping data for table `customer_group_description`
--

INSERT INTO `customer_group_description` VALUES(1, 1, 'Default', 'test');

-- --------------------------------------------------------

--
-- Table structure for table `customer_history`
--

CREATE TABLE `customer_history` (
  `customer_history_id` int(11) NOT NULL AUTO_INCREMENT,
  `customer_id` int(11) NOT NULL,
  `comment` text NOT NULL,
  `date_added` datetime NOT NULL,
  PRIMARY KEY (`customer_history_id`)
) ENGINE=MyISAM DEFAULT CHARSET=utf8 AUTO_INCREMENT=1 ;

--
-- Dumping data for table `customer_history`
--


-- --------------------------------------------------------

--
-- Table structure for table `customer_ip`
--

CREATE TABLE `customer_ip` (
  `customer_ip_id` int(11) NOT NULL AUTO_INCREMENT,
  `customer_id` int(11) NOT NULL,
  `ip` varchar(40) NOT NULL,
  `date_added` datetime NOT NULL,
  PRIMARY KEY (`customer_ip_id`),
  KEY `ip` (`ip`)
) ENGINE=MyISAM  DEFAULT CHARSET=utf8 AUTO_INCREMENT=101 ;

--
-- Dumping data for table `customer_ip`
--

INSERT INTO `customer_ip` VALUES(1, 1, '::1', '2016-10-03 16:27:20');
INSERT INTO `customer_ip` VALUES(2, 1, '99.231.34.209', '2016-10-05 09:09:40');
INSERT INTO `customer_ip` VALUES(4, 1, '76.65.20.180', '2016-10-05 19:29:51');
INSERT INTO `customer_ip` VALUES(6, 1, '184.146.144.206', '2016-10-23 07:06:59');
INSERT INTO `customer_ip` VALUES(61, 8, '24.114.64.13', '2017-11-19 08:29:54');
INSERT INTO `customer_ip` VALUES(97, 8, '184.146.143.132', '2017-12-01 17:51:58');
INSERT INTO `customer_ip` VALUES(11, 8, '184.146.144.206', '2016-10-23 07:13:09');
INSERT INTO `customer_ip` VALUES(72, 13, '24.114.76.251', '2017-11-19 10:09:22');
INSERT INTO `customer_ip` VALUES(96, 1, '209.171.88.117', '2017-12-01 17:51:06');
INSERT INTO `customer_ip` VALUES(14, 13, '184.151.190.99', '2016-10-23 07:16:04');
INSERT INTO `customer_ip` VALUES(15, 10, '184.146.144.206', '2016-10-23 07:16:30');
INSERT INTO `customer_ip` VALUES(16, 11, '24.114.49.188', '2016-10-23 07:21:14');
INSERT INTO `customer_ip` VALUES(17, 7, '184.146.144.206', '2016-10-23 07:21:22');
INSERT INTO `customer_ip` VALUES(95, 17, '184.146.143.132', '2017-12-01 17:50:30');
INSERT INTO `customer_ip` VALUES(19, 10, '199.119.233.217', '2016-10-23 07:25:06');
INSERT INTO `customer_ip` VALUES(71, 15, '24.114.75.144', '2017-11-19 10:06:14');
INSERT INTO `customer_ip` VALUES(51, 1, '24.114.57.113', '2016-11-13 08:48:57');
INSERT INTO `customer_ip` VALUES(23, 1, '24.114.67.94', '2016-10-23 10:53:09');
INSERT INTO `customer_ip` VALUES(67, 7, '24.114.79.84', '2017-11-19 08:36:13');
INSERT INTO `customer_ip` VALUES(25, 1, '24.114.66.180', '2016-11-06 07:18:50');
INSERT INTO `customer_ip` VALUES(70, 10, '184.151.179.201', '2017-11-19 10:05:51');
INSERT INTO `customer_ip` VALUES(66, 7, '64.228.94.13', '2017-11-19 08:34:37');
INSERT INTO `customer_ip` VALUES(28, 10, '64.231.24.37', '2016-11-06 07:22:04');
INSERT INTO `customer_ip` VALUES(59, 13, '64.228.94.13', '2017-11-19 08:27:28');
INSERT INTO `customer_ip` VALUES(30, 11, '24.114.73.61', '2016-11-06 07:25:35');
INSERT INTO `customer_ip` VALUES(31, 13, '184.151.178.157', '2016-11-06 07:26:44');
INSERT INTO `customer_ip` VALUES(100, 16, '199.119.233.209', '2017-12-01 17:54:28');
INSERT INTO `customer_ip` VALUES(33, 1, '64.231.24.37', '2016-11-06 07:29:31');
INSERT INTO `customer_ip` VALUES(34, 8, '64.231.24.37', '2016-11-06 07:30:23');
INSERT INTO `customer_ip` VALUES(65, 8, '64.228.94.13', '2017-11-19 08:33:19');
INSERT INTO `customer_ip` VALUES(36, 10, '199.7.157.113', '2016-11-06 07:32:50');
INSERT INTO `customer_ip` VALUES(63, 16, '64.228.94.13', '2017-11-19 08:30:19');
INSERT INTO `customer_ip` VALUES(38, 7, '64.231.24.37', '2016-11-06 07:36:15');
INSERT INTO `customer_ip` VALUES(39, 7, '24.114.53.197', '2016-11-06 08:53:13');
INSERT INTO `customer_ip` VALUES(99, 15, '24.114.64.113', '2017-12-01 17:54:17');
INSERT INTO `customer_ip` VALUES(41, 11, '64.231.24.37', '2016-11-13 08:27:09');
INSERT INTO `customer_ip` VALUES(62, 15, '64.228.94.13', '2017-11-19 08:30:06');
INSERT INTO `customer_ip` VALUES(58, 10, '64.228.94.13', '2017-11-19 08:26:50');
INSERT INTO `customer_ip` VALUES(44, 13, '184.151.190.146', '2016-11-13 08:27:23');
INSERT INTO `customer_ip` VALUES(45, 10, '199.7.157.31', '2016-11-13 08:38:19');
INSERT INTO `customer_ip` VALUES(46, 1, '184.151.190.84', '2016-11-13 08:40:37');
INSERT INTO `customer_ip` VALUES(47, 15, '64.231.24.37', '2016-11-13 08:41:15');
INSERT INTO `customer_ip` VALUES(69, 1, '209.171.88.168', '2017-11-19 10:04:19');
INSERT INTO `customer_ip` VALUES(49, 16, '24.114.57.113', '2016-11-13 08:46:34');
INSERT INTO `customer_ip` VALUES(50, 16, '184.151.190.84', '2016-11-13 08:47:03');
INSERT INTO `customer_ip` VALUES(53, 15, '24.114.66.76', '2016-11-13 10:10:32');
INSERT INTO `customer_ip` VALUES(54, 8, '24.114.56.55', '2016-11-13 11:10:46');
INSERT INTO `customer_ip` VALUES(57, 1, '64.228.94.13', '2017-11-19 08:03:58');
INSERT INTO `customer_ip` VALUES(56, 1, '76.65.21.249', '2017-11-12 18:55:18');
INSERT INTO `customer_ip` VALUES(73, 16, '184.151.179.211', '2017-11-19 10:13:57');
INSERT INTO `customer_ip` VALUES(74, 11, '24.114.75.214', '2017-11-19 11:08:05');
INSERT INTO `customer_ip` VALUES(98, 7, '24.114.67.36', '2017-12-01 17:52:36');
INSERT INTO `customer_ip` VALUES(76, 1, '69.158.178.229', '2017-11-19 12:56:52');
INSERT INTO `customer_ip` VALUES(94, 13, '24.114.64.170', '2017-12-01 17:50:02');
INSERT INTO `customer_ip` VALUES(93, 8, '24.114.64.103', '2017-12-01 17:49:49');
INSERT INTO `customer_ip` VALUES(79, 17, '70.49.88.143', '2017-11-22 20:03:05');
INSERT INTO `customer_ip` VALUES(80, 17, '184.151.179.218', '2017-11-24 17:44:07');
INSERT INTO `customer_ip` VALUES(81, 13, '24.114.79.220', '2017-11-24 17:47:09');
INSERT INTO `customer_ip` VALUES(82, 11, '24.114.71.242', '2017-11-24 17:47:13');
INSERT INTO `customer_ip` VALUES(83, 15, '24.114.77.85', '2017-11-24 17:47:20');
INSERT INTO `customer_ip` VALUES(92, 10, '184.146.143.132', '2017-12-01 17:49:41');
INSERT INTO `customer_ip` VALUES(85, 7, '24.114.74.139', '2017-11-24 17:52:45');
INSERT INTO `customer_ip` VALUES(86, 10, '184.151.179.189', '2017-11-24 17:54:38');
INSERT INTO `customer_ip` VALUES(87, 16, '24.114.77.85', '2017-11-24 17:58:48');
INSERT INTO `customer_ip` VALUES(91, 1, '184.146.143.132', '2017-12-01 17:49:30');
INSERT INTO `customer_ip` VALUES(89, 16, '199.7.157.79', '2017-11-24 19:03:10');
INSERT INTO `customer_ip` VALUES(90, 11, '24.114.58.166', '2017-12-01 17:42:06');

-- --------------------------------------------------------

--
-- Table structure for table `customer_login`
--

CREATE TABLE `customer_login` (
  `customer_login_id` int(11) NOT NULL AUTO_INCREMENT,
  `email` varchar(96) NOT NULL,
  `ip` varchar(40) NOT NULL,
  `total` int(4) NOT NULL,
  `date_added` datetime NOT NULL,
  `date_modified` datetime NOT NULL,
  PRIMARY KEY (`customer_login_id`),
  KEY `email` (`email`),
  KEY `ip` (`ip`)
) ENGINE=MyISAM  DEFAULT CHARSET=utf8 AUTO_INCREMENT=41 ;

--
-- Dumping data for table `customer_login`
--

INSERT INTO `customer_login` VALUES(1, 'san.machado23@gmail.com', '76.65.20.180', 1, '2016-10-05 19:23:34', '2016-10-05 19:23:34');
INSERT INTO `customer_login` VALUES(2, 'dmachado', '76.65.20.180', 1, '2016-10-22 20:55:49', '2016-10-22 20:55:49');
INSERT INTO `customer_login` VALUES(3, 'vilmara.adv.com', '184.146.144.206', 1, '2016-10-23 07:11:30', '2016-10-23 07:11:30');
INSERT INTO `customer_login` VALUES(6, 'marcelo@adv. com', '24.114.67.43', 3, '2016-10-23 10:49:12', '2016-10-23 10:50:14');
INSERT INTO `customer_login` VALUES(7, 'enilda@adv.con', '64.231.24.37', 3, '2016-11-06 07:26:38', '2016-11-06 07:26:51');
INSERT INTO `customer_login` VALUES(11, '', '64.231.24.37', 4, '2016-11-06 10:44:48', '2016-11-13 10:06:49');
INSERT INTO `customer_login` VALUES(10, 'leide.adv.com', '24.114.71.33', 5, '2016-11-06 10:44:09', '2016-11-06 10:44:40');
INSERT INTO `customer_login` VALUES(12, 'daniela@adv.com', '184.151.190.84', 5, '2016-11-13 08:28:13', '2016-11-13 08:35:14');
INSERT INTO `customer_login` VALUES(13, 'illy@adv.com', '64.231.24.37', 5, '2016-11-13 10:07:10', '2016-11-13 10:07:41');
INSERT INTO `customer_login` VALUES(17, 'enilda@dv. com', '24.114.71.116', 1, '2016-11-13 12:53:40', '2016-11-13 12:53:40');
INSERT INTO `customer_login` VALUES(16, 'vilmara.adv.com', '24.114.54.95', 2, '2016-11-13 12:01:11', '2016-11-13 12:01:15');
INSERT INTO `customer_login` VALUES(18, 'dmachado', '76.65.21.249', 1, '2017-11-12 18:54:31', '2017-11-12 18:54:31');
INSERT INTO `customer_login` VALUES(20, 'izaias', '24.114.79.84', 1, '2017-11-19 08:36:03', '2017-11-19 08:36:03');
INSERT INTO `customer_login` VALUES(22, '', '184.151.179.211', 1, '2017-11-19 12:56:03', '2017-11-19 12:56:03');
INSERT INTO `customer_login` VALUES(23, 'lucads', '24.114.75.214', 1, '2017-11-19 12:56:58', '2017-11-19 12:56:58');
INSERT INTO `customer_login` VALUES(38, '', '24.114.67.36', 1, '2017-12-01 17:52:03', '2017-12-01 17:52:03');
INSERT INTO `customer_login` VALUES(39, 'isaias pereira', '24.114.67.36', 1, '2017-12-01 17:52:20', '2017-12-01 17:52:20');
INSERT INTO `customer_login` VALUES(37, 'adin', '24.114.64.99', 1, '2017-11-24 19:03:58', '2017-11-24 19:03:58');
INSERT INTO `customer_login` VALUES(36, '', '24.114.64.99', 4, '2017-11-24 19:03:26', '2017-11-24 19:09:02');
INSERT INTO `customer_login` VALUES(40, '', '24.114.64.113', 1, '2017-12-01 17:56:57', '2017-12-01 17:56:57');
INSERT INTO `customer_login` VALUES(31, 'paulo viana', '24.114.77.85', 1, '2017-11-24 17:41:14', '2017-11-24 17:41:14');
INSERT INTO `customer_login` VALUES(34, 'dario', '24.114.64.99', 5, '2017-11-24 19:03:18', '2017-11-24 19:04:45');
INSERT INTO `customer_login` VALUES(35, 'admin', '24.114.64.99', 2, '2017-11-24 19:03:23', '2017-11-24 19:03:40');

-- --------------------------------------------------------

--
-- Table structure for table `customer_online`
--

CREATE TABLE `customer_online` (
  `ip` varchar(40) NOT NULL,
  `customer_id` int(11) NOT NULL,
  `url` text NOT NULL,
  `referer` text NOT NULL,
  `date_added` datetime NOT NULL,
  PRIMARY KEY (`ip`)
) ENGINE=MyISAM DEFAULT CHARSET=utf8;

--
-- Dumping data for table `customer_online`
--


-- --------------------------------------------------------

--
-- Table structure for table `customer_reward`
--

CREATE TABLE `customer_reward` (
  `customer_reward_id` int(11) NOT NULL AUTO_INCREMENT,
  `customer_id` int(11) NOT NULL DEFAULT '0',
  `order_id` int(11) NOT NULL DEFAULT '0',
  `description` text NOT NULL,
  `points` int(8) NOT NULL DEFAULT '0',
  `date_added` datetime NOT NULL,
  PRIMARY KEY (`customer_reward_id`)
) ENGINE=MyISAM DEFAULT CHARSET=utf8 AUTO_INCREMENT=1 ;

--
-- Dumping data for table `customer_reward`
--


-- --------------------------------------------------------

--
-- Table structure for table `customer_search`
--

CREATE TABLE `customer_search` (
  `customer_search_id` int(11) NOT NULL AUTO_INCREMENT,
  `store_id` int(11) NOT NULL,
  `language_id` int(11) NOT NULL,
  `customer_id` int(11) NOT NULL,
  `keyword` varchar(255) NOT NULL,
  `category_id` int(11) DEFAULT NULL,
  `sub_category` tinyint(1) NOT NULL,
  `description` tinyint(1) NOT NULL,
  `products` int(11) NOT NULL,
  `ip` varchar(40) NOT NULL,
  `date_added` datetime NOT NULL,
  PRIMARY KEY (`customer_search_id`)
) ENGINE=MyISAM DEFAULT CHARSET=utf8 AUTO_INCREMENT=1 ;

--
-- Dumping data for table `customer_search`
--


-- --------------------------------------------------------

--
-- Table structure for table `customer_transaction`
--

CREATE TABLE `customer_transaction` (
  `customer_transaction_id` int(11) NOT NULL AUTO_INCREMENT,
  `customer_id` int(11) NOT NULL,
  `order_id` int(11) NOT NULL,
  `description` text NOT NULL,
  `amount` decimal(15,4) NOT NULL,
  `date_added` datetime NOT NULL,
  PRIMARY KEY (`customer_transaction_id`)
) ENGINE=MyISAM DEFAULT CHARSET=utf8 AUTO_INCREMENT=1 ;

--
-- Dumping data for table `customer_transaction`
--


-- --------------------------------------------------------

--
-- Table structure for table `customer_wishlist`
--

CREATE TABLE `customer_wishlist` (
  `customer_id` int(11) NOT NULL,
  `product_id` int(11) NOT NULL,
  `date_added` datetime NOT NULL,
  PRIMARY KEY (`customer_id`,`product_id`)
) ENGINE=MyISAM DEFAULT CHARSET=utf8;

--
-- Dumping data for table `customer_wishlist`
--


-- --------------------------------------------------------

--
-- Table structure for table `custom_field`
--

CREATE TABLE `custom_field` (
  `custom_field_id` int(11) NOT NULL AUTO_INCREMENT,
  `type` varchar(32) NOT NULL,
  `value` text NOT NULL,
  `validation` varchar(255) NOT NULL,
  `location` varchar(7) NOT NULL,
  `status` tinyint(1) NOT NULL,
  `sort_order` int(3) NOT NULL,
  PRIMARY KEY (`custom_field_id`)
) ENGINE=MyISAM DEFAULT CHARSET=utf8 AUTO_INCREMENT=1 ;

--
-- Dumping data for table `custom_field`
--


-- --------------------------------------------------------

--
-- Table structure for table `custom_field_customer_group`
--

CREATE TABLE `custom_field_customer_group` (
  `custom_field_id` int(11) NOT NULL,
  `customer_group_id` int(11) NOT NULL,
  `required` tinyint(1) NOT NULL,
  PRIMARY KEY (`custom_field_id`,`customer_group_id`)
) ENGINE=MyISAM DEFAULT CHARSET=utf8;

--
-- Dumping data for table `custom_field_customer_group`
--


-- --------------------------------------------------------

--
-- Table structure for table `custom_field_description`
--

CREATE TABLE `custom_field_description` (
  `custom_field_id` int(11) NOT NULL,
  `language_id` int(11) NOT NULL,
  `name` varchar(128) NOT NULL,
  PRIMARY KEY (`custom_field_id`,`language_id`)
) ENGINE=MyISAM DEFAULT CHARSET=utf8;

--
-- Dumping data for table `custom_field_description`
--


-- --------------------------------------------------------

--
-- Table structure for table `custom_field_value`
--

CREATE TABLE `custom_field_value` (
  `custom_field_value_id` int(11) NOT NULL AUTO_INCREMENT,
  `custom_field_id` int(11) NOT NULL,
  `sort_order` int(3) NOT NULL,
  PRIMARY KEY (`custom_field_value_id`)
) ENGINE=MyISAM DEFAULT CHARSET=utf8 AUTO_INCREMENT=1 ;

--
-- Dumping data for table `custom_field_value`
--


-- --------------------------------------------------------

--
-- Table structure for table `custom_field_value_description`
--

CREATE TABLE `custom_field_value_description` (
  `custom_field_value_id` int(11) NOT NULL,
  `language_id` int(11) NOT NULL,
  `custom_field_id` int(11) NOT NULL,
  `name` varchar(128) NOT NULL,
  PRIMARY KEY (`custom_field_value_id`,`language_id`)
) ENGINE=MyISAM DEFAULT CHARSET=utf8;

--
-- Dumping data for table `custom_field_value_description`
--


-- --------------------------------------------------------

--
-- Table structure for table `department`
--

CREATE TABLE `department` (
  `department_id` int(11) NOT NULL AUTO_INCREMENT,
  `name` varchar(255) NOT NULL,
  `status` int(2) NOT NULL DEFAULT '0',
  PRIMARY KEY (`department_id`)
) ENGINE=InnoDB  DEFAULT CHARSET=latin1 AUTO_INCREMENT=132 ;

--
-- Dumping data for table `department`
--

INSERT INTO `department` VALUES(1, 'presidente do brasil', 0);
INSERT INTO `department` VALUES(2, 'presidente do brasil2', 0);
INSERT INTO `department` VALUES(3, 'presidente dos eua', 0);
INSERT INTO `department` VALUES(4, 'secretaria da comissao', 0);
INSERT INTO `department` VALUES(5, 'Ancionato', 0);
INSERT INTO `department` VALUES(6, 'ancionato', 0);
INSERT INTO `department` VALUES(7, 'Ancionato', 0);
INSERT INTO `department` VALUES(8, 'ancionato', 0);
INSERT INTO `department` VALUES(9, 'anciao', 0);
INSERT INTO `department` VALUES(10, 'anciao 3', 0);
INSERT INTO `department` VALUES(11, 'anciao 4', 0);
INSERT INTO `department` VALUES(12, 'ultimo anciao', 0);
INSERT INTO `department` VALUES(13, '1 anciao', 0);
INSERT INTO `department` VALUES(14, 'desempate 1 anciao', 0);
INSERT INTO `department` VALUES(15, 'comida favorita', 0);
INSERT INTO `department` VALUES(16, 'Tesouraria', 0);
INSERT INTO `department` VALUES(17, 'Vice Tesoureiro', 0);
INSERT INTO `department` VALUES(18, 'Auxiliar 1', 0);
INSERT INTO `department` VALUES(19, 'Auxiliar 1 (desempate)', 0);
INSERT INTO `department` VALUES(20, 'Auxiliar 2', 0);
INSERT INTO `department` VALUES(21, 'ViceSecretaria', 0);
INSERT INTO `department` VALUES(22, 'Vice Secretaria', 0);
INSERT INTO `department` VALUES(23, 'Escola Sabatina', 0);
INSERT INTO `department` VALUES(24, 'Vice da Escola Sabatina', 0);
INSERT INTO `department` VALUES(25, 'JA', 0);
INSERT INTO `department` VALUES(26, 'Traduo', 0);
INSERT INTO `department` VALUES(27, 'Vice Traduo', 0);
INSERT INTO `department` VALUES(28, 'Esprito Profecia', 0);
INSERT INTO `department` VALUES(29, 'Esprito Profecia', 0);
INSERT INTO `department` VALUES(30, 'Depto Infantil', 0);
INSERT INTO `department` VALUES(31, 'Depto Infantil', 0);
INSERT INTO `department` VALUES(32, 'Depto Infantil', 0);
INSERT INTO `department` VALUES(33, 'us president', 0);
INSERT INTO `department` VALUES(34, 'Vice Desbravadores 1', 0);
INSERT INTO `department` VALUES(35, 'Vice Desbravadores 2', 0);
INSERT INTO `department` VALUES(36, 'Musica', 0);
INSERT INTO `department` VALUES(37, 'Vice Musica', 0);
INSERT INTO `department` VALUES(38, 'Comunicao', 0);
INSERT INTO `department` VALUES(39, 'Associado Comunicacao', 0);
INSERT INTO `department` VALUES(40, 'Diaconos', 0);
INSERT INTO `department` VALUES(41, 'Diaconizas', 0);
INSERT INTO `department` VALUES(42, 'Mordomia', 0);
INSERT INTO `department` VALUES(43, 'Ministrio Pessoal', 0);
INSERT INTO `department` VALUES(44, 'Ministrio Pessoal Associado', 0);
INSERT INTO `department` VALUES(45, 'Ministrio Pessoal Secretario(a)', 0);
INSERT INTO `department` VALUES(46, 'Lar e Famlia', 0);
INSERT INTO `department` VALUES(47, 'Lar e Famlia', 0);
INSERT INTO `department` VALUES(48, 'Ministrio Homens', 0);
INSERT INTO `department` VALUES(49, 'Ministrio Homens - Associado', 0);
INSERT INTO `department` VALUES(50, 'Ministrio da Mulher', 0);
INSERT INTO `department` VALUES(51, 'Ministrio da Mulher - Associada', 0);
INSERT INTO `department` VALUES(52, 'Ministrio da Mulher - Associada 2', 0);
INSERT INTO `department` VALUES(53, 'Ministrio da Orao', 0);
INSERT INTO `department` VALUES(54, 'Sade Temperanca', 0);
INSERT INTO `department` VALUES(55, 'Sade Temperanca - Vice', 0);
INSERT INTO `department` VALUES(56, 'Som &amp; Mdia', 0);
INSERT INTO `department` VALUES(57, 'Ministrio Confraternizao', 0);
INSERT INTO `department` VALUES(58, 'Confraternizao Vice', 0);
INSERT INTO `department` VALUES(59, 'Confraternizao Vice', 0);
INSERT INTO `department` VALUES(60, 'Confraternizao Vice', 0);
INSERT INTO `department` VALUES(61, 'Construo', 0);
INSERT INTO `department` VALUES(62, 'comida favorita', 0);
INSERT INTO `department` VALUES(63, 'comida favorita', 0);
INSERT INTO `department` VALUES(64, 'Ancionato', 0);
INSERT INTO `department` VALUES(65, 'Ancionato', 0);
INSERT INTO `department` VALUES(66, 'ancionato 3', 0);
INSERT INTO `department` VALUES(67, 'ancionato 4', 0);
INSERT INTO `department` VALUES(68, '1 anciao', 0);
INSERT INTO `department` VALUES(69, 'aux tesouraria', 0);
INSERT INTO `department` VALUES(70, 'Secretaria', 0);
INSERT INTO `department` VALUES(71, 'aux secretaria', 0);
INSERT INTO `department` VALUES(72, 'Escola Sabatina', 0);
INSERT INTO `department` VALUES(73, 'Escola Sabatina Associado', 0);
INSERT INTO `department` VALUES(74, 'Escola Sabatina Associado 2', 0);
INSERT INTO `department` VALUES(75, 'Depto Infantil Diretor', 0);
INSERT INTO `department` VALUES(76, 'Depto Infantil Diretor', 0);
INSERT INTO `department` VALUES(77, 'Depto Infantil Associado', 0);
INSERT INTO `department` VALUES(78, 'Depto Infantil Associado 2', 0);
INSERT INTO `department` VALUES(79, 'Depto Infantil Associado 2', 0);
INSERT INTO `department` VALUES(80, 'Depto Infantil Associado 2', 0);
INSERT INTO `department` VALUES(81, 'Depto Infantil Associado 2', 0);
INSERT INTO `department` VALUES(82, 'JA', 0);
INSERT INTO `department` VALUES(83, 'JA', 0);
INSERT INTO `department` VALUES(84, 'JA Associados', 0);
INSERT INTO `department` VALUES(85, 'JA Associados 2', 0);
INSERT INTO `department` VALUES(86, 'JA Associado 3', 0);
INSERT INTO `department` VALUES(87, 'JA Associado 4', 0);
INSERT INTO `department` VALUES(88, 'JA Associado 5', 0);
INSERT INTO `department` VALUES(89, 'Conselheiros JA', 0);
INSERT INTO `department` VALUES(90, 'Conselheiros JA', 0);
INSERT INTO `department` VALUES(91, 'Conselheiros JA', 0);
INSERT INTO `department` VALUES(92, 'Orao', 0);
INSERT INTO `department` VALUES(93, 'Orao Associado', 0);
INSERT INTO `department` VALUES(94, 'Diretor Ministrio Pessoal', 0);
INSERT INTO `department` VALUES(95, 'Associado Ministrio Pessoal', 0);
INSERT INTO `department` VALUES(96, 'Associado Ministrio Pessoal', 0);
INSERT INTO `department` VALUES(97, 'Comunicao', 0);
INSERT INTO `department` VALUES(98, 'Comunicao Associado', 0);
INSERT INTO `department` VALUES(99, 'Audiovisual', 0);
INSERT INTO `department` VALUES(100, 'Audiovisual', 0);
INSERT INTO `department` VALUES(101, 'test', 0);
INSERT INTO `department` VALUES(102, 'test2', 0);
INSERT INTO `department` VALUES(103, '', 0);
INSERT INTO `department` VALUES(104, 'comida favorita', 0);
INSERT INTO `department` VALUES(105, 'estacao preferida', 0);
INSERT INTO `department` VALUES(106, 'adra', 0);
INSERT INTO `department` VALUES(107, 'fffffffff', 0);
INSERT INTO `department` VALUES(108, 'testing', 0);
INSERT INTO `department` VALUES(109, 'Diconos', 0);
INSERT INTO `department` VALUES(110, 'Diconos ', 0);
INSERT INTO `department` VALUES(111, '', 0);
INSERT INTO `department` VALUES(112, '', 0);
INSERT INTO `department` VALUES(113, '', 0);
INSERT INTO `department` VALUES(114, '', 0);
INSERT INTO `department` VALUES(115, 'Pequenos Grupos', 0);
INSERT INTO `department` VALUES(116, 'Sade &amp; Temperana', 0);
INSERT INTO `department` VALUES(117, 'Sade &amp; Temperana', 0);
INSERT INTO `department` VALUES(118, 'Esprito de Profecia', 0);
INSERT INTO `department` VALUES(119, 'Esprito de Profecia Associado', 0);
INSERT INTO `department` VALUES(120, 'Mordomia', 0);
INSERT INTO `department` VALUES(121, 'Ministrio Mulher', 0);
INSERT INTO `department` VALUES(122, 'Ministrio Mulher', 0);
INSERT INTO `department` VALUES(123, 'Min Mulher Associada', 0);
INSERT INTO `department` VALUES(124, 'Ministrio dos Homens', 0);
INSERT INTO `department` VALUES(125, 'Min Homens', 0);
INSERT INTO `department` VALUES(126, 'Confraternizao', 0);
INSERT INTO `department` VALUES(127, 'Confraternizao Associado', 0);
INSERT INTO `department` VALUES(128, 'comida favorita', 0);
INSERT INTO `department` VALUES(129, '', 0);
INSERT INTO `department` VALUES(130, 'Recepo', 0);
INSERT INTO `department` VALUES(131, 'comida favorita', 1);

-- --------------------------------------------------------

--
-- Table structure for table `department_candidates`
--

CREATE TABLE `department_candidates` (
  `candidate_id` int(11) NOT NULL AUTO_INCREMENT,
  `department_id` int(11) NOT NULL,
  `candidate_name` varchar(255) NOT NULL,
  PRIMARY KEY (`candidate_id`)
) ENGINE=InnoDB  DEFAULT CHARSET=latin1 AUTO_INCREMENT=611 ;

--
-- Dumping data for table `department_candidates`
--

INSERT INTO `department_candidates` VALUES(1, 1, 'Lula');
INSERT INTO `department_candidates` VALUES(2, 1, 'Dilma');
INSERT INTO `department_candidates` VALUES(3, 2, 'dilma');
INSERT INTO `department_candidates` VALUES(4, 2, 'lula');
INSERT INTO `department_candidates` VALUES(5, 2, 'temer');
INSERT INTO `department_candidates` VALUES(6, 3, 'tramp');
INSERT INTO `department_candidates` VALUES(7, 3, 'clinton');
INSERT INTO `department_candidates` VALUES(8, 3, 'pr dario');
INSERT INTO `department_candidates` VALUES(9, 4, 'Lilly');
INSERT INTO `department_candidates` VALUES(10, 4, 'Edivagna');
INSERT INTO `department_candidates` VALUES(11, 5, 'Maciel');
INSERT INTO `department_candidates` VALUES(12, 5, 'Paulo');
INSERT INTO `department_candidates` VALUES(13, 5, 'Marcelo');
INSERT INTO `department_candidates` VALUES(14, 5, 'Isaias');
INSERT INTO `department_candidates` VALUES(15, 5, 'Antoinette');
INSERT INTO `department_candidates` VALUES(16, 5, 'Lilly');
INSERT INTO `department_candidates` VALUES(17, 5, 'Carlos Farias');
INSERT INTO `department_candidates` VALUES(18, 6, 'Luis Maciel');
INSERT INTO `department_candidates` VALUES(19, 6, 'Paulo Viana');
INSERT INTO `department_candidates` VALUES(20, 6, 'Lilly');
INSERT INTO `department_candidates` VALUES(21, 6, 'Antoinette');
INSERT INTO `department_candidates` VALUES(22, 6, 'Carlos Farias');
INSERT INTO `department_candidates` VALUES(23, 6, 'Isaias');
INSERT INTO `department_candidates` VALUES(24, 6, 'Marcelo');
INSERT INTO `department_candidates` VALUES(25, 6, 'Enilda');
INSERT INTO `department_candidates` VALUES(26, 6, 'Fernando');
INSERT INTO `department_candidates` VALUES(27, 7, 'Maciel');
INSERT INTO `department_candidates` VALUES(28, 7, 'Marcelo');
INSERT INTO `department_candidates` VALUES(29, 7, 'Isaias');
INSERT INTO `department_candidates` VALUES(30, 7, 'Enilda');
INSERT INTO `department_candidates` VALUES(31, 7, 'Paulo');
INSERT INTO `department_candidates` VALUES(32, 7, 'Antoinette');
INSERT INTO `department_candidates` VALUES(33, 7, 'Fernando');
INSERT INTO `department_candidates` VALUES(34, 7, 'Lilly');
INSERT INTO `department_candidates` VALUES(35, 7, 'Carlos');
INSERT INTO `department_candidates` VALUES(36, 8, 'Maciel');
INSERT INTO `department_candidates` VALUES(37, 8, 'Isaias');
INSERT INTO `department_candidates` VALUES(38, 8, 'Branco');
INSERT INTO `department_candidates` VALUES(39, 9, 'Maciel');
INSERT INTO `department_candidates` VALUES(40, 9, 'Fernando');
INSERT INTO `department_candidates` VALUES(41, 9, 'Carlos');
INSERT INTO `department_candidates` VALUES(42, 9, 'Enilda');
INSERT INTO `department_candidates` VALUES(43, 9, 'Lilly');
INSERT INTO `department_candidates` VALUES(44, 9, 'Antoinette');
INSERT INTO `department_candidates` VALUES(45, 9, 'Paulo');
INSERT INTO `department_candidates` VALUES(46, 9, 'Marcelo');
INSERT INTO `department_candidates` VALUES(47, 10, 'Fernando');
INSERT INTO `department_candidates` VALUES(48, 10, 'Antoinette');
INSERT INTO `department_candidates` VALUES(49, 10, 'Carlos');
INSERT INTO `department_candidates` VALUES(50, 10, 'Lilly');
INSERT INTO `department_candidates` VALUES(51, 10, 'Enilda');
INSERT INTO `department_candidates` VALUES(52, 10, 'Paulo');
INSERT INTO `department_candidates` VALUES(53, 10, 'Marcelo');
INSERT INTO `department_candidates` VALUES(54, 11, 'Lilly');
INSERT INTO `department_candidates` VALUES(55, 11, 'Paulo');
INSERT INTO `department_candidates` VALUES(56, 11, 'Antoinette');
INSERT INTO `department_candidates` VALUES(57, 11, 'Carlos');
INSERT INTO `department_candidates` VALUES(58, 11, 'Fernando');
INSERT INTO `department_candidates` VALUES(59, 11, 'Enilda');
INSERT INTO `department_candidates` VALUES(60, 12, 'Paulo');
INSERT INTO `department_candidates` VALUES(61, 12, 'Lilly');
INSERT INTO `department_candidates` VALUES(62, 12, 'Fernando');
INSERT INTO `department_candidates` VALUES(63, 12, 'Enilda');
INSERT INTO `department_candidates` VALUES(64, 12, 'Carlos Farias');
INSERT INTO `department_candidates` VALUES(65, 13, 'Isaias');
INSERT INTO `department_candidates` VALUES(66, 13, 'Maciel');
INSERT INTO `department_candidates` VALUES(67, 13, 'Marcelo');
INSERT INTO `department_candidates` VALUES(68, 13, 'Antoinette');
INSERT INTO `department_candidates` VALUES(69, 13, 'Paulo');
INSERT INTO `department_candidates` VALUES(70, 14, 'Marcelo');
INSERT INTO `department_candidates` VALUES(71, 14, 'Isaias');
INSERT INTO `department_candidates` VALUES(72, 14, 'Maciel');
INSERT INTO `department_candidates` VALUES(73, 15, 'pizza');
INSERT INTO `department_candidates` VALUES(74, 15, 'burgers');
INSERT INTO `department_candidates` VALUES(75, 15, 'vegetables');
INSERT INTO `department_candidates` VALUES(76, 16, 'Denis');
INSERT INTO `department_candidates` VALUES(77, 16, 'Lilly');
INSERT INTO `department_candidates` VALUES(78, 16, 'Antoinette');
INSERT INTO `department_candidates` VALUES(79, 16, 'Barbara');
INSERT INTO `department_candidates` VALUES(80, 16, 'Lucas Borges');
INSERT INTO `department_candidates` VALUES(81, 16, 'Leide');
INSERT INTO `department_candidates` VALUES(82, 16, 'Carlos Farias');
INSERT INTO `department_candidates` VALUES(83, 16, 'Eliane Freitas');
INSERT INTO `department_candidates` VALUES(84, 17, 'Eliane Freitas');
INSERT INTO `department_candidates` VALUES(85, 17, 'Lilly');
INSERT INTO `department_candidates` VALUES(86, 17, 'Antoinette');
INSERT INTO `department_candidates` VALUES(87, 17, 'Barbara');
INSERT INTO `department_candidates` VALUES(88, 17, 'Carlos Farias');
INSERT INTO `department_candidates` VALUES(89, 17, 'Leide');
INSERT INTO `department_candidates` VALUES(90, 17, 'Lucas Borges');
INSERT INTO `department_candidates` VALUES(91, 18, 'Antoinnete');
INSERT INTO `department_candidates` VALUES(92, 18, 'Barbara');
INSERT INTO `department_candidates` VALUES(93, 18, 'Carlos');
INSERT INTO `department_candidates` VALUES(94, 18, 'Lucas');
INSERT INTO `department_candidates` VALUES(95, 18, 'Eliane');
INSERT INTO `department_candidates` VALUES(96, 18, 'Leide ');
INSERT INTO `department_candidates` VALUES(97, 19, 'Leide');
INSERT INTO `department_candidates` VALUES(98, 19, 'Lucas');
INSERT INTO `department_candidates` VALUES(99, 19, 'Antoinette');
INSERT INTO `department_candidates` VALUES(100, 20, 'Leide');
INSERT INTO `department_candidates` VALUES(101, 20, 'Lucas');
INSERT INTO `department_candidates` VALUES(102, 20, 'Carlos');
INSERT INTO `department_candidates` VALUES(103, 20, 'Barbara');
INSERT INTO `department_candidates` VALUES(104, 20, 'Eliane');
INSERT INTO `department_candidates` VALUES(105, 21, 'Liliane');
INSERT INTO `department_candidates` VALUES(106, 21, 'Janet');
INSERT INTO `department_candidates` VALUES(107, 21, 'Elen');
INSERT INTO `department_candidates` VALUES(108, 21, 'Simone Dias');
INSERT INTO `department_candidates` VALUES(109, 21, 'Lilly');
INSERT INTO `department_candidates` VALUES(110, 22, 'Elen');
INSERT INTO `department_candidates` VALUES(111, 22, 'Janet');
INSERT INTO `department_candidates` VALUES(112, 22, 'Lilly');
INSERT INTO `department_candidates` VALUES(113, 22, 'Simone Dias');
INSERT INTO `department_candidates` VALUES(114, 23, 'Barbara');
INSERT INTO `department_candidates` VALUES(115, 23, 'Leide');
INSERT INTO `department_candidates` VALUES(116, 23, 'Freddy');
INSERT INTO `department_candidates` VALUES(117, 23, 'Edivagna');
INSERT INTO `department_candidates` VALUES(118, 23, 'Lilly');
INSERT INTO `department_candidates` VALUES(119, 24, 'Freddy');
INSERT INTO `department_candidates` VALUES(120, 24, 'Edivagna');
INSERT INTO `department_candidates` VALUES(121, 24, 'Leide');
INSERT INTO `department_candidates` VALUES(122, 25, 'Edivagna');
INSERT INTO `department_candidates` VALUES(123, 25, 'Maciel');
INSERT INTO `department_candidates` VALUES(124, 25, 'Miriam Pereira');
INSERT INTO `department_candidates` VALUES(125, 26, 'Michael');
INSERT INTO `department_candidates` VALUES(126, 26, 'Daniel');
INSERT INTO `department_candidates` VALUES(127, 26, 'Janet');
INSERT INTO `department_candidates` VALUES(128, 26, 'Isaias');
INSERT INTO `department_candidates` VALUES(129, 27, 'Daniel');
INSERT INTO `department_candidates` VALUES(130, 27, 'Joe');
INSERT INTO `department_candidates` VALUES(131, 27, 'Isaias');
INSERT INTO `department_candidates` VALUES(132, 27, 'Janet');
INSERT INTO `department_candidates` VALUES(133, 28, 'Freddy');
INSERT INTO `department_candidates` VALUES(134, 28, 'Paulo Viana');
INSERT INTO `department_candidates` VALUES(135, 28, 'Fernando');
INSERT INTO `department_candidates` VALUES(136, 28, 'Sara Von Neutegem');
INSERT INTO `department_candidates` VALUES(137, 29, 'Freddy');
INSERT INTO `department_candidates` VALUES(138, 29, 'Paulo Viana');
INSERT INTO `department_candidates` VALUES(139, 29, 'Sara Von Neutegem');
INSERT INTO `department_candidates` VALUES(140, 29, 'Fernando');
INSERT INTO `department_candidates` VALUES(141, 30, 'Daniela Kurz');
INSERT INTO `department_candidates` VALUES(142, 30, 'Elen');
INSERT INTO `department_candidates` VALUES(143, 30, 'Auri');
INSERT INTO `department_candidates` VALUES(144, 30, 'Leide');
INSERT INTO `department_candidates` VALUES(145, 31, 'Auri');
INSERT INTO `department_candidates` VALUES(146, 31, 'Leide');
INSERT INTO `department_candidates` VALUES(147, 31, 'Daniela');
INSERT INTO `department_candidates` VALUES(148, 32, 'Leide');
INSERT INTO `department_candidates` VALUES(149, 32, 'Auri');
INSERT INTO `department_candidates` VALUES(150, 33, 'trump');
INSERT INTO `department_candidates` VALUES(151, 33, 'clinton');
INSERT INTO `department_candidates` VALUES(152, 34, 'Joe Freitas');
INSERT INTO `department_candidates` VALUES(153, 34, 'Miriam ');
INSERT INTO `department_candidates` VALUES(154, 34, 'Zizi');
INSERT INTO `department_candidates` VALUES(155, 34, 'Fernando');
INSERT INTO `department_candidates` VALUES(156, 34, 'Tom Cesar');
INSERT INTO `department_candidates` VALUES(157, 34, 'Eliane Freitas');
INSERT INTO `department_candidates` VALUES(158, 34, 'Barbara');
INSERT INTO `department_candidates` VALUES(159, 35, 'Eliane Freitas');
INSERT INTO `department_candidates` VALUES(160, 35, 'Joe');
INSERT INTO `department_candidates` VALUES(161, 35, 'Zizi');
INSERT INTO `department_candidates` VALUES(162, 35, 'Barbara');
INSERT INTO `department_candidates` VALUES(163, 35, 'Tom Cesar');
INSERT INTO `department_candidates` VALUES(164, 35, 'Fernando');
INSERT INTO `department_candidates` VALUES(165, 36, 'Michael');
INSERT INTO `department_candidates` VALUES(166, 36, 'Simone Borges');
INSERT INTO `department_candidates` VALUES(167, 36, 'Natally');
INSERT INTO `department_candidates` VALUES(168, 36, 'Maciel');
INSERT INTO `department_candidates` VALUES(169, 36, 'MIriam Pereira');
INSERT INTO `department_candidates` VALUES(170, 36, 'Denis');
INSERT INTO `department_candidates` VALUES(171, 37, 'Simone');
INSERT INTO `department_candidates` VALUES(172, 37, 'Maciel');
INSERT INTO `department_candidates` VALUES(173, 37, 'Miriam Pereira');
INSERT INTO `department_candidates` VALUES(174, 37, 'Natally');
INSERT INTO `department_candidates` VALUES(175, 37, 'Denis');
INSERT INTO `department_candidates` VALUES(176, 38, 'Leide');
INSERT INTO `department_candidates` VALUES(177, 38, 'Vilmara');
INSERT INTO `department_candidates` VALUES(178, 38, 'Andrews');
INSERT INTO `department_candidates` VALUES(179, 38, 'Flavia');
INSERT INTO `department_candidates` VALUES(180, 38, 'Jhennefer');
INSERT INTO `department_candidates` VALUES(181, 38, 'Liliane');
INSERT INTO `department_candidates` VALUES(182, 39, 'Liliane');
INSERT INTO `department_candidates` VALUES(183, 39, 'Flavia');
INSERT INTO `department_candidates` VALUES(184, 39, 'Jhennefer');
INSERT INTO `department_candidates` VALUES(185, 39, 'Andrews');
INSERT INTO `department_candidates` VALUES(186, 39, 'Vilmara');
INSERT INTO `department_candidates` VALUES(187, 40, 'Carlos Farias');
INSERT INTO `department_candidates` VALUES(188, 40, 'Joe Freitas');
INSERT INTO `department_candidates` VALUES(189, 40, 'Andrews');
INSERT INTO `department_candidates` VALUES(190, 40, 'Sergio Borges');
INSERT INTO `department_candidates` VALUES(191, 40, 'Fernando');
INSERT INTO `department_candidates` VALUES(192, 40, 'Joo Fernandes');
INSERT INTO `department_candidates` VALUES(193, 40, 'Ernesto');
INSERT INTO `department_candidates` VALUES(194, 40, 'Zez');
INSERT INTO `department_candidates` VALUES(195, 40, 'Antonio Carlos');
INSERT INTO `department_candidates` VALUES(196, 40, 'Belzmark');
INSERT INTO `department_candidates` VALUES(197, 41, 'Maria Helena');
INSERT INTO `department_candidates` VALUES(198, 41, 'Mafalda');
INSERT INTO `department_candidates` VALUES(199, 41, 'Joana');
INSERT INTO `department_candidates` VALUES(200, 41, 'Fabiana');
INSERT INTO `department_candidates` VALUES(201, 41, 'Enilda');
INSERT INTO `department_candidates` VALUES(202, 41, 'Beth Pereira');
INSERT INTO `department_candidates` VALUES(203, 41, 'Edivagna');
INSERT INTO `department_candidates` VALUES(204, 41, 'Lucia');
INSERT INTO `department_candidates` VALUES(205, 41, 'Ruby');
INSERT INTO `department_candidates` VALUES(206, 41, 'Odete');
INSERT INTO `department_candidates` VALUES(207, 42, 'Antoinette');
INSERT INTO `department_candidates` VALUES(208, 42, 'Paulo Viana');
INSERT INTO `department_candidates` VALUES(209, 42, 'Fernando');
INSERT INTO `department_candidates` VALUES(210, 42, 'Sandra');
INSERT INTO `department_candidates` VALUES(211, 42, 'Freddy');
INSERT INTO `department_candidates` VALUES(212, 43, 'Fernando');
INSERT INTO `department_candidates` VALUES(213, 43, 'Edivagna');
INSERT INTO `department_candidates` VALUES(214, 43, 'Barbara');
INSERT INTO `department_candidates` VALUES(215, 43, 'Freddy');
INSERT INTO `department_candidates` VALUES(216, 43, 'Enilda');
INSERT INTO `department_candidates` VALUES(217, 44, 'Edivagna');
INSERT INTO `department_candidates` VALUES(218, 44, 'Enilda');
INSERT INTO `department_candidates` VALUES(219, 44, 'Fernando');
INSERT INTO `department_candidates` VALUES(220, 44, 'Freddy');
INSERT INTO `department_candidates` VALUES(221, 45, 'Enilda');
INSERT INTO `department_candidates` VALUES(222, 45, 'Fernando');
INSERT INTO `department_candidates` VALUES(223, 45, 'Freddy');
INSERT INTO `department_candidates` VALUES(224, 46, 'Paulo e Kathia');
INSERT INTO `department_candidates` VALUES(225, 46, 'Marcelo e Flvia');
INSERT INTO `department_candidates` VALUES(226, 46, 'Denis e Sandra');
INSERT INTO `department_candidates` VALUES(227, 46, 'Isaias e Miriam');
INSERT INTO `department_candidates` VALUES(228, 47, 'Marcelo e Flavia');
INSERT INTO `department_candidates` VALUES(229, 47, 'Denis e Sandra');
INSERT INTO `department_candidates` VALUES(230, 47, 'Isaias e Miriam');
INSERT INTO `department_candidates` VALUES(231, 48, 'Paulo');
INSERT INTO `department_candidates` VALUES(232, 48, 'Denis');
INSERT INTO `department_candidates` VALUES(233, 48, 'Wagner');
INSERT INTO `department_candidates` VALUES(234, 48, 'Freddy');
INSERT INTO `department_candidates` VALUES(235, 49, 'Wagner');
INSERT INTO `department_candidates` VALUES(236, 49, 'Freddy');
INSERT INTO `department_candidates` VALUES(237, 49, 'Denis');
INSERT INTO `department_candidates` VALUES(238, 50, 'Zizi');
INSERT INTO `department_candidates` VALUES(239, 50, 'Liliane');
INSERT INTO `department_candidates` VALUES(240, 50, 'Elen');
INSERT INTO `department_candidates` VALUES(241, 50, 'Vilmara');
INSERT INTO `department_candidates` VALUES(242, 50, 'Eliane Servato');
INSERT INTO `department_candidates` VALUES(243, 50, 'Auri');
INSERT INTO `department_candidates` VALUES(244, 51, 'Auri');
INSERT INTO `department_candidates` VALUES(245, 51, 'Elen');
INSERT INTO `department_candidates` VALUES(246, 51, 'Eliane Servato');
INSERT INTO `department_candidates` VALUES(247, 51, 'Liliane');
INSERT INTO `department_candidates` VALUES(248, 51, 'Vilmara');
INSERT INTO `department_candidates` VALUES(249, 52, 'Liliane');
INSERT INTO `department_candidates` VALUES(250, 52, 'Vilmara');
INSERT INTO `department_candidates` VALUES(251, 52, 'Eliane Servato');
INSERT INTO `department_candidates` VALUES(252, 52, 'Auri');
INSERT INTO `department_candidates` VALUES(253, 53, 'Enilda');
INSERT INTO `department_candidates` VALUES(254, 53, 'Edivagna');
INSERT INTO `department_candidates` VALUES(255, 53, 'Egle');
INSERT INTO `department_candidates` VALUES(256, 53, 'Maria Helena');
INSERT INTO `department_candidates` VALUES(257, 53, 'Mafalda');
INSERT INTO `department_candidates` VALUES(258, 54, 'Elen');
INSERT INTO `department_candidates` VALUES(259, 54, 'Eliane Servato');
INSERT INTO `department_candidates` VALUES(260, 54, 'Enilda');
INSERT INTO `department_candidates` VALUES(261, 54, 'Anglica');
INSERT INTO `department_candidates` VALUES(262, 55, 'Angelica');
INSERT INTO `department_candidates` VALUES(263, 55, 'Elen');
INSERT INTO `department_candidates` VALUES(264, 55, 'Eliane Servato');
INSERT INTO `department_candidates` VALUES(265, 56, 'Lucas');
INSERT INTO `department_candidates` VALUES(266, 56, 'Daniel');
INSERT INTO `department_candidates` VALUES(267, 56, 'Belzmark');
INSERT INTO `department_candidates` VALUES(268, 56, 'Eliane Freitas');
INSERT INTO `department_candidates` VALUES(269, 57, 'Paulo');
INSERT INTO `department_candidates` VALUES(270, 57, 'Midia');
INSERT INTO `department_candidates` VALUES(271, 57, 'Simone Dias');
INSERT INTO `department_candidates` VALUES(272, 57, 'Beth Pereira');
INSERT INTO `department_candidates` VALUES(273, 57, 'Daniela');
INSERT INTO `department_candidates` VALUES(274, 57, 'Mafalda');
INSERT INTO `department_candidates` VALUES(275, 58, 'Beth Pereira');
INSERT INTO `department_candidates` VALUES(276, 58, 'Midia');
INSERT INTO `department_candidates` VALUES(277, 58, 'Daniela');
INSERT INTO `department_candidates` VALUES(278, 58, 'Simone Dias');
INSERT INTO `department_candidates` VALUES(279, 59, 'Paulo');
INSERT INTO `department_candidates` VALUES(280, 59, 'Beth Pereira');
INSERT INTO `department_candidates` VALUES(281, 59, 'Daniela');
INSERT INTO `department_candidates` VALUES(282, 59, 'Midia');
INSERT INTO `department_candidates` VALUES(283, 59, 'Simone');
INSERT INTO `department_candidates` VALUES(284, 60, 'Midia');
INSERT INTO `department_candidates` VALUES(285, 60, 'Paulo');
INSERT INTO `department_candidates` VALUES(286, 60, 'Simone');
INSERT INTO `department_candidates` VALUES(287, 61, 'Zez');
INSERT INTO `department_candidates` VALUES(288, 61, 'Maciel');
INSERT INTO `department_candidates` VALUES(289, 62, 'lasanha');
INSERT INTO `department_candidates` VALUES(290, 62, 'pizza');
INSERT INTO `department_candidates` VALUES(291, 62, 'burger');
INSERT INTO `department_candidates` VALUES(292, 63, 'Pizza');
INSERT INTO `department_candidates` VALUES(293, 63, 'Burger');
INSERT INTO `department_candidates` VALUES(294, 63, 'Pastas');
INSERT INTO `department_candidates` VALUES(295, 63, 'Healthy Food');
INSERT INTO `department_candidates` VALUES(296, 64, 'Isaias');
INSERT INTO `department_candidates` VALUES(297, 64, 'Maciel');
INSERT INTO `department_candidates` VALUES(298, 64, 'Paulo');
INSERT INTO `department_candidates` VALUES(299, 64, 'Marcelo');
INSERT INTO `department_candidates` VALUES(300, 64, 'Antoinette');
INSERT INTO `department_candidates` VALUES(301, 64, 'Freddy');
INSERT INTO `department_candidates` VALUES(302, 64, 'Enilda');
INSERT INTO `department_candidates` VALUES(303, 64, 'Michael');
INSERT INTO `department_candidates` VALUES(304, 65, 'Maciel');
INSERT INTO `department_candidates` VALUES(305, 65, 'Paulo');
INSERT INTO `department_candidates` VALUES(306, 65, 'Michael');
INSERT INTO `department_candidates` VALUES(307, 65, 'Freddy');
INSERT INTO `department_candidates` VALUES(308, 65, 'Antoinette');
INSERT INTO `department_candidates` VALUES(309, 65, 'Enilda');
INSERT INTO `department_candidates` VALUES(310, 66, 'Paulo');
INSERT INTO `department_candidates` VALUES(311, 66, 'Marcelo');
INSERT INTO `department_candidates` VALUES(312, 66, 'Antoinette');
INSERT INTO `department_candidates` VALUES(313, 66, 'Freddy');
INSERT INTO `department_candidates` VALUES(314, 66, 'Enida');
INSERT INTO `department_candidates` VALUES(315, 66, 'Michael');
INSERT INTO `department_candidates` VALUES(316, 67, 'Michael');
INSERT INTO `department_candidates` VALUES(317, 67, 'Freddy');
INSERT INTO `department_candidates` VALUES(318, 67, 'Enida');
INSERT INTO `department_candidates` VALUES(319, 67, 'Marcelo');
INSERT INTO `department_candidates` VALUES(320, 67, 'Antoinette');
INSERT INTO `department_candidates` VALUES(321, 68, 'Paulo');
INSERT INTO `department_candidates` VALUES(322, 68, 'Isaias');
INSERT INTO `department_candidates` VALUES(323, 68, 'Maciel');
INSERT INTO `department_candidates` VALUES(324, 68, 'Antoinette');
INSERT INTO `department_candidates` VALUES(325, 69, 'Barbara');
INSERT INTO `department_candidates` VALUES(326, 69, 'Carlos Farias');
INSERT INTO `department_candidates` VALUES(327, 69, 'Edivagna');
INSERT INTO `department_candidates` VALUES(328, 69, 'Silas');
INSERT INTO `department_candidates` VALUES(329, 70, 'Liliane');
INSERT INTO `department_candidates` VALUES(330, 70, 'Simone');
INSERT INTO `department_candidates` VALUES(331, 70, 'Sandra');
INSERT INTO `department_candidates` VALUES(332, 71, 'Simone');
INSERT INTO `department_candidates` VALUES(333, 71, 'Sandra');
INSERT INTO `department_candidates` VALUES(334, 72, 'Filipe');
INSERT INTO `department_candidates` VALUES(335, 72, 'Freddy');
INSERT INTO `department_candidates` VALUES(336, 72, 'Marcelo');
INSERT INTO `department_candidates` VALUES(337, 72, 'Barbara');
INSERT INTO `department_candidates` VALUES(338, 72, 'Edivagna');
INSERT INTO `department_candidates` VALUES(339, 72, 'Antoinette');
INSERT INTO `department_candidates` VALUES(340, 72, 'Enilda');
INSERT INTO `department_candidates` VALUES(341, 72, 'Vilmara');
INSERT INTO `department_candidates` VALUES(342, 73, 'Freddy');
INSERT INTO `department_candidates` VALUES(343, 73, 'Marcelo');
INSERT INTO `department_candidates` VALUES(344, 73, 'Barbara');
INSERT INTO `department_candidates` VALUES(345, 73, 'Edivagna');
INSERT INTO `department_candidates` VALUES(346, 73, 'Vilmara');
INSERT INTO `department_candidates` VALUES(347, 73, 'Enilda');
INSERT INTO `department_candidates` VALUES(348, 74, 'Edivagna');
INSERT INTO `department_candidates` VALUES(349, 74, 'Freddy');
INSERT INTO `department_candidates` VALUES(350, 74, 'Enilda');
INSERT INTO `department_candidates` VALUES(351, 74, 'Marcelo');
INSERT INTO `department_candidates` VALUES(352, 75, 'Elen');
INSERT INTO `department_candidates` VALUES(353, 75, 'Auri');
INSERT INTO `department_candidates` VALUES(354, 75, 'Claudia');
INSERT INTO `department_candidates` VALUES(355, 75, 'Sandra');
INSERT INTO `department_candidates` VALUES(356, 75, 'Flavia');
INSERT INTO `department_candidates` VALUES(357, 75, 'Sara');
INSERT INTO `department_candidates` VALUES(358, 75, 'janet');
INSERT INTO `department_candidates` VALUES(359, 75, 'Midia');
INSERT INTO `department_candidates` VALUES(360, 75, 'Miriam');
INSERT INTO `department_candidates` VALUES(361, 76, 'Flavia');
INSERT INTO `department_candidates` VALUES(362, 76, 'Janet');
INSERT INTO `department_candidates` VALUES(363, 77, 'Claudia');
INSERT INTO `department_candidates` VALUES(364, 77, 'Janet');
INSERT INTO `department_candidates` VALUES(365, 77, 'Miriam');
INSERT INTO `department_candidates` VALUES(366, 77, 'Midia');
INSERT INTO `department_candidates` VALUES(367, 77, 'Elem');
INSERT INTO `department_candidates` VALUES(368, 77, 'Sara');
INSERT INTO `department_candidates` VALUES(369, 77, 'Sandra');
INSERT INTO `department_candidates` VALUES(370, 77, 'Auri');
INSERT INTO `department_candidates` VALUES(371, 78, 'Claudia');
INSERT INTO `department_candidates` VALUES(372, 78, 'Sandra');
INSERT INTO `department_candidates` VALUES(373, 78, 'Auri');
INSERT INTO `department_candidates` VALUES(374, 78, 'Elen');
INSERT INTO `department_candidates` VALUES(375, 78, 'Midia');
INSERT INTO `department_candidates` VALUES(376, 78, 'Miriam');
INSERT INTO `department_candidates` VALUES(377, 78, 'Sara');
INSERT INTO `department_candidates` VALUES(378, 79, 'Auri');
INSERT INTO `department_candidates` VALUES(379, 79, 'Claudia');
INSERT INTO `department_candidates` VALUES(380, 80, 'Sandra');
INSERT INTO `department_candidates` VALUES(381, 80, 'Miriam');
INSERT INTO `department_candidates` VALUES(382, 80, 'Sara');
INSERT INTO `department_candidates` VALUES(383, 80, 'Midia');
INSERT INTO `department_candidates` VALUES(384, 80, 'Elen');
INSERT INTO `department_candidates` VALUES(385, 81, 'Elen');
INSERT INTO `department_candidates` VALUES(386, 81, 'Claudia');
INSERT INTO `department_candidates` VALUES(387, 81, 'Auri');
INSERT INTO `department_candidates` VALUES(388, 82, 'Lucas');
INSERT INTO `department_candidates` VALUES(389, 82, 'Anderson');
INSERT INTO `department_candidates` VALUES(390, 82, 'Barbara');
INSERT INTO `department_candidates` VALUES(391, 82, 'Beatriz');
INSERT INTO `department_candidates` VALUES(392, 82, 'Jessica');
INSERT INTO `department_candidates` VALUES(393, 82, 'Sara Oliveira');
INSERT INTO `department_candidates` VALUES(394, 82, 'Bruna');
INSERT INTO `department_candidates` VALUES(395, 82, 'Suellen');
INSERT INTO `department_candidates` VALUES(396, 82, 'Vilmara');
INSERT INTO `department_candidates` VALUES(397, 83, 'Anderson');
INSERT INTO `department_candidates` VALUES(398, 83, 'Barbara');
INSERT INTO `department_candidates` VALUES(399, 83, 'Beatriz');
INSERT INTO `department_candidates` VALUES(400, 83, 'Bruna ');
INSERT INTO `department_candidates` VALUES(401, 83, 'Jessica');
INSERT INTO `department_candidates` VALUES(402, 83, 'Lucas');
INSERT INTO `department_candidates` VALUES(403, 83, 'Sara');
INSERT INTO `department_candidates` VALUES(404, 83, 'Suellen');
INSERT INTO `department_candidates` VALUES(405, 83, 'Vilmara ');
INSERT INTO `department_candidates` VALUES(406, 83, 'Tom');
INSERT INTO `department_candidates` VALUES(407, 84, 'Anderson');
INSERT INTO `department_candidates` VALUES(408, 84, 'Barbara');
INSERT INTO `department_candidates` VALUES(409, 84, 'Sara');
INSERT INTO `department_candidates` VALUES(410, 84, 'Bruna');
INSERT INTO `department_candidates` VALUES(411, 84, 'Beatriz');
INSERT INTO `department_candidates` VALUES(412, 84, 'Tom');
INSERT INTO `department_candidates` VALUES(413, 84, 'Vilmara');
INSERT INTO `department_candidates` VALUES(414, 84, 'Jessica');
INSERT INTO `department_candidates` VALUES(415, 84, 'Suellen');
INSERT INTO `department_candidates` VALUES(416, 85, 'Anderson');
INSERT INTO `department_candidates` VALUES(417, 85, 'Beatriz');
INSERT INTO `department_candidates` VALUES(418, 85, 'Bruna');
INSERT INTO `department_candidates` VALUES(419, 85, 'Jessica');
INSERT INTO `department_candidates` VALUES(420, 85, 'Sara');
INSERT INTO `department_candidates` VALUES(421, 85, 'Suellen');
INSERT INTO `department_candidates` VALUES(422, 85, 'Tom');
INSERT INTO `department_candidates` VALUES(423, 85, 'Vilmara');
INSERT INTO `department_candidates` VALUES(424, 86, 'Bruna');
INSERT INTO `department_candidates` VALUES(425, 86, 'Anderson');
INSERT INTO `department_candidates` VALUES(426, 86, 'Jessica');
INSERT INTO `department_candidates` VALUES(427, 86, 'sara');
INSERT INTO `department_candidates` VALUES(428, 86, 'Suellen');
INSERT INTO `department_candidates` VALUES(429, 86, 'Vilmara');
INSERT INTO `department_candidates` VALUES(430, 86, 'Tom');
INSERT INTO `department_candidates` VALUES(431, 87, 'Anderson');
INSERT INTO `department_candidates` VALUES(432, 87, 'Jessica');
INSERT INTO `department_candidates` VALUES(433, 87, 'Sara');
INSERT INTO `department_candidates` VALUES(434, 87, 'Suellen');
INSERT INTO `department_candidates` VALUES(435, 87, 'Tom');
INSERT INTO `department_candidates` VALUES(436, 87, 'Vilmara');
INSERT INTO `department_candidates` VALUES(437, 88, 'Anderson');
INSERT INTO `department_candidates` VALUES(438, 88, 'Jessica');
INSERT INTO `department_candidates` VALUES(439, 88, 'Suellen');
INSERT INTO `department_candidates` VALUES(440, 88, 'Tom');
INSERT INTO `department_candidates` VALUES(441, 88, 'Vilmara');
INSERT INTO `department_candidates` VALUES(442, 89, 'Filipe');
INSERT INTO `department_candidates` VALUES(443, 89, 'Maciel');
INSERT INTO `department_candidates` VALUES(444, 89, 'Michael');
INSERT INTO `department_candidates` VALUES(445, 89, 'Marcelo');
INSERT INTO `department_candidates` VALUES(446, 89, 'Anderson');
INSERT INTO `department_candidates` VALUES(447, 89, 'MIriam Pereira');
INSERT INTO `department_candidates` VALUES(448, 90, 'Anderson');
INSERT INTO `department_candidates` VALUES(449, 90, 'Miriam Pereira');
INSERT INTO `department_candidates` VALUES(450, 90, 'Michael');
INSERT INTO `department_candidates` VALUES(451, 90, 'Marcelo');
INSERT INTO `department_candidates` VALUES(452, 90, 'Maciel');
INSERT INTO `department_candidates` VALUES(453, 91, 'Marcelo');
INSERT INTO `department_candidates` VALUES(454, 91, 'Michael');
INSERT INTO `department_candidates` VALUES(455, 91, 'Maciel');
INSERT INTO `department_candidates` VALUES(456, 91, 'Anderson');
INSERT INTO `department_candidates` VALUES(457, 92, 'Egle');
INSERT INTO `department_candidates` VALUES(458, 92, 'Enilda');
INSERT INTO `department_candidates` VALUES(459, 92, 'Zizi');
INSERT INTO `department_candidates` VALUES(460, 92, 'Mafalda');
INSERT INTO `department_candidates` VALUES(461, 92, 'Bete Pereira');
INSERT INTO `department_candidates` VALUES(462, 92, 'Edivagna');
INSERT INTO `department_candidates` VALUES(463, 93, 'Bete Pereira');
INSERT INTO `department_candidates` VALUES(464, 93, 'Edivagna');
INSERT INTO `department_candidates` VALUES(465, 93, 'Enilda');
INSERT INTO `department_candidates` VALUES(466, 93, 'Mafalda');
INSERT INTO `department_candidates` VALUES(467, 93, 'Zizi');
INSERT INTO `department_candidates` VALUES(468, 94, 'Marcelo');
INSERT INTO `department_candidates` VALUES(469, 94, 'Eduardo');
INSERT INTO `department_candidates` VALUES(470, 94, 'Vilmara');
INSERT INTO `department_candidates` VALUES(471, 94, 'Fernando');
INSERT INTO `department_candidates` VALUES(472, 94, 'Rodrigo');
INSERT INTO `department_candidates` VALUES(473, 94, 'Sandra');
INSERT INTO `department_candidates` VALUES(474, 94, 'Isaias');
INSERT INTO `department_candidates` VALUES(475, 94, 'Paulo');
INSERT INTO `department_candidates` VALUES(476, 94, 'Michael');
INSERT INTO `department_candidates` VALUES(477, 95, 'Eduardo');
INSERT INTO `department_candidates` VALUES(478, 95, 'Isaias');
INSERT INTO `department_candidates` VALUES(479, 95, 'Vilmara');
INSERT INTO `department_candidates` VALUES(480, 95, 'Michael');
INSERT INTO `department_candidates` VALUES(481, 95, 'Paulo');
INSERT INTO `department_candidates` VALUES(482, 95, 'Rodrigo');
INSERT INTO `department_candidates` VALUES(483, 95, 'Vilmara');
INSERT INTO `department_candidates` VALUES(484, 96, 'Isaias');
INSERT INTO `department_candidates` VALUES(485, 96, 'Michael');
INSERT INTO `department_candidates` VALUES(486, 96, 'Paulo');
INSERT INTO `department_candidates` VALUES(487, 96, 'Rodrigo');
INSERT INTO `department_candidates` VALUES(488, 96, 'Vilmara');
INSERT INTO `department_candidates` VALUES(489, 97, 'Heberti');
INSERT INTO `department_candidates` VALUES(490, 97, 'Michael');
INSERT INTO `department_candidates` VALUES(491, 97, 'Barbara');
INSERT INTO `department_candidates` VALUES(492, 97, 'Simone');
INSERT INTO `department_candidates` VALUES(493, 97, 'Liliane');
INSERT INTO `department_candidates` VALUES(494, 97, 'Freddy');
INSERT INTO `department_candidates` VALUES(495, 97, 'Maciel');
INSERT INTO `department_candidates` VALUES(496, 98, 'Freddy');
INSERT INTO `department_candidates` VALUES(497, 98, 'Heberti');
INSERT INTO `department_candidates` VALUES(498, 98, 'Simone');
INSERT INTO `department_candidates` VALUES(499, 98, 'Liliane');
INSERT INTO `department_candidates` VALUES(500, 98, 'Maciel');
INSERT INTO `department_candidates` VALUES(501, 98, 'Michael');
INSERT INTO `department_candidates` VALUES(502, 99, 'Leo Borges');
INSERT INTO `department_candidates` VALUES(503, 99, 'Marcelo Arag');
INSERT INTO `department_candidates` VALUES(504, 99, 'Eliane Veiga');
INSERT INTO `department_candidates` VALUES(505, 100, 'Lo Borges');
INSERT INTO `department_candidates` VALUES(506, 100, 'Marcelo Arago');
INSERT INTO `department_candidates` VALUES(507, 100, 'Eliane Veiga');
INSERT INTO `department_candidates` VALUES(508, 100, 'Belzmark ');
INSERT INTO `department_candidates` VALUES(509, 100, 'Cleberson');
INSERT INTO `department_candidates` VALUES(510, 101, 'Marcelo Arago');
INSERT INTO `department_candidates` VALUES(511, 101, 'Eliane Veiga');
INSERT INTO `department_candidates` VALUES(512, 101, 'Belzmark ');
INSERT INTO `department_candidates` VALUES(513, 101, 'Cleberson');
INSERT INTO `department_candidates` VALUES(514, 102, 'Marcelo Arago');
INSERT INTO `department_candidates` VALUES(515, 102, 'Eliane Veiga');
INSERT INTO `department_candidates` VALUES(516, 102, 'Belzmark ');
INSERT INTO `department_candidates` VALUES(517, 102, 'Cleberson');
INSERT INTO `department_candidates` VALUES(518, 103, 'dfgdfg');
INSERT INTO `department_candidates` VALUES(519, 103, 'dfg');
INSERT INTO `department_candidates` VALUES(520, 103, 'dfg');
INSERT INTO `department_candidates` VALUES(521, 103, 'dfg');
INSERT INTO `department_candidates` VALUES(522, 103, 'dfgdfgdfg');
INSERT INTO `department_candidates` VALUES(523, 104, 'pizza');
INSERT INTO `department_candidates` VALUES(524, 104, 'burger');
INSERT INTO `department_candidates` VALUES(525, 104, 'pasta');
INSERT INTO `department_candidates` VALUES(526, 105, 'verao');
INSERT INTO `department_candidates` VALUES(527, 105, 'outono');
INSERT INTO `department_candidates` VALUES(528, 105, 'inverno');
INSERT INTO `department_candidates` VALUES(529, 105, 'primavera');
INSERT INTO `department_candidates` VALUES(530, 106, 'verao');
INSERT INTO `department_candidates` VALUES(531, 106, 'outono');
INSERT INTO `department_candidates` VALUES(532, 106, 'inverno');
INSERT INTO `department_candidates` VALUES(533, 106, 'primavera');
INSERT INTO `department_candidates` VALUES(534, 107, 'verao');
INSERT INTO `department_candidates` VALUES(535, 107, 'outono');
INSERT INTO `department_candidates` VALUES(536, 107, 'inverno');
INSERT INTO `department_candidates` VALUES(537, 107, 'primavera');
INSERT INTO `department_candidates` VALUES(538, 108, 'verao');
INSERT INTO `department_candidates` VALUES(539, 108, 'outono');
INSERT INTO `department_candidates` VALUES(540, 108, 'inverno');
INSERT INTO `department_candidates` VALUES(541, 108, 'primavera');
INSERT INTO `department_candidates` VALUES(542, 110, 'Joe Freitas');
INSERT INTO `department_candidates` VALUES(543, 110, 'Srgio');
INSERT INTO `department_candidates` VALUES(544, 110, 'Freddy');
INSERT INTO `department_candidates` VALUES(545, 110, 'Carlo');
INSERT INTO `department_candidates` VALUES(546, 110, 'Silas');
INSERT INTO `department_candidates` VALUES(547, 110, 'Heberti');
INSERT INTO `department_candidates` VALUES(548, 115, 'Zizi');
INSERT INTO `department_candidates` VALUES(549, 115, 'Joe');
INSERT INTO `department_candidates` VALUES(550, 115, 'Paulo');
INSERT INTO `department_candidates` VALUES(551, 115, 'Michael');
INSERT INTO `department_candidates` VALUES(552, 115, 'Silney');
INSERT INTO `department_candidates` VALUES(553, 115, 'Phelipe/Jessica');
INSERT INTO `department_candidates` VALUES(554, 115, 'Bete Pereira');
INSERT INTO `department_candidates` VALUES(555, 115, 'Izaias');
INSERT INTO `department_candidates` VALUES(556, 116, 'Antoinette AA');
INSERT INTO `department_candidates` VALUES(557, 116, 'Elen Azevedo');
INSERT INTO `department_candidates` VALUES(558, 116, 'Enilda');
INSERT INTO `department_candidates` VALUES(559, 116, 'Jssica');
INSERT INTO `department_candidates` VALUES(560, 116, 'Lilian');
INSERT INTO `department_candidates` VALUES(561, 117, 'Elen Azevedo');
INSERT INTO `department_candidates` VALUES(562, 117, 'Enilda');
INSERT INTO `department_candidates` VALUES(563, 117, 'Jssica');
INSERT INTO `department_candidates` VALUES(564, 117, 'Lilian');
INSERT INTO `department_candidates` VALUES(565, 118, 'Edivagna');
INSERT INTO `department_candidates` VALUES(566, 118, 'Freddy');
INSERT INTO `department_candidates` VALUES(567, 118, 'Silas');
INSERT INTO `department_candidates` VALUES(568, 119, 'Edivagna');
INSERT INTO `department_candidates` VALUES(569, 119, 'Freddy');
INSERT INTO `department_candidates` VALUES(570, 120, 'Sandra');
INSERT INTO `department_candidates` VALUES(571, 120, 'Freddy');
INSERT INTO `department_candidates` VALUES(572, 121, 'Kathia');
INSERT INTO `department_candidates` VALUES(573, 121, 'Liliane');
INSERT INTO `department_candidates` VALUES(574, 121, 'Simone');
INSERT INTO `department_candidates` VALUES(575, 121, 'Auri');
INSERT INTO `department_candidates` VALUES(576, 121, 'Leide');
INSERT INTO `department_candidates` VALUES(577, 121, 'Zizi');
INSERT INTO `department_candidates` VALUES(578, 122, 'Liliane');
INSERT INTO `department_candidates` VALUES(579, 122, 'Simone');
INSERT INTO `department_candidates` VALUES(580, 122, 'Auri');
INSERT INTO `department_candidates` VALUES(581, 122, 'Leide');
INSERT INTO `department_candidates` VALUES(582, 122, 'Zizi');
INSERT INTO `department_candidates` VALUES(583, 123, 'Liliane');
INSERT INTO `department_candidates` VALUES(584, 123, 'Simone');
INSERT INTO `department_candidates` VALUES(585, 123, 'Leide');
INSERT INTO `department_candidates` VALUES(586, 123, 'Zizi');
INSERT INTO `department_candidates` VALUES(587, 124, 'Freddy');
INSERT INTO `department_candidates` VALUES(588, 124, 'Marcelo Arago');
INSERT INTO `department_candidates` VALUES(589, 124, 'Michael');
INSERT INTO `department_candidates` VALUES(590, 124, 'Denis');
INSERT INTO `department_candidates` VALUES(591, 125, 'Freddy');
INSERT INTO `department_candidates` VALUES(592, 125, 'Denis');
INSERT INTO `department_candidates` VALUES(593, 126, 'Midia');
INSERT INTO `department_candidates` VALUES(594, 126, 'Auri');
INSERT INTO `department_candidates` VALUES(595, 126, 'Paulo');
INSERT INTO `department_candidates` VALUES(596, 126, 'Elen');
INSERT INTO `department_candidates` VALUES(597, 126, 'Barbara');
INSERT INTO `department_candidates` VALUES(598, 126, 'Miriam');
INSERT INTO `department_candidates` VALUES(599, 127, 'Paulo');
INSERT INTO `department_candidates` VALUES(600, 127, 'Elen');
INSERT INTO `department_candidates` VALUES(601, 127, 'Miriam');
INSERT INTO `department_candidates` VALUES(602, 128, 'pizza');
INSERT INTO `department_candidates` VALUES(603, 128, 'burger');
INSERT INTO `department_candidates` VALUES(604, 130, 'Paulo');
INSERT INTO `department_candidates` VALUES(605, 130, 'Giseli');
INSERT INTO `department_candidates` VALUES(606, 130, 'Zaz');
INSERT INTO `department_candidates` VALUES(607, 130, 'Zizi');
INSERT INTO `department_candidates` VALUES(608, 130, 'Maciel');
INSERT INTO `department_candidates` VALUES(609, 131, 'pizza');
INSERT INTO `department_candidates` VALUES(610, 131, 'burguer');

-- --------------------------------------------------------

--
-- Table structure for table `download`
--

CREATE TABLE `download` (
  `download_id` int(11) NOT NULL AUTO_INCREMENT,
  `filename` varchar(160) NOT NULL,
  `mask` varchar(128) NOT NULL,
  `date_added` datetime NOT NULL,
  PRIMARY KEY (`download_id`)
) ENGINE=MyISAM DEFAULT CHARSET=utf8 AUTO_INCREMENT=1 ;

--
-- Dumping data for table `download`
--


-- --------------------------------------------------------

--
-- Table structure for table `download_description`
--

CREATE TABLE `download_description` (
  `download_id` int(11) NOT NULL,
  `language_id` int(11) NOT NULL,
  `name` varchar(64) NOT NULL,
  PRIMARY KEY (`download_id`,`language_id`)
) ENGINE=MyISAM DEFAULT CHARSET=utf8;

--
-- Dumping data for table `download_description`
--


-- --------------------------------------------------------

--
-- Table structure for table `event`
--

CREATE TABLE `event` (
  `event_id` int(11) NOT NULL AUTO_INCREMENT,
  `code` varchar(32) NOT NULL,
  `trigger` text NOT NULL,
  `action` text NOT NULL,
  `status` tinyint(1) NOT NULL,
  `date_added` datetime NOT NULL,
  PRIMARY KEY (`event_id`)
) ENGINE=MyISAM  DEFAULT CHARSET=utf8 AUTO_INCREMENT=2 ;

--
-- Dumping data for table `event`
--

INSERT INTO `event` VALUES(1, 'voucher', 'catalog/model/checkout/order/addOrderHistory/after', 'extension/total/voucher/send', 0, '0000-00-00 00:00:00');

-- --------------------------------------------------------

--
-- Table structure for table `extension`
--

CREATE TABLE `extension` (
  `extension_id` int(11) NOT NULL AUTO_INCREMENT,
  `type` varchar(32) NOT NULL,
  `code` varchar(32) NOT NULL,
  PRIMARY KEY (`extension_id`)
) ENGINE=MyISAM  DEFAULT CHARSET=utf8 AUTO_INCREMENT=29 ;

--
-- Dumping data for table `extension`
--

INSERT INTO `extension` VALUES(1, 'payment', 'cod');
INSERT INTO `extension` VALUES(2, 'total', 'shipping');
INSERT INTO `extension` VALUES(3, 'total', 'sub_total');
INSERT INTO `extension` VALUES(4, 'total', 'tax');
INSERT INTO `extension` VALUES(5, 'total', 'total');
INSERT INTO `extension` VALUES(6, 'module', 'banner');
INSERT INTO `extension` VALUES(7, 'module', 'carousel');
INSERT INTO `extension` VALUES(8, 'total', 'credit');
INSERT INTO `extension` VALUES(9, 'shipping', 'flat');
INSERT INTO `extension` VALUES(10, 'total', 'handling');
INSERT INTO `extension` VALUES(11, 'total', 'low_order_fee');
INSERT INTO `extension` VALUES(12, 'total', 'coupon');
INSERT INTO `extension` VALUES(13, 'module', 'category');
INSERT INTO `extension` VALUES(14, 'module', 'account');
INSERT INTO `extension` VALUES(15, 'total', 'reward');
INSERT INTO `extension` VALUES(16, 'total', 'voucher');
INSERT INTO `extension` VALUES(17, 'payment', 'free_checkout');
INSERT INTO `extension` VALUES(18, 'module', 'featured');
INSERT INTO `extension` VALUES(19, 'module', 'slideshow');
INSERT INTO `extension` VALUES(20, 'theme', 'theme_default');
INSERT INTO `extension` VALUES(21, 'dashboard', 'activity');
INSERT INTO `extension` VALUES(22, 'dashboard', 'sale');
INSERT INTO `extension` VALUES(23, 'dashboard', 'recent');
INSERT INTO `extension` VALUES(24, 'dashboard', 'order');
INSERT INTO `extension` VALUES(25, 'dashboard', 'online');
INSERT INTO `extension` VALUES(26, 'dashboard', 'map');
INSERT INTO `extension` VALUES(27, 'dashboard', 'customer');
INSERT INTO `extension` VALUES(28, 'dashboard', 'chart');

-- --------------------------------------------------------

--
-- Table structure for table `filter`
--

CREATE TABLE `filter` (
  `filter_id` int(11) NOT NULL AUTO_INCREMENT,
  `filter_group_id` int(11) NOT NULL,
  `sort_order` int(3) NOT NULL,
  PRIMARY KEY (`filter_id`)
) ENGINE=MyISAM DEFAULT CHARSET=utf8 AUTO_INCREMENT=1 ;

--
-- Dumping data for table `filter`
--


-- --------------------------------------------------------

--
-- Table structure for table `filter_description`
--

CREATE TABLE `filter_description` (
  `filter_id` int(11) NOT NULL,
  `language_id` int(11) NOT NULL,
  `filter_group_id` int(11) NOT NULL,
  `name` varchar(64) NOT NULL,
  PRIMARY KEY (`filter_id`,`language_id`)
) ENGINE=MyISAM DEFAULT CHARSET=utf8;

--
-- Dumping data for table `filter_description`
--


-- --------------------------------------------------------

--
-- Table structure for table `filter_group`
--

CREATE TABLE `filter_group` (
  `filter_group_id` int(11) NOT NULL AUTO_INCREMENT,
  `sort_order` int(3) NOT NULL,
  PRIMARY KEY (`filter_group_id`)
) ENGINE=MyISAM DEFAULT CHARSET=utf8 AUTO_INCREMENT=1 ;

--
-- Dumping data for table `filter_group`
--


-- --------------------------------------------------------

--
-- Table structure for table `filter_group_description`
--

CREATE TABLE `filter_group_description` (
  `filter_group_id` int(11) NOT NULL,
  `language_id` int(11) NOT NULL,
  `name` varchar(64) NOT NULL,
  PRIMARY KEY (`filter_group_id`,`language_id`)
) ENGINE=MyISAM DEFAULT CHARSET=utf8;

--
-- Dumping data for table `filter_group_description`
--


-- --------------------------------------------------------

--
-- Table structure for table `geo_zone`
--

CREATE TABLE `geo_zone` (
  `geo_zone_id` int(11) NOT NULL AUTO_INCREMENT,
  `name` varchar(32) NOT NULL,
  `description` varchar(255) NOT NULL,
  `date_modified` datetime NOT NULL,
  `date_added` datetime NOT NULL,
  PRIMARY KEY (`geo_zone_id`)
) ENGINE=MyISAM  DEFAULT CHARSET=utf8 AUTO_INCREMENT=5 ;

--
-- Dumping data for table `geo_zone`
--

INSERT INTO `geo_zone` VALUES(3, 'UK VAT Zone', 'UK VAT', '2010-02-26 22:33:24', '2009-01-06 23:26:25');
INSERT INTO `geo_zone` VALUES(4, 'UK Shipping', 'UK Shipping Zones', '2010-12-15 15:18:13', '2009-06-23 01:14:53');

-- --------------------------------------------------------

--
-- Table structure for table `information`
--

CREATE TABLE `information` (
  `information_id` int(11) NOT NULL AUTO_INCREMENT,
  `bottom` int(1) NOT NULL DEFAULT '0',
  `sort_order` int(3) NOT NULL DEFAULT '0',
  `status` tinyint(1) NOT NULL DEFAULT '1',
  PRIMARY KEY (`information_id`)
) ENGINE=MyISAM  DEFAULT CHARSET=utf8 AUTO_INCREMENT=7 ;

--
-- Dumping data for table `information`
--

INSERT INTO `information` VALUES(3, 1, 3, 1);
INSERT INTO `information` VALUES(4, 1, 1, 1);
INSERT INTO `information` VALUES(5, 1, 4, 1);
INSERT INTO `information` VALUES(6, 1, 2, 1);

-- --------------------------------------------------------

--
-- Table structure for table `information_description`
--

CREATE TABLE `information_description` (
  `information_id` int(11) NOT NULL,
  `language_id` int(11) NOT NULL,
  `title` varchar(64) NOT NULL,
  `description` text NOT NULL,
  `meta_title` varchar(255) NOT NULL,
  `meta_description` varchar(255) NOT NULL,
  `meta_keyword` varchar(255) NOT NULL,
  PRIMARY KEY (`information_id`,`language_id`)
) ENGINE=MyISAM DEFAULT CHARSET=utf8;

--
-- Dumping data for table `information_description`
--

INSERT INTO `information_description` VALUES(4, 1, 'About Us', '&lt;p&gt;\r\n	About Us&lt;/p&gt;\r\n', 'About Us', '', '');
INSERT INTO `information_description` VALUES(5, 1, 'Terms &amp; Conditions', '&lt;p&gt;\r\n	Terms &amp;amp; Conditions&lt;/p&gt;\r\n', 'Terms &amp; Conditions', '', '');
INSERT INTO `information_description` VALUES(3, 1, 'Privacy Policy', '&lt;p&gt;\r\n	Privacy Policy&lt;/p&gt;\r\n', 'Privacy Policy', '', '');
INSERT INTO `information_description` VALUES(6, 1, 'Delivery Information', '&lt;p&gt;\r\n	Delivery Information&lt;/p&gt;\r\n', 'Delivery Information', '', '');

-- --------------------------------------------------------

--
-- Table structure for table `information_to_layout`
--

CREATE TABLE `information_to_layout` (
  `information_id` int(11) NOT NULL,
  `store_id` int(11) NOT NULL,
  `layout_id` int(11) NOT NULL,
  PRIMARY KEY (`information_id`,`store_id`)
) ENGINE=MyISAM DEFAULT CHARSET=utf8;

--
-- Dumping data for table `information_to_layout`
--


-- --------------------------------------------------------

--
-- Table structure for table `information_to_store`
--

CREATE TABLE `information_to_store` (
  `information_id` int(11) NOT NULL,
  `store_id` int(11) NOT NULL,
  PRIMARY KEY (`information_id`,`store_id`)
) ENGINE=MyISAM DEFAULT CHARSET=utf8;

--
-- Dumping data for table `information_to_store`
--

INSERT INTO `information_to_store` VALUES(3, 0);
INSERT INTO `information_to_store` VALUES(4, 0);
INSERT INTO `information_to_store` VALUES(5, 0);
INSERT INTO `information_to_store` VALUES(6, 0);

-- --------------------------------------------------------

--
-- Table structure for table `language`
--

CREATE TABLE `language` (
  `language_id` int(11) NOT NULL AUTO_INCREMENT,
  `name` varchar(32) NOT NULL,
  `code` varchar(5) NOT NULL,
  `locale` varchar(255) NOT NULL,
  `image` varchar(64) NOT NULL,
  `directory` varchar(32) NOT NULL,
  `sort_order` int(3) NOT NULL DEFAULT '0',
  `status` tinyint(1) NOT NULL,
  PRIMARY KEY (`language_id`),
  KEY `name` (`name`)
) ENGINE=MyISAM  DEFAULT CHARSET=utf8 AUTO_INCREMENT=2 ;

--
-- Dumping data for table `language`
--

INSERT INTO `language` VALUES(1, 'English', 'en-gb', 'en-US,en_US.UTF-8,en_US,en-gb,english', 'gb.png', 'english', 1, 1);

-- --------------------------------------------------------

--
-- Table structure for table `layout`
--

CREATE TABLE `layout` (
  `layout_id` int(11) NOT NULL AUTO_INCREMENT,
  `name` varchar(64) NOT NULL,
  PRIMARY KEY (`layout_id`)
) ENGINE=MyISAM  DEFAULT CHARSET=utf8 AUTO_INCREMENT=14 ;

--
-- Dumping data for table `layout`
--

INSERT INTO `layout` VALUES(1, 'Home');
INSERT INTO `layout` VALUES(2, 'Product');
INSERT INTO `layout` VALUES(3, 'Category');
INSERT INTO `layout` VALUES(4, 'Default');
INSERT INTO `layout` VALUES(5, 'Manufacturer');
INSERT INTO `layout` VALUES(6, 'Account');
INSERT INTO `layout` VALUES(7, 'Checkout');
INSERT INTO `layout` VALUES(8, 'Contact');
INSERT INTO `layout` VALUES(9, 'Sitemap');
INSERT INTO `layout` VALUES(10, 'Affiliate');
INSERT INTO `layout` VALUES(11, 'Information');
INSERT INTO `layout` VALUES(12, 'Compare');
INSERT INTO `layout` VALUES(13, 'Search');

-- --------------------------------------------------------

--
-- Table structure for table `layout_module`
--

CREATE TABLE `layout_module` (
  `layout_module_id` int(11) NOT NULL AUTO_INCREMENT,
  `layout_id` int(11) NOT NULL,
  `code` varchar(64) NOT NULL,
  `position` varchar(14) NOT NULL,
  `sort_order` int(3) NOT NULL,
  PRIMARY KEY (`layout_module_id`)
) ENGINE=MyISAM  DEFAULT CHARSET=utf8 AUTO_INCREMENT=74 ;

--
-- Dumping data for table `layout_module`
--

INSERT INTO `layout_module` VALUES(2, 4, '0', 'content_top', 0);
INSERT INTO `layout_module` VALUES(3, 4, '0', 'content_top', 1);
INSERT INTO `layout_module` VALUES(20, 5, '0', 'column_left', 2);
INSERT INTO `layout_module` VALUES(69, 10, 'affiliate', 'column_right', 1);
INSERT INTO `layout_module` VALUES(68, 6, 'account', 'column_right', 1);
INSERT INTO `layout_module` VALUES(67, 1, 'carousel.29', 'content_top', 3);
INSERT INTO `layout_module` VALUES(66, 1, 'slideshow.27', 'content_top', 1);
INSERT INTO `layout_module` VALUES(65, 1, 'featured.28', 'content_top', 2);
INSERT INTO `layout_module` VALUES(72, 3, 'category', 'column_left', 1);
INSERT INTO `layout_module` VALUES(73, 3, 'banner.30', 'column_left', 2);

-- --------------------------------------------------------

--
-- Table structure for table `layout_route`
--

CREATE TABLE `layout_route` (
  `layout_route_id` int(11) NOT NULL AUTO_INCREMENT,
  `layout_id` int(11) NOT NULL,
  `store_id` int(11) NOT NULL,
  `route` varchar(64) NOT NULL,
  PRIMARY KEY (`layout_route_id`)
) ENGINE=MyISAM  DEFAULT CHARSET=utf8 AUTO_INCREMENT=54 ;

--
-- Dumping data for table `layout_route`
--

INSERT INTO `layout_route` VALUES(38, 6, 0, 'account/%');
INSERT INTO `layout_route` VALUES(17, 10, 0, 'affiliate/%');
INSERT INTO `layout_route` VALUES(44, 3, 0, 'product/category');
INSERT INTO `layout_route` VALUES(42, 1, 0, 'common/home');
INSERT INTO `layout_route` VALUES(20, 2, 0, 'product/product');
INSERT INTO `layout_route` VALUES(24, 11, 0, 'information/information');
INSERT INTO `layout_route` VALUES(23, 7, 0, 'checkout/%');
INSERT INTO `layout_route` VALUES(31, 8, 0, 'information/contact');
INSERT INTO `layout_route` VALUES(32, 9, 0, 'information/sitemap');
INSERT INTO `layout_route` VALUES(34, 4, 0, '');
INSERT INTO `layout_route` VALUES(45, 5, 0, 'product/manufacturer');
INSERT INTO `layout_route` VALUES(52, 12, 0, 'product/compare');
INSERT INTO `layout_route` VALUES(53, 13, 0, 'product/search');

-- --------------------------------------------------------

--
-- Table structure for table `length_class`
--

CREATE TABLE `length_class` (
  `length_class_id` int(11) NOT NULL AUTO_INCREMENT,
  `value` decimal(15,8) NOT NULL,
  PRIMARY KEY (`length_class_id`)
) ENGINE=MyISAM  DEFAULT CHARSET=utf8 AUTO_INCREMENT=4 ;

--
-- Dumping data for table `length_class`
--

INSERT INTO `length_class` VALUES(1, 1.00000000);
INSERT INTO `length_class` VALUES(2, 10.00000000);
INSERT INTO `length_class` VALUES(3, 0.39370000);

-- --------------------------------------------------------

--
-- Table structure for table `length_class_description`
--

CREATE TABLE `length_class_description` (
  `length_class_id` int(11) NOT NULL,
  `language_id` int(11) NOT NULL,
  `title` varchar(32) NOT NULL,
  `unit` varchar(4) NOT NULL,
  PRIMARY KEY (`length_class_id`,`language_id`)
) ENGINE=MyISAM DEFAULT CHARSET=utf8;

--
-- Dumping data for table `length_class_description`
--

INSERT INTO `length_class_description` VALUES(1, 1, 'Centimeter', 'cm');
INSERT INTO `length_class_description` VALUES(2, 1, 'Millimeter', 'mm');
INSERT INTO `length_class_description` VALUES(3, 1, 'Inch', 'in');

-- --------------------------------------------------------

--
-- Table structure for table `location`
--

CREATE TABLE `location` (
  `location_id` int(11) NOT NULL AUTO_INCREMENT,
  `name` varchar(32) NOT NULL,
  `address` text NOT NULL,
  `telephone` varchar(32) NOT NULL,
  `fax` varchar(32) NOT NULL,
  `geocode` varchar(32) NOT NULL,
  `image` varchar(255) DEFAULT NULL,
  `open` text NOT NULL,
  `comment` text NOT NULL,
  PRIMARY KEY (`location_id`),
  KEY `name` (`name`)
) ENGINE=MyISAM DEFAULT CHARSET=utf8 AUTO_INCREMENT=1 ;

--
-- Dumping data for table `location`
--


-- --------------------------------------------------------

--
-- Table structure for table `manufacturer`
--

CREATE TABLE `manufacturer` (
  `manufacturer_id` int(11) NOT NULL AUTO_INCREMENT,
  `name` varchar(64) NOT NULL,
  `image` varchar(255) DEFAULT NULL,
  `sort_order` int(3) NOT NULL,
  PRIMARY KEY (`manufacturer_id`)
) ENGINE=MyISAM  DEFAULT CHARSET=utf8 AUTO_INCREMENT=11 ;

--
-- Dumping data for table `manufacturer`
--

INSERT INTO `manufacturer` VALUES(5, 'HTC', 'catalog/demo/htc_logo.jpg', 0);
INSERT INTO `manufacturer` VALUES(6, 'Palm', 'catalog/demo/palm_logo.jpg', 0);
INSERT INTO `manufacturer` VALUES(7, 'Hewlett-Packard', 'catalog/demo/hp_logo.jpg', 0);
INSERT INTO `manufacturer` VALUES(8, 'Apple', 'catalog/demo/apple_logo.jpg', 0);
INSERT INTO `manufacturer` VALUES(9, 'Canon', 'catalog/demo/canon_logo.jpg', 0);
INSERT INTO `manufacturer` VALUES(10, 'Sony', 'catalog/demo/sony_logo.jpg', 0);

-- --------------------------------------------------------

--
-- Table structure for table `manufacturer_to_store`
--

CREATE TABLE `manufacturer_to_store` (
  `manufacturer_id` int(11) NOT NULL,
  `store_id` int(11) NOT NULL,
  PRIMARY KEY (`manufacturer_id`,`store_id`)
) ENGINE=MyISAM DEFAULT CHARSET=utf8;

--
-- Dumping data for table `manufacturer_to_store`
--

INSERT INTO `manufacturer_to_store` VALUES(5, 0);
INSERT INTO `manufacturer_to_store` VALUES(6, 0);
INSERT INTO `manufacturer_to_store` VALUES(7, 0);
INSERT INTO `manufacturer_to_store` VALUES(8, 0);
INSERT INTO `manufacturer_to_store` VALUES(9, 0);
INSERT INTO `manufacturer_to_store` VALUES(10, 0);

-- --------------------------------------------------------

--
-- Table structure for table `marketing`
--

CREATE TABLE `marketing` (
  `marketing_id` int(11) NOT NULL AUTO_INCREMENT,
  `name` varchar(32) NOT NULL,
  `description` text NOT NULL,
  `code` varchar(64) NOT NULL,
  `clicks` int(5) NOT NULL DEFAULT '0',
  `date_added` datetime NOT NULL,
  PRIMARY KEY (`marketing_id`)
) ENGINE=MyISAM DEFAULT CHARSET=utf8 AUTO_INCREMENT=1 ;

--
-- Dumping data for table `marketing`
--


-- --------------------------------------------------------

--
-- Table structure for table `menu`
--

CREATE TABLE `menu` (
  `menu_id` int(11) NOT NULL AUTO_INCREMENT,
  `store_id` int(11) NOT NULL,
  `type` varchar(6) NOT NULL,
  `link` varchar(255) NOT NULL,
  `sort_order` int(3) NOT NULL,
  `status` tinyint(1) NOT NULL,
  PRIMARY KEY (`menu_id`)
) ENGINE=MyISAM DEFAULT CHARSET=utf8 AUTO_INCREMENT=1 ;

--
-- Dumping data for table `menu`
--


-- --------------------------------------------------------

--
-- Table structure for table `menu_description`
--

CREATE TABLE `menu_description` (
  `menu_id` int(11) NOT NULL,
  `language_id` int(11) NOT NULL,
  `name` varchar(64) NOT NULL,
  PRIMARY KEY (`menu_id`,`language_id`)
) ENGINE=MyISAM DEFAULT CHARSET=utf8;

--
-- Dumping data for table `menu_description`
--


-- --------------------------------------------------------

--
-- Table structure for table `menu_module`
--

CREATE TABLE `menu_module` (
  `menu_module_id` int(11) NOT NULL,
  `menu_id` int(11) NOT NULL,
  `code` varchar(64) NOT NULL,
  `sort_order` int(3) NOT NULL,
  PRIMARY KEY (`menu_module_id`),
  KEY `menu_id` (`menu_id`)
) ENGINE=MyISAM DEFAULT CHARSET=utf8;

--
-- Dumping data for table `menu_module`
--


-- --------------------------------------------------------

--
-- Table structure for table `modification`
--

CREATE TABLE `modification` (
  `modification_id` int(11) NOT NULL AUTO_INCREMENT,
  `name` varchar(64) NOT NULL,
  `code` varchar(64) NOT NULL,
  `author` varchar(64) NOT NULL,
  `version` varchar(32) NOT NULL,
  `link` varchar(255) NOT NULL,
  `xml` mediumtext NOT NULL,
  `status` tinyint(1) NOT NULL,
  `date_added` datetime NOT NULL,
  PRIMARY KEY (`modification_id`)
) ENGINE=MyISAM DEFAULT CHARSET=utf8 AUTO_INCREMENT=1 ;

--
-- Dumping data for table `modification`
--


-- --------------------------------------------------------

--
-- Table structure for table `module`
--

CREATE TABLE `module` (
  `module_id` int(11) NOT NULL AUTO_INCREMENT,
  `name` varchar(64) NOT NULL,
  `code` varchar(32) NOT NULL,
  `setting` text NOT NULL,
  PRIMARY KEY (`module_id`)
) ENGINE=MyISAM  DEFAULT CHARSET=utf8 AUTO_INCREMENT=32 ;

--
-- Dumping data for table `module`
--

INSERT INTO `module` VALUES(30, 'Category', 'banner', '{"name":"Category","banner_id":"6","width":"182","height":"182","status":"1"}');
INSERT INTO `module` VALUES(29, 'Home Page', 'carousel', '{"name":"Home Page","banner_id":"8","width":"130","height":"100","status":"1"}');
INSERT INTO `module` VALUES(28, 'Home Page', 'featured', '{"name":"Home Page","product":["43","40","42","30"],"limit":"4","width":"200","height":"200","status":"1"}');
INSERT INTO `module` VALUES(27, 'Home Page', 'slideshow', '{"name":"Home Page","banner_id":"7","width":"1140","height":"380","status":"1"}');
INSERT INTO `module` VALUES(31, 'Banner 1', 'banner', '{"name":"Banner 1","banner_id":"6","width":"182","height":"182","status":"1"}');

-- --------------------------------------------------------

--
-- Table structure for table `option`
--

CREATE TABLE `option` (
  `option_id` int(11) NOT NULL AUTO_INCREMENT,
  `type` varchar(32) NOT NULL,
  `sort_order` int(3) NOT NULL,
  PRIMARY KEY (`option_id`)
) ENGINE=MyISAM  DEFAULT CHARSET=utf8 AUTO_INCREMENT=13 ;

--
-- Dumping data for table `option`
--

INSERT INTO `option` VALUES(1, 'radio', 1);
INSERT INTO `option` VALUES(2, 'checkbox', 2);
INSERT INTO `option` VALUES(4, 'text', 3);
INSERT INTO `option` VALUES(5, 'select', 4);
INSERT INTO `option` VALUES(6, 'textarea', 5);
INSERT INTO `option` VALUES(7, 'file', 6);
INSERT INTO `option` VALUES(8, 'date', 7);
INSERT INTO `option` VALUES(9, 'time', 8);
INSERT INTO `option` VALUES(10, 'datetime', 9);
INSERT INTO `option` VALUES(11, 'select', 10);
INSERT INTO `option` VALUES(12, 'date', 11);

-- --------------------------------------------------------

--
-- Table structure for table `option_description`
--

CREATE TABLE `option_description` (
  `option_id` int(11) NOT NULL,
  `language_id` int(11) NOT NULL,
  `name` varchar(128) NOT NULL,
  PRIMARY KEY (`option_id`,`language_id`)
) ENGINE=MyISAM DEFAULT CHARSET=utf8;

--
-- Dumping data for table `option_description`
--

INSERT INTO `option_description` VALUES(1, 1, 'Radio');
INSERT INTO `option_description` VALUES(2, 1, 'Checkbox');
INSERT INTO `option_description` VALUES(4, 1, 'Text');
INSERT INTO `option_description` VALUES(6, 1, 'Textarea');
INSERT INTO `option_description` VALUES(8, 1, 'Date');
INSERT INTO `option_description` VALUES(7, 1, 'File');
INSERT INTO `option_description` VALUES(5, 1, 'Select');
INSERT INTO `option_description` VALUES(9, 1, 'Time');
INSERT INTO `option_description` VALUES(10, 1, 'Date &amp; Time');
INSERT INTO `option_description` VALUES(12, 1, 'Delivery Date');
INSERT INTO `option_description` VALUES(11, 1, 'Size');

-- --------------------------------------------------------

--
-- Table structure for table `option_value`
--

CREATE TABLE `option_value` (
  `option_value_id` int(11) NOT NULL AUTO_INCREMENT,
  `option_id` int(11) NOT NULL,
  `image` varchar(255) NOT NULL,
  `sort_order` int(3) NOT NULL,
  PRIMARY KEY (`option_value_id`)
) ENGINE=MyISAM  DEFAULT CHARSET=utf8 AUTO_INCREMENT=49 ;

--
-- Dumping data for table `option_value`
--

INSERT INTO `option_value` VALUES(43, 1, '', 3);
INSERT INTO `option_value` VALUES(32, 1, '', 1);
INSERT INTO `option_value` VALUES(45, 2, '', 4);
INSERT INTO `option_value` VALUES(44, 2, '', 3);
INSERT INTO `option_value` VALUES(42, 5, '', 4);
INSERT INTO `option_value` VALUES(41, 5, '', 3);
INSERT INTO `option_value` VALUES(39, 5, '', 1);
INSERT INTO `option_value` VALUES(40, 5, '', 2);
INSERT INTO `option_value` VALUES(31, 1, '', 2);
INSERT INTO `option_value` VALUES(23, 2, '', 1);
INSERT INTO `option_value` VALUES(24, 2, '', 2);
INSERT INTO `option_value` VALUES(46, 11, '', 1);
INSERT INTO `option_value` VALUES(47, 11, '', 2);
INSERT INTO `option_value` VALUES(48, 11, '', 3);

-- --------------------------------------------------------

--
-- Table structure for table `option_value_description`
--

CREATE TABLE `option_value_description` (
  `option_value_id` int(11) NOT NULL,
  `language_id` int(11) NOT NULL,
  `option_id` int(11) NOT NULL,
  `name` varchar(128) NOT NULL,
  PRIMARY KEY (`option_value_id`,`language_id`)
) ENGINE=MyISAM DEFAULT CHARSET=utf8;

--
-- Dumping data for table `option_value_description`
--

INSERT INTO `option_value_description` VALUES(43, 1, 1, 'Large');
INSERT INTO `option_value_description` VALUES(32, 1, 1, 'Small');
INSERT INTO `option_value_description` VALUES(45, 1, 2, 'Checkbox 4');
INSERT INTO `option_value_description` VALUES(44, 1, 2, 'Checkbox 3');
INSERT INTO `option_value_description` VALUES(31, 1, 1, 'Medium');
INSERT INTO `option_value_description` VALUES(42, 1, 5, 'Yellow');
INSERT INTO `option_value_description` VALUES(41, 1, 5, 'Green');
INSERT INTO `option_value_description` VALUES(39, 1, 5, 'Red');
INSERT INTO `option_value_description` VALUES(40, 1, 5, 'Blue');
INSERT INTO `option_value_description` VALUES(23, 1, 2, 'Checkbox 1');
INSERT INTO `option_value_description` VALUES(24, 1, 2, 'Checkbox 2');
INSERT INTO `option_value_description` VALUES(48, 1, 11, 'Large');
INSERT INTO `option_value_description` VALUES(47, 1, 11, 'Medium');
INSERT INTO `option_value_description` VALUES(46, 1, 11, 'Small');

-- --------------------------------------------------------

--
-- Table structure for table `order`
--

CREATE TABLE `order` (
  `order_id` int(11) NOT NULL AUTO_INCREMENT,
  `invoice_no` int(11) NOT NULL DEFAULT '0',
  `invoice_prefix` varchar(26) NOT NULL,
  `store_id` int(11) NOT NULL DEFAULT '0',
  `store_name` varchar(64) NOT NULL,
  `store_url` varchar(255) NOT NULL,
  `customer_id` int(11) NOT NULL DEFAULT '0',
  `customer_group_id` int(11) NOT NULL DEFAULT '0',
  `firstname` varchar(32) NOT NULL,
  `lastname` varchar(32) NOT NULL,
  `email` varchar(96) NOT NULL,
  `telephone` varchar(32) NOT NULL,
  `fax` varchar(32) NOT NULL,
  `custom_field` text NOT NULL,
  `payment_firstname` varchar(32) NOT NULL,
  `payment_lastname` varchar(32) NOT NULL,
  `payment_company` varchar(60) NOT NULL,
  `payment_address_1` varchar(128) NOT NULL,
  `payment_address_2` varchar(128) NOT NULL,
  `payment_city` varchar(128) NOT NULL,
  `payment_postcode` varchar(10) NOT NULL,
  `payment_country` varchar(128) NOT NULL,
  `payment_country_id` int(11) NOT NULL,
  `payment_zone` varchar(128) NOT NULL,
  `payment_zone_id` int(11) NOT NULL,
  `payment_address_format` text NOT NULL,
  `payment_custom_field` text NOT NULL,
  `payment_method` varchar(128) NOT NULL,
  `payment_code` varchar(128) NOT NULL,
  `shipping_firstname` varchar(32) NOT NULL,
  `shipping_lastname` varchar(32) NOT NULL,
  `shipping_company` varchar(40) NOT NULL,
  `shipping_address_1` varchar(128) NOT NULL,
  `shipping_address_2` varchar(128) NOT NULL,
  `shipping_city` varchar(128) NOT NULL,
  `shipping_postcode` varchar(10) NOT NULL,
  `shipping_country` varchar(128) NOT NULL,
  `shipping_country_id` int(11) NOT NULL,
  `shipping_zone` varchar(128) NOT NULL,
  `shipping_zone_id` int(11) NOT NULL,
  `shipping_address_format` text NOT NULL,
  `shipping_custom_field` text NOT NULL,
  `shipping_method` varchar(128) NOT NULL,
  `shipping_code` varchar(128) NOT NULL,
  `comment` text NOT NULL,
  `total` decimal(15,4) NOT NULL DEFAULT '0.0000',
  `order_status_id` int(11) NOT NULL DEFAULT '0',
  `affiliate_id` int(11) NOT NULL,
  `commission` decimal(15,4) NOT NULL,
  `marketing_id` int(11) NOT NULL,
  `tracking` varchar(64) NOT NULL,
  `language_id` int(11) NOT NULL,
  `currency_id` int(11) NOT NULL,
  `currency_code` varchar(3) NOT NULL,
  `currency_value` decimal(15,8) NOT NULL DEFAULT '1.00000000',
  `ip` varchar(40) NOT NULL,
  `forwarded_ip` varchar(40) NOT NULL,
  `user_agent` varchar(255) NOT NULL,
  `accept_language` varchar(255) NOT NULL,
  `date_added` datetime NOT NULL,
  `date_modified` datetime NOT NULL,
  PRIMARY KEY (`order_id`)
) ENGINE=MyISAM DEFAULT CHARSET=utf8 AUTO_INCREMENT=1 ;

--
-- Dumping data for table `order`
--


-- --------------------------------------------------------

--
-- Table structure for table `order_custom_field`
--

CREATE TABLE `order_custom_field` (
  `order_custom_field_id` int(11) NOT NULL AUTO_INCREMENT,
  `order_id` int(11) NOT NULL,
  `custom_field_id` int(11) NOT NULL,
  `custom_field_value_id` int(11) NOT NULL,
  `name` varchar(255) NOT NULL,
  `value` text NOT NULL,
  `type` varchar(32) NOT NULL,
  `location` varchar(16) NOT NULL,
  PRIMARY KEY (`order_custom_field_id`)
) ENGINE=MyISAM DEFAULT CHARSET=utf8 AUTO_INCREMENT=1 ;

--
-- Dumping data for table `order_custom_field`
--


-- --------------------------------------------------------

--
-- Table structure for table `order_history`
--

CREATE TABLE `order_history` (
  `order_history_id` int(11) NOT NULL AUTO_INCREMENT,
  `order_id` int(11) NOT NULL,
  `order_status_id` int(11) NOT NULL,
  `notify` tinyint(1) NOT NULL DEFAULT '0',
  `comment` text NOT NULL,
  `date_added` datetime NOT NULL,
  PRIMARY KEY (`order_history_id`)
) ENGINE=MyISAM DEFAULT CHARSET=utf8 AUTO_INCREMENT=1 ;

--
-- Dumping data for table `order_history`
--


-- --------------------------------------------------------

--
-- Table structure for table `order_option`
--

CREATE TABLE `order_option` (
  `order_option_id` int(11) NOT NULL AUTO_INCREMENT,
  `order_id` int(11) NOT NULL,
  `order_product_id` int(11) NOT NULL,
  `product_option_id` int(11) NOT NULL,
  `product_option_value_id` int(11) NOT NULL DEFAULT '0',
  `name` varchar(255) NOT NULL,
  `value` text NOT NULL,
  `type` varchar(32) NOT NULL,
  PRIMARY KEY (`order_option_id`)
) ENGINE=MyISAM DEFAULT CHARSET=utf8 AUTO_INCREMENT=1 ;

--
-- Dumping data for table `order_option`
--


-- --------------------------------------------------------

--
-- Table structure for table `order_product`
--

CREATE TABLE `order_product` (
  `order_product_id` int(11) NOT NULL AUTO_INCREMENT,
  `order_id` int(11) NOT NULL,
  `product_id` int(11) NOT NULL,
  `name` varchar(255) NOT NULL,
  `model` varchar(64) NOT NULL,
  `quantity` int(4) NOT NULL,
  `price` decimal(15,4) NOT NULL DEFAULT '0.0000',
  `total` decimal(15,4) NOT NULL DEFAULT '0.0000',
  `tax` decimal(15,4) NOT NULL DEFAULT '0.0000',
  `reward` int(8) NOT NULL,
  PRIMARY KEY (`order_product_id`)
) ENGINE=MyISAM DEFAULT CHARSET=utf8 AUTO_INCREMENT=1 ;

--
-- Dumping data for table `order_product`
--


-- --------------------------------------------------------

--
-- Table structure for table `order_recurring`
--

CREATE TABLE `order_recurring` (
  `order_recurring_id` int(11) NOT NULL AUTO_INCREMENT,
  `order_id` int(11) NOT NULL,
  `reference` varchar(255) NOT NULL,
  `product_id` int(11) NOT NULL,
  `product_name` varchar(255) NOT NULL,
  `product_quantity` int(11) NOT NULL,
  `recurring_id` int(11) NOT NULL,
  `recurring_name` varchar(255) NOT NULL,
  `recurring_description` varchar(255) NOT NULL,
  `recurring_frequency` varchar(25) NOT NULL,
  `recurring_cycle` smallint(6) NOT NULL,
  `recurring_duration` smallint(6) NOT NULL,
  `recurring_price` decimal(10,4) NOT NULL,
  `trial` tinyint(1) NOT NULL,
  `trial_frequency` varchar(25) NOT NULL,
  `trial_cycle` smallint(6) NOT NULL,
  `trial_duration` smallint(6) NOT NULL,
  `trial_price` decimal(10,4) NOT NULL,
  `status` tinyint(4) NOT NULL,
  `date_added` datetime NOT NULL,
  PRIMARY KEY (`order_recurring_id`)
) ENGINE=MyISAM DEFAULT CHARSET=utf8 AUTO_INCREMENT=1 ;

--
-- Dumping data for table `order_recurring`
--


-- --------------------------------------------------------

--
-- Table structure for table `order_recurring_transaction`
--

CREATE TABLE `order_recurring_transaction` (
  `order_recurring_transaction_id` int(11) NOT NULL AUTO_INCREMENT,
  `order_recurring_id` int(11) NOT NULL,
  `reference` varchar(255) NOT NULL,
  `type` varchar(255) NOT NULL,
  `amount` decimal(10,4) NOT NULL,
  `date_added` datetime NOT NULL,
  PRIMARY KEY (`order_recurring_transaction_id`)
) ENGINE=MyISAM DEFAULT CHARSET=utf8 AUTO_INCREMENT=1 ;

--
-- Dumping data for table `order_recurring_transaction`
--


-- --------------------------------------------------------

--
-- Table structure for table `order_status`
--

CREATE TABLE `order_status` (
  `order_status_id` int(11) NOT NULL AUTO_INCREMENT,
  `language_id` int(11) NOT NULL,
  `name` varchar(32) NOT NULL,
  PRIMARY KEY (`order_status_id`,`language_id`)
) ENGINE=MyISAM  DEFAULT CHARSET=utf8 AUTO_INCREMENT=17 ;

--
-- Dumping data for table `order_status`
--

INSERT INTO `order_status` VALUES(2, 1, 'Processing');
INSERT INTO `order_status` VALUES(3, 1, 'Shipped');
INSERT INTO `order_status` VALUES(7, 1, 'Canceled');
INSERT INTO `order_status` VALUES(5, 1, 'Complete');
INSERT INTO `order_status` VALUES(8, 1, 'Denied');
INSERT INTO `order_status` VALUES(9, 1, 'Canceled Reversal');
INSERT INTO `order_status` VALUES(10, 1, 'Failed');
INSERT INTO `order_status` VALUES(11, 1, 'Refunded');
INSERT INTO `order_status` VALUES(12, 1, 'Reversed');
INSERT INTO `order_status` VALUES(13, 1, 'Chargeback');
INSERT INTO `order_status` VALUES(1, 1, 'Pending');
INSERT INTO `order_status` VALUES(16, 1, 'Voided');
INSERT INTO `order_status` VALUES(15, 1, 'Processed');
INSERT INTO `order_status` VALUES(14, 1, 'Expired');

-- --------------------------------------------------------

--
-- Table structure for table `order_total`
--

CREATE TABLE `order_total` (
  `order_total_id` int(10) NOT NULL AUTO_INCREMENT,
  `order_id` int(11) NOT NULL,
  `code` varchar(32) NOT NULL,
  `title` varchar(255) NOT NULL,
  `value` decimal(15,4) NOT NULL DEFAULT '0.0000',
  `sort_order` int(3) NOT NULL,
  PRIMARY KEY (`order_total_id`),
  KEY `order_id` (`order_id`)
) ENGINE=MyISAM DEFAULT CHARSET=utf8 AUTO_INCREMENT=1 ;

--
-- Dumping data for table `order_total`
--


-- --------------------------------------------------------

--
-- Table structure for table `order_voucher`
--

CREATE TABLE `order_voucher` (
  `order_voucher_id` int(11) NOT NULL AUTO_INCREMENT,
  `order_id` int(11) NOT NULL,
  `voucher_id` int(11) NOT NULL,
  `description` varchar(255) NOT NULL,
  `code` varchar(10) NOT NULL,
  `from_name` varchar(64) NOT NULL,
  `from_email` varchar(96) NOT NULL,
  `to_name` varchar(64) NOT NULL,
  `to_email` varchar(96) NOT NULL,
  `voucher_theme_id` int(11) NOT NULL,
  `message` text NOT NULL,
  `amount` decimal(15,4) NOT NULL,
  PRIMARY KEY (`order_voucher_id`)
) ENGINE=MyISAM DEFAULT CHARSET=utf8 AUTO_INCREMENT=1 ;

--
-- Dumping data for table `order_voucher`
--


-- --------------------------------------------------------

--
-- Table structure for table `product`
--

CREATE TABLE `product` (
  `product_id` int(11) NOT NULL AUTO_INCREMENT,
  `model` varchar(64) NOT NULL,
  `sku` varchar(64) NOT NULL,
  `upc` varchar(12) NOT NULL,
  `ean` varchar(14) NOT NULL,
  `jan` varchar(13) NOT NULL,
  `isbn` varchar(17) NOT NULL,
  `mpn` varchar(64) NOT NULL,
  `location` varchar(128) NOT NULL,
  `quantity` int(4) NOT NULL DEFAULT '0',
  `stock_status_id` int(11) NOT NULL,
  `image` varchar(255) DEFAULT NULL,
  `manufacturer_id` int(11) NOT NULL,
  `shipping` tinyint(1) NOT NULL DEFAULT '1',
  `price` decimal(15,4) NOT NULL DEFAULT '0.0000',
  `points` int(8) NOT NULL DEFAULT '0',
  `tax_class_id` int(11) NOT NULL,
  `date_available` date NOT NULL DEFAULT '0000-00-00',
  `weight` decimal(15,8) NOT NULL DEFAULT '0.00000000',
  `weight_class_id` int(11) NOT NULL DEFAULT '0',
  `length` decimal(15,8) NOT NULL DEFAULT '0.00000000',
  `width` decimal(15,8) NOT NULL DEFAULT '0.00000000',
  `height` decimal(15,8) NOT NULL DEFAULT '0.00000000',
  `length_class_id` int(11) NOT NULL DEFAULT '0',
  `subtract` tinyint(1) NOT NULL DEFAULT '1',
  `minimum` int(11) NOT NULL DEFAULT '1',
  `sort_order` int(11) NOT NULL DEFAULT '0',
  `status` tinyint(1) NOT NULL DEFAULT '0',
  `viewed` int(5) NOT NULL DEFAULT '0',
  `date_added` datetime NOT NULL,
  `date_modified` datetime NOT NULL,
  PRIMARY KEY (`product_id`)
) ENGINE=MyISAM  DEFAULT CHARSET=utf8 AUTO_INCREMENT=50 ;

--
-- Dumping data for table `product`
--

INSERT INTO `product` VALUES(28, 'Product 1', '', '', '', '', '', '', '', 939, 7, 'catalog/demo/htc_touch_hd_1.jpg', 5, 1, 100.0000, 200, 9, '2009-02-03', 146.40000000, 2, 0.00000000, 0.00000000, 0.00000000, 1, 1, 1, 0, 1, 0, '2009-02-03 16:06:50', '2011-09-30 01:05:39');
INSERT INTO `product` VALUES(29, 'Product 2', '', '', '', '', '', '', '', 999, 6, 'catalog/demo/palm_treo_pro_1.jpg', 6, 1, 279.9900, 0, 9, '2009-02-03', 133.00000000, 2, 0.00000000, 0.00000000, 0.00000000, 3, 1, 1, 0, 1, 0, '2009-02-03 16:42:17', '2011-09-30 01:06:08');
INSERT INTO `product` VALUES(30, 'Product 3', '', '', '', '', '', '', '', 7, 6, 'catalog/demo/canon_eos_5d_1.jpg', 9, 1, 100.0000, 0, 9, '2009-02-03', 0.00000000, 1, 0.00000000, 0.00000000, 0.00000000, 1, 1, 1, 0, 1, 0, '2009-02-03 16:59:00', '2011-09-30 01:05:23');
INSERT INTO `product` VALUES(31, 'Product 4', '', '', '', '', '', '', '', 1000, 6, 'catalog/demo/nikon_d300_1.jpg', 0, 1, 80.0000, 0, 9, '2009-02-03', 0.00000000, 1, 0.00000000, 0.00000000, 0.00000000, 3, 1, 1, 0, 1, 0, '2009-02-03 17:00:10', '2011-09-30 01:06:00');
INSERT INTO `product` VALUES(32, 'Product 5', '', '', '', '', '', '', '', 999, 6, 'catalog/demo/ipod_touch_1.jpg', 8, 1, 100.0000, 0, 9, '2009-02-03', 5.00000000, 1, 0.00000000, 0.00000000, 0.00000000, 1, 1, 1, 0, 1, 0, '2009-02-03 17:07:26', '2011-09-30 01:07:22');
INSERT INTO `product` VALUES(33, 'Product 6', '', '', '', '', '', '', '', 1000, 6, 'catalog/demo/samsung_syncmaster_941bw.jpg', 0, 1, 200.0000, 0, 9, '2009-02-03', 5.00000000, 1, 0.00000000, 0.00000000, 0.00000000, 2, 1, 1, 0, 1, 0, '2009-02-03 17:08:31', '2011-09-30 01:06:29');
INSERT INTO `product` VALUES(34, 'Product 7', '', '', '', '', '', '', '', 1000, 6, 'catalog/demo/ipod_shuffle_1.jpg', 8, 1, 100.0000, 0, 9, '2009-02-03', 5.00000000, 1, 0.00000000, 0.00000000, 0.00000000, 2, 1, 1, 0, 1, 0, '2009-02-03 18:07:54', '2011-09-30 01:07:17');
INSERT INTO `product` VALUES(35, 'Product 8', '', '', '', '', '', '', '', 1000, 5, '', 0, 0, 100.0000, 0, 9, '2009-02-03', 5.00000000, 1, 0.00000000, 0.00000000, 0.00000000, 1, 1, 1, 0, 1, 0, '2009-02-03 18:08:31', '2011-09-30 01:06:17');
INSERT INTO `product` VALUES(36, 'Product 9', '', '', '', '', '', '', '', 994, 6, 'catalog/demo/ipod_nano_1.jpg', 8, 0, 100.0000, 100, 9, '2009-02-03', 5.00000000, 1, 0.00000000, 0.00000000, 0.00000000, 2, 1, 1, 0, 1, 0, '2009-02-03 18:09:19', '2011-09-30 01:07:12');
INSERT INTO `product` VALUES(40, 'product 11', '', '', '', '', '', '', '', 970, 5, 'catalog/demo/iphone_1.jpg', 8, 1, 101.0000, 0, 9, '2009-02-03', 10.00000000, 1, 0.00000000, 0.00000000, 0.00000000, 1, 1, 1, 0, 1, 0, '2009-02-03 21:07:12', '2011-09-30 01:06:53');
INSERT INTO `product` VALUES(41, 'Product 14', '', '', '', '', '', '', '', 977, 5, 'catalog/demo/imac_1.jpg', 8, 1, 100.0000, 0, 9, '2009-02-03', 5.00000000, 1, 0.00000000, 0.00000000, 0.00000000, 1, 1, 1, 0, 1, 0, '2009-02-03 21:07:26', '2011-09-30 01:06:44');
INSERT INTO `product` VALUES(42, 'Product 15', '', '', '', '', '', '', '', 990, 5, 'catalog/demo/apple_cinema_30.jpg', 8, 1, 100.0000, 400, 9, '2009-02-04', 12.50000000, 1, 1.00000000, 2.00000000, 3.00000000, 1, 1, 2, 0, 1, 0, '2009-02-03 21:07:37', '2011-09-30 00:46:19');
INSERT INTO `product` VALUES(43, 'Product 16', '', '', '', '', '', '', '', 929, 5, 'catalog/demo/macbook_1.jpg', 8, 0, 500.0000, 0, 9, '2009-02-03', 0.00000000, 1, 0.00000000, 0.00000000, 0.00000000, 2, 1, 1, 0, 1, 0, '2009-02-03 21:07:49', '2011-09-30 01:05:46');
INSERT INTO `product` VALUES(44, 'Product 17', '', '', '', '', '', '', '', 1000, 5, 'catalog/demo/macbook_air_1.jpg', 8, 1, 1000.0000, 0, 9, '2009-02-03', 0.00000000, 1, 0.00000000, 0.00000000, 0.00000000, 2, 1, 1, 0, 1, 0, '2009-02-03 21:08:00', '2011-09-30 01:05:53');
INSERT INTO `product` VALUES(45, 'Product 18', '', '', '', '', '', '', '', 998, 5, 'catalog/demo/macbook_pro_1.jpg', 8, 1, 2000.0000, 0, 100, '2009-02-03', 0.00000000, 1, 0.00000000, 0.00000000, 0.00000000, 2, 1, 1, 0, 1, 0, '2009-02-03 21:08:17', '2011-09-15 22:22:01');
INSERT INTO `product` VALUES(46, 'Product 19', '', '', '', '', '', '', '', 1000, 5, 'catalog/demo/sony_vaio_1.jpg', 10, 1, 1000.0000, 0, 9, '2009-02-03', 0.00000000, 1, 0.00000000, 0.00000000, 0.00000000, 2, 1, 1, 0, 1, 0, '2009-02-03 21:08:29', '2011-09-30 01:06:39');
INSERT INTO `product` VALUES(47, 'Product 21', '', '', '', '', '', '', '', 1000, 5, 'catalog/demo/hp_1.jpg', 7, 1, 100.0000, 400, 9, '2009-02-03', 1.00000000, 1, 0.00000000, 0.00000000, 0.00000000, 1, 0, 1, 0, 1, 0, '2009-02-03 21:08:40', '2011-09-30 01:05:28');
INSERT INTO `product` VALUES(48, 'product 20', 'test 1', '', '', '', '', '', 'test 2', 995, 5, 'catalog/demo/ipod_classic_1.jpg', 8, 1, 100.0000, 0, 9, '2009-02-08', 1.00000000, 1, 0.00000000, 0.00000000, 0.00000000, 2, 1, 1, 0, 1, 0, '2009-02-08 17:21:51', '2011-09-30 01:07:06');
INSERT INTO `product` VALUES(49, 'SAM1', '', '', '', '', '', '', '', 0, 8, 'catalog/demo/samsung_tab_1.jpg', 0, 1, 199.9900, 0, 9, '2011-04-25', 0.00000000, 1, 0.00000000, 0.00000000, 0.00000000, 1, 1, 1, 1, 1, 0, '2011-04-26 08:57:34', '2011-09-30 01:06:23');

-- --------------------------------------------------------

--
-- Table structure for table `product_attribute`
--

CREATE TABLE `product_attribute` (
  `product_id` int(11) NOT NULL,
  `attribute_id` int(11) NOT NULL,
  `language_id` int(11) NOT NULL,
  `text` text NOT NULL,
  PRIMARY KEY (`product_id`,`attribute_id`,`language_id`)
) ENGINE=MyISAM DEFAULT CHARSET=utf8;

--
-- Dumping data for table `product_attribute`
--

INSERT INTO `product_attribute` VALUES(43, 2, 1, '1');
INSERT INTO `product_attribute` VALUES(47, 4, 1, '16GB');
INSERT INTO `product_attribute` VALUES(43, 4, 1, '8gb');
INSERT INTO `product_attribute` VALUES(42, 3, 1, '100mhz');
INSERT INTO `product_attribute` VALUES(47, 2, 1, '4');

-- --------------------------------------------------------

--
-- Table structure for table `product_description`
--

CREATE TABLE `product_description` (
  `product_id` int(11) NOT NULL,
  `language_id` int(11) NOT NULL,
  `name` varchar(255) NOT NULL,
  `description` text NOT NULL,
  `tag` text NOT NULL,
  `meta_title` varchar(255) NOT NULL,
  `meta_description` varchar(255) NOT NULL,
  `meta_keyword` varchar(255) NOT NULL,
  PRIMARY KEY (`product_id`,`language_id`),
  KEY `name` (`name`)
) ENGINE=MyISAM DEFAULT CHARSET=utf8;

--
-- Dumping data for table `product_description`
--

INSERT INTO `product_description` VALUES(35, 1, 'Product 8', '&lt;p&gt;\r\n	Product 8&lt;/p&gt;\r\n', '', 'Product 8', '', '');
INSERT INTO `product_description` VALUES(48, 1, 'iPod Classic', '&lt;div class=&quot;cpt_product_description &quot;&gt;\r\n	&lt;div&gt;\r\n		&lt;p&gt;\r\n			&lt;strong&gt;More room to move.&lt;/strong&gt;&lt;/p&gt;\r\n		&lt;p&gt;\r\n			With 80GB or 160GB of storage and up to 40 hours of battery life, the new iPod classic lets you enjoy up to 40,000 songs or up to 200 hours of video or any combination wherever you go.&lt;/p&gt;\r\n		&lt;p&gt;\r\n			&lt;strong&gt;Cover Flow.&lt;/strong&gt;&lt;/p&gt;\r\n		&lt;p&gt;\r\n			Browse through your music collection by flipping through album art. Select an album to turn it over and see the track list.&lt;/p&gt;\r\n		&lt;p&gt;\r\n			&lt;strong&gt;Enhanced interface.&lt;/strong&gt;&lt;/p&gt;\r\n		&lt;p&gt;\r\n			Experience a whole new way to browse and view your music and video.&lt;/p&gt;\r\n		&lt;p&gt;\r\n			&lt;strong&gt;Sleeker design.&lt;/strong&gt;&lt;/p&gt;\r\n		&lt;p&gt;\r\n			Beautiful, durable, and sleeker than ever, iPod classic now features an anodized aluminum and polished stainless steel enclosure with rounded edges.&lt;/p&gt;\r\n	&lt;/div&gt;\r\n&lt;/div&gt;\r\n&lt;!-- cpt_container_end --&gt;', '', 'iPod Classic', '', '');
INSERT INTO `product_description` VALUES(40, 1, 'iPhone', '&lt;p class=&quot;intro&quot;&gt;\r\n	iPhone is a revolutionary new mobile phone that allows you to make a call by simply tapping a name or number in your address book, a favorites list, or a call log. It also automatically syncs all your contacts from a PC, Mac, or Internet service. And it lets you select and listen to voicemail messages in whatever order you want just like email.&lt;/p&gt;\r\n', '', 'iPhone', '', '');
INSERT INTO `product_description` VALUES(28, 1, 'HTC Touch HD', '&lt;p&gt;\r\n	HTC Touch - in High Definition. Watch music videos and streaming content in awe-inspiring high definition clarity for a mobile experience you never thought possible. Seductively sleek, the HTC Touch HD provides the next generation of mobile functionality, all at a simple touch. Fully integrated with Windows Mobile Professional 6.1, ultrafast 3.5G, GPS, 5MP camera, plus lots more - all delivered on a breathtakingly crisp 3.8&amp;quot; WVGA touchscreen - you can take control of your mobile world with the HTC Touch HD.&lt;/p&gt;\r\n&lt;p&gt;\r\n	&lt;strong&gt;Features&lt;/strong&gt;&lt;/p&gt;\r\n&lt;ul&gt;\r\n	&lt;li&gt;\r\n		Processor Qualcomm&amp;reg; MSM 7201A&amp;trade; 528 MHz&lt;/li&gt;\r\n	&lt;li&gt;\r\n		Windows Mobile&amp;reg; 6.1 Professional Operating System&lt;/li&gt;\r\n	&lt;li&gt;\r\n		Memory: 512 MB ROM, 288 MB RAM&lt;/li&gt;\r\n	&lt;li&gt;\r\n		Dimensions: 115 mm x 62.8 mm x 12 mm / 146.4 grams&lt;/li&gt;\r\n	&lt;li&gt;\r\n		3.8-inch TFT-LCD flat touch-sensitive screen with 480 x 800 WVGA resolution&lt;/li&gt;\r\n	&lt;li&gt;\r\n		HSDPA/WCDMA: Europe/Asia: 900/2100 MHz; Up to 2 Mbps up-link and 7.2 Mbps down-link speeds&lt;/li&gt;\r\n	&lt;li&gt;\r\n		Quad-band GSM/GPRS/EDGE: Europe/Asia: 850/900/1800/1900 MHz (Band frequency, HSUPA availability, and data speed are operator dependent.)&lt;/li&gt;\r\n	&lt;li&gt;\r\n		Device Control via HTC TouchFLO&amp;trade; 3D &amp;amp; Touch-sensitive front panel buttons&lt;/li&gt;\r\n	&lt;li&gt;\r\n		GPS and A-GPS ready&lt;/li&gt;\r\n	&lt;li&gt;\r\n		Bluetooth&amp;reg; 2.0 with Enhanced Data Rate and A2DP for wireless stereo headsets&lt;/li&gt;\r\n	&lt;li&gt;\r\n		Wi-Fi&amp;reg;: IEEE 802.11 b/g&lt;/li&gt;\r\n	&lt;li&gt;\r\n		HTC ExtUSB&amp;trade; (11-pin mini-USB 2.0)&lt;/li&gt;\r\n	&lt;li&gt;\r\n		5 megapixel color camera with auto focus&lt;/li&gt;\r\n	&lt;li&gt;\r\n		VGA CMOS color camera&lt;/li&gt;\r\n	&lt;li&gt;\r\n		Built-in 3.5 mm audio jack, microphone, speaker, and FM radio&lt;/li&gt;\r\n	&lt;li&gt;\r\n		Ring tone formats: AAC, AAC+, eAAC+, AMR-NB, AMR-WB, QCP, MP3, WMA, WAV&lt;/li&gt;\r\n	&lt;li&gt;\r\n		40 polyphonic and standard MIDI format 0 and 1 (SMF)/SP MIDI&lt;/li&gt;\r\n	&lt;li&gt;\r\n		Rechargeable Lithium-ion or Lithium-ion polymer 1350 mAh battery&lt;/li&gt;\r\n	&lt;li&gt;\r\n		Expansion Slot: microSD&amp;trade; memory card (SD 2.0 compatible)&lt;/li&gt;\r\n	&lt;li&gt;\r\n		AC Adapter Voltage range/frequency: 100 ~ 240V AC, 50/60 Hz DC output: 5V and 1A&lt;/li&gt;\r\n	&lt;li&gt;\r\n		Special Features: FM Radio, G-Sensor&lt;/li&gt;\r\n&lt;/ul&gt;\r\n', '', '	 HTC Touch HD', '', '');
INSERT INTO `product_description` VALUES(44, 1, 'MacBook Air', '&lt;div&gt;\r\n	MacBook Air is ultrathin, ultraportable, and ultra unlike anything else. But you don&amp;rsquo;t lose inches and pounds overnight. It&amp;rsquo;s the result of rethinking conventions. Of multiple wireless innovations. And of breakthrough design. With MacBook Air, mobile computing suddenly has a new standard.&lt;/div&gt;\r\n', '', 'MacBook Air', '', '');
INSERT INTO `product_description` VALUES(45, 1, 'MacBook Pro', '&lt;div class=&quot;cpt_product_description &quot;&gt;\r\n	&lt;div&gt;\r\n		&lt;p&gt;\r\n			&lt;b&gt;Latest Intel mobile architecture&lt;/b&gt;&lt;/p&gt;\r\n		&lt;p&gt;\r\n			Powered by the most advanced mobile processors from Intel, the new Core 2 Duo MacBook Pro is over 50% faster than the original Core Duo MacBook Pro and now supports up to 4GB of RAM.&lt;/p&gt;\r\n		&lt;p&gt;\r\n			&lt;b&gt;Leading-edge graphics&lt;/b&gt;&lt;/p&gt;\r\n		&lt;p&gt;\r\n			The NVIDIA GeForce 8600M GT delivers exceptional graphics processing power. For the ultimate creative canvas, you can even configure the 17-inch model with a 1920-by-1200 resolution display.&lt;/p&gt;\r\n		&lt;p&gt;\r\n			&lt;b&gt;Designed for life on the road&lt;/b&gt;&lt;/p&gt;\r\n		&lt;p&gt;\r\n			Innovations such as a magnetic power connection and an illuminated keyboard with ambient light sensor put the MacBook Pro in a class by itself.&lt;/p&gt;\r\n		&lt;p&gt;\r\n			&lt;b&gt;Connect. Create. Communicate.&lt;/b&gt;&lt;/p&gt;\r\n		&lt;p&gt;\r\n			Quickly set up a video conference with the built-in iSight camera. Control presentations and media from up to 30 feet away with the included Apple Remote. Connect to high-bandwidth peripherals with FireWire 800 and DVI.&lt;/p&gt;\r\n		&lt;p&gt;\r\n			&lt;b&gt;Next-generation wireless&lt;/b&gt;&lt;/p&gt;\r\n		&lt;p&gt;\r\n			Featuring 802.11n wireless technology, the MacBook Pro delivers up to five times the performance and up to twice the range of previous-generation technologies.&lt;/p&gt;\r\n	&lt;/div&gt;\r\n&lt;/div&gt;\r\n&lt;!-- cpt_container_end --&gt;', '', 'MacBook Pro', '', '');
INSERT INTO `product_description` VALUES(29, 1, 'Palm Treo Pro', '&lt;p&gt;\r\n	Redefine your workday with the Palm Treo Pro smartphone. Perfectly balanced, you can respond to business and personal email, stay on top of appointments and contacts, and use Wi-Fi or GPS when you&amp;rsquo;re out and about. Then watch a video on YouTube, catch up with news and sports on the web, or listen to a few songs. Balance your work and play the way you like it, with the Palm Treo Pro.&lt;/p&gt;\r\n&lt;p&gt;\r\n	&lt;strong&gt;Features&lt;/strong&gt;&lt;/p&gt;\r\n&lt;ul&gt;\r\n	&lt;li&gt;\r\n		Windows Mobile&amp;reg; 6.1 Professional Edition&lt;/li&gt;\r\n	&lt;li&gt;\r\n		Qualcomm&amp;reg; MSM7201 400MHz Processor&lt;/li&gt;\r\n	&lt;li&gt;\r\n		320x320 transflective colour TFT touchscreen&lt;/li&gt;\r\n	&lt;li&gt;\r\n		HSDPA/UMTS/EDGE/GPRS/GSM radio&lt;/li&gt;\r\n	&lt;li&gt;\r\n		Tri-band UMTS &amp;mdash; 850MHz, 1900MHz, 2100MHz&lt;/li&gt;\r\n	&lt;li&gt;\r\n		Quad-band GSM &amp;mdash; 850/900/1800/1900&lt;/li&gt;\r\n	&lt;li&gt;\r\n		802.11b/g with WPA, WPA2, and 801.1x authentication&lt;/li&gt;\r\n	&lt;li&gt;\r\n		Built-in GPS&lt;/li&gt;\r\n	&lt;li&gt;\r\n		Bluetooth Version: 2.0 + Enhanced Data Rate&lt;/li&gt;\r\n	&lt;li&gt;\r\n		256MB storage (100MB user available), 128MB RAM&lt;/li&gt;\r\n	&lt;li&gt;\r\n		2.0 megapixel camera, up to 8x digital zoom and video capture&lt;/li&gt;\r\n	&lt;li&gt;\r\n		Removable, rechargeable 1500mAh lithium-ion battery&lt;/li&gt;\r\n	&lt;li&gt;\r\n		Up to 5.0 hours talk time and up to 250 hours standby&lt;/li&gt;\r\n	&lt;li&gt;\r\n		MicroSDHC card expansion (up to 32GB supported)&lt;/li&gt;\r\n	&lt;li&gt;\r\n		MicroUSB 2.0 for synchronization and charging&lt;/li&gt;\r\n	&lt;li&gt;\r\n		3.5mm stereo headset jack&lt;/li&gt;\r\n	&lt;li&gt;\r\n		60mm (W) x 114mm (L) x 13.5mm (D) / 133g&lt;/li&gt;\r\n&lt;/ul&gt;\r\n', '', 'Palm Treo Pro', '', '');
INSERT INTO `product_description` VALUES(36, 1, 'iPod Nano', '&lt;div&gt;\r\n	&lt;p&gt;\r\n		&lt;strong&gt;Video in your pocket.&lt;/strong&gt;&lt;/p&gt;\r\n	&lt;p&gt;\r\n		Its the small iPod with one very big idea: video. The worlds most popular music player now lets you enjoy movies, TV shows, and more on a two-inch display thats 65% brighter than before.&lt;/p&gt;\r\n	&lt;p&gt;\r\n		&lt;strong&gt;Cover Flow.&lt;/strong&gt;&lt;/p&gt;\r\n	&lt;p&gt;\r\n		Browse through your music collection by flipping through album art. Select an album to turn it over and see the track list.&lt;strong&gt;&amp;nbsp;&lt;/strong&gt;&lt;/p&gt;\r\n	&lt;p&gt;\r\n		&lt;strong&gt;Enhanced interface.&lt;/strong&gt;&lt;/p&gt;\r\n	&lt;p&gt;\r\n		Experience a whole new way to browse and view your music and video.&lt;/p&gt;\r\n	&lt;p&gt;\r\n		&lt;strong&gt;Sleek and colorful.&lt;/strong&gt;&lt;/p&gt;\r\n	&lt;p&gt;\r\n		With an anodized aluminum and polished stainless steel enclosure and a choice of five colors, iPod nano is dressed to impress.&lt;/p&gt;\r\n	&lt;p&gt;\r\n		&lt;strong&gt;iTunes.&lt;/strong&gt;&lt;/p&gt;\r\n	&lt;p&gt;\r\n		Available as a free download, iTunes makes it easy to browse and buy millions of songs, movies, TV shows, audiobooks, and games and download free podcasts all at the iTunes Store. And you can import your own music, manage your whole media library, and sync your iPod or iPhone with ease.&lt;/p&gt;\r\n&lt;/div&gt;\r\n', '', 'iPod Nano', '', '');
INSERT INTO `product_description` VALUES(46, 1, 'Sony VAIO', '&lt;div&gt;\r\n	Unprecedented power. The next generation of processing technology has arrived. Built into the newest VAIO notebooks lies Intel&amp;#39;s latest, most powerful innovation yet: Intel&amp;reg; Centrino&amp;reg; 2 processor technology. Boasting incredible speed, expanded wireless connectivity, enhanced multimedia support and greater energy efficiency, all the high-performance essentials are seamlessly combined into a single chip.&lt;/div&gt;\r\n', '', 'Sony VAIO', '', '');
INSERT INTO `product_description` VALUES(47, 1, 'HP LP3065', '&lt;p&gt;\r\n	Stop your co-workers in their tracks with the stunning new 30-inch diagonal HP LP3065 Flat Panel Monitor. This flagship monitor features best-in-class performance and presentation features on a huge wide-aspect screen while letting you work as comfortably as possible - you might even forget you&amp;#39;re at the office&lt;/p&gt;\r\n', '', 'HP LP3065', '', '');
INSERT INTO `product_description` VALUES(32, 1, 'iPod Touch', '&lt;p&gt;\r\n	&lt;strong&gt;Revolutionary multi-touch interface.&lt;/strong&gt;&lt;br /&gt;\r\n	iPod touch features the same multi-touch screen technology as iPhone. Pinch to zoom in on a photo. Scroll through your songs and videos with a flick. Flip through your library by album artwork with Cover Flow.&lt;/p&gt;\r\n&lt;p&gt;\r\n	&lt;strong&gt;Gorgeous 3.5-inch widescreen display.&lt;/strong&gt;&lt;br /&gt;\r\n	Watch your movies, TV shows, and photos come alive with bright, vivid color on the 320-by-480-pixel display.&lt;/p&gt;\r\n&lt;p&gt;\r\n	&lt;strong&gt;Music downloads straight from iTunes.&lt;/strong&gt;&lt;br /&gt;\r\n	Shop the iTunes Wi-Fi Music Store from anywhere with Wi-Fi.1 Browse or search to find the music youre looking for, preview it, and buy it with just a tap.&lt;/p&gt;\r\n&lt;p&gt;\r\n	&lt;strong&gt;Surf the web with Wi-Fi.&lt;/strong&gt;&lt;br /&gt;\r\n	Browse the web using Safari and watch YouTube videos on the first iPod with Wi-Fi built in&lt;br /&gt;\r\n	&amp;nbsp;&lt;/p&gt;\r\n', '', '	 iPod Touch', '', '');
INSERT INTO `product_description` VALUES(41, 1, 'iMac', '&lt;div&gt;\r\n	Just when you thought iMac had everything, now there&acute;s even more. More powerful Intel Core 2 Duo processors. And more memory standard. Combine this with Mac OS X Leopard and iLife &acute;08, and it&acute;s more all-in-one than ever. iMac packs amazing performance into a stunningly slim space.&lt;/div&gt;\r\n', '', 'iMac', '', '');
INSERT INTO `product_description` VALUES(33, 1, 'Samsung SyncMaster 941BW', '&lt;div&gt;\r\n	Imagine the advantages of going big without slowing down. The big 19&amp;quot; 941BW monitor combines wide aspect ratio with fast pixel response time, for bigger images, more room to work and crisp motion. In addition, the exclusive MagicBright 2, MagicColor and MagicTune technologies help deliver the ideal image in every situation, while sleek, narrow bezels and adjustable stands deliver style just the way you want it. With the Samsung 941BW widescreen analog/digital LCD monitor, it&amp;#39;s not hard to imagine.&lt;/div&gt;\r\n', '', 'Samsung SyncMaster 941BW', '', '');
INSERT INTO `product_description` VALUES(34, 1, 'iPod Shuffle', '&lt;div&gt;\r\n	&lt;strong&gt;Born to be worn.&lt;/strong&gt;\r\n	&lt;p&gt;\r\n		Clip on the worlds most wearable music player and take up to 240 songs with you anywhere. Choose from five colors including four new hues to make your musical fashion statement.&lt;/p&gt;\r\n	&lt;p&gt;\r\n		&lt;strong&gt;Random meets rhythm.&lt;/strong&gt;&lt;/p&gt;\r\n	&lt;p&gt;\r\n		With iTunes autofill, iPod shuffle can deliver a new musical experience every time you sync. For more randomness, you can shuffle songs during playback with the slide of a switch.&lt;/p&gt;\r\n	&lt;strong&gt;Everything is easy.&lt;/strong&gt;\r\n	&lt;p&gt;\r\n		Charge and sync with the included USB dock. Operate the iPod shuffle controls with one hand. Enjoy up to 12 hours straight of skip-free music playback.&lt;/p&gt;\r\n&lt;/div&gt;\r\n', '', 'iPod Shuffle', '', '');
INSERT INTO `product_description` VALUES(43, 1, 'MacBook', '&lt;div&gt;\r\n	&lt;p&gt;\r\n		&lt;b&gt;Intel Core 2 Duo processor&lt;/b&gt;&lt;/p&gt;\r\n	&lt;p&gt;\r\n		Powered by an Intel Core 2 Duo processor at speeds up to 2.16GHz, the new MacBook is the fastest ever.&lt;/p&gt;\r\n	&lt;p&gt;\r\n		&lt;b&gt;1GB memory, larger hard drives&lt;/b&gt;&lt;/p&gt;\r\n	&lt;p&gt;\r\n		The new MacBook now comes with 1GB of memory standard and larger hard drives for the entire line perfect for running more of your favorite applications and storing growing media collections.&lt;/p&gt;\r\n	&lt;p&gt;\r\n		&lt;b&gt;Sleek, 1.08-inch-thin design&lt;/b&gt;&lt;/p&gt;\r\n	&lt;p&gt;\r\n		MacBook makes it easy to hit the road thanks to its tough polycarbonate case, built-in wireless technologies, and innovative MagSafe Power Adapter that releases automatically if someone accidentally trips on the cord.&lt;/p&gt;\r\n	&lt;p&gt;\r\n		&lt;b&gt;Built-in iSight camera&lt;/b&gt;&lt;/p&gt;\r\n	&lt;p&gt;\r\n		Right out of the box, you can have a video chat with friends or family,2 record a video at your desk, or take fun pictures with Photo Booth&lt;/p&gt;\r\n&lt;/div&gt;\r\n', '', 'MacBook', '', '');
INSERT INTO `product_description` VALUES(31, 1, 'Nikon D300', '&lt;div class=&quot;cpt_product_description &quot;&gt;\r\n	&lt;div&gt;\r\n		Engineered with pro-level features and performance, the 12.3-effective-megapixel D300 combines brand new technologies with advanced features inherited from Nikon&amp;#39;s newly announced D3 professional digital SLR camera to offer serious photographers remarkable performance combined with agility.&lt;br /&gt;\r\n		&lt;br /&gt;\r\n		Similar to the D3, the D300 features Nikon&amp;#39;s exclusive EXPEED Image Processing System that is central to driving the speed and processing power needed for many of the camera&amp;#39;s new features. The D300 features a new 51-point autofocus system with Nikon&amp;#39;s 3D Focus Tracking feature and two new LiveView shooting modes that allow users to frame a photograph using the camera&amp;#39;s high-resolution LCD monitor. The D300 shares a similar Scene Recognition System as is found in the D3; it promises to greatly enhance the accuracy of autofocus, autoexposure, and auto white balance by recognizing the subject or scene being photographed and applying this information to the calculations for the three functions.&lt;br /&gt;\r\n		&lt;br /&gt;\r\n		The D300 reacts with lightning speed, powering up in a mere 0.13 seconds and shooting with an imperceptible 45-millisecond shutter release lag time. The D300 is capable of shooting at a rapid six frames per second and can go as fast as eight frames per second when using the optional MB-D10 multi-power battery pack. In continuous bursts, the D300 can shoot up to 100 shots at full 12.3-megapixel resolution. (NORMAL-LARGE image setting, using a SanDisk Extreme IV 1GB CompactFlash card.)&lt;br /&gt;\r\n		&lt;br /&gt;\r\n		The D300 incorporates a range of innovative technologies and features that will significantly improve the accuracy, control, and performance photographers can get from their equipment. Its new Scene Recognition System advances the use of Nikon&amp;#39;s acclaimed 1,005-segment sensor to recognize colors and light patterns that help the camera determine the subject and the type of scene being photographed before a picture is taken. This information is used to improve the accuracy of autofocus, autoexposure, and auto white balance functions in the D300. For example, the camera can track moving subjects better and by identifying them, it can also automatically select focus points faster and with greater accuracy. It can also analyze highlights and more accurately determine exposure, as well as infer light sources to deliver more accurate white balance detection.&lt;/div&gt;\r\n&lt;/div&gt;\r\n&lt;!-- cpt_container_end --&gt;', '', 'Nikon D300', '', '');
INSERT INTO `product_description` VALUES(49, 1, 'Samsung Galaxy Tab 10.1', '&lt;p&gt;\r\n	Samsung Galaxy Tab 10.1, is the world&amp;rsquo;s thinnest tablet, measuring 8.6 mm thickness, running with Android 3.0 Honeycomb OS on a 1GHz dual-core Tegra 2 processor, similar to its younger brother Samsung Galaxy Tab 8.9.&lt;/p&gt;\r\n&lt;p&gt;\r\n	Samsung Galaxy Tab 10.1 gives pure Android 3.0 experience, adding its new TouchWiz UX or TouchWiz 4.0 &amp;ndash; includes a live panel, which lets you to customize with different content, such as your pictures, bookmarks, and social feeds, sporting a 10.1 inches WXGA capacitive touch screen with 1280 x 800 pixels of resolution, equipped with 3 megapixel rear camera with LED flash and a 2 megapixel front camera, HSPA+ connectivity up to 21Mbps, 720p HD video recording capability, 1080p HD playback, DLNA support, Bluetooth 2.1, USB 2.0, gyroscope, Wi-Fi 802.11 a/b/g/n, micro-SD slot, 3.5mm headphone jack, and SIM slot, including the Samsung Stick &amp;ndash; a Bluetooth microphone that can be carried in a pocket like a pen and sound dock with powered subwoofer.&lt;/p&gt;\r\n&lt;p&gt;\r\n	Samsung Galaxy Tab 10.1 will come in 16GB / 32GB / 64GB verities and pre-loaded with Social Hub, Reader&amp;rsquo;s Hub, Music Hub and Samsung Mini Apps Tray &amp;ndash; which gives you access to more commonly used apps to help ease multitasking and it is capable of Adobe Flash Player 10.2, powered by 6860mAh battery that gives you 10hours of video-playback time.&amp;nbsp;&amp;auml;&amp;ouml;&lt;/p&gt;\r\n', '', 'Samsung Galaxy Tab 10.1', '', '');
INSERT INTO `product_description` VALUES(42, 1, 'Apple Cinema 30&quot;', '&lt;p&gt;\r\n	&lt;font face=&quot;helvetica,geneva,arial&quot; size=&quot;2&quot;&gt;&lt;font face=&quot;Helvetica&quot; size=&quot;2&quot;&gt;The 30-inch Apple Cinema HD Display delivers an amazing 2560 x 1600 pixel resolution. Designed specifically for the creative professional, this display provides more space for easier access to all the tools and palettes needed to edit, format and composite your work. Combine this display with a Mac Pro, MacBook Pro, or PowerMac G5 and there''s no limit to what you can achieve. &lt;br&gt;\r\n	&lt;br&gt;\r\n	&lt;/font&gt;&lt;font face=&quot;Helvetica&quot; size=&quot;2&quot;&gt;The Cinema HD features an active-matrix liquid crystal display that produces flicker-free images that deliver twice the brightness, twice the sharpness and twice the contrast ratio of a typical CRT display. Unlike other flat panels, it''s designed with a pure digital interface to deliver distortion-free images that never need adjusting. With over 4 million digital pixels, the display is uniquely suited for scientific and technical applications such as visualizing molecular structures or analyzing geological data. &lt;br&gt;\r\n	&lt;br&gt;\r\n	&lt;/font&gt;&lt;font face=&quot;Helvetica&quot; size=&quot;2&quot;&gt;Offering accurate, brilliant color performance, the Cinema HD delivers up to 16.7 million colors across a wide gamut allowing you to see subtle nuances between colors from soft pastels to rich jewel tones. A wide viewing angle ensures uniform color from edge to edge. Apple''s ColorSync technology allows you to create custom profiles to maintain consistent color onscreen and in print. The result: You can confidently use this display in all your color-critical applications. &lt;br&gt;\r\n	&lt;br&gt;\r\n	&lt;/font&gt;&lt;font face=&quot;Helvetica&quot; size=&quot;2&quot;&gt;Housed in a new aluminum design, the display has a very thin bezel that enhances visual accuracy. Each display features two FireWire 400 ports and two USB 2.0 ports, making attachment of desktop peripherals, such as iSight, iPod, digital and still cameras, hard drives, printers and scanners, even more accessible and convenient. Taking advantage of the much thinner and lighter footprint of an LCD, the new displays support the VESA (Video Electronics Standards Association) mounting interface standard. Customers with the optional Cinema Display VESA Mount Adapter kit gain the flexibility to mount their display in locations most appropriate for their work environment. &lt;br&gt;\r\n	&lt;br&gt;\r\n	&lt;/font&gt;&lt;font face=&quot;Helvetica&quot; size=&quot;2&quot;&gt;The Cinema HD features a single cable design with elegant breakout for the USB 2.0, FireWire 400 and a pure digital connection using the industry standard Digital Video Interface (DVI) interface. The DVI connection allows for a direct pure-digital connection.&lt;br&gt;\r\n	&lt;/font&gt;&lt;/font&gt;&lt;/p&gt;\r\n&lt;h3&gt;\r\n	Features:&lt;/h3&gt;\r\n&lt;p&gt;\r\n	Unrivaled display performance&lt;/p&gt;\r\n&lt;ul&gt;\r\n	&lt;li&gt;\r\n		30-inch (viewable) active-matrix liquid crystal display provides breathtaking image quality and vivid, richly saturated color.&lt;/li&gt;\r\n	&lt;li&gt;\r\n		Support for 2560-by-1600 pixel resolution for display of high definition still and video imagery.&lt;/li&gt;\r\n	&lt;li&gt;\r\n		Wide-format design for simultaneous display of two full pages of text and graphics.&lt;/li&gt;\r\n	&lt;li&gt;\r\n		Industry standard DVI connector for direct attachment to Mac- and Windows-based desktops and notebooks&lt;/li&gt;\r\n	&lt;li&gt;\r\n		Incredibly wide (170 degree) horizontal and vertical viewing angle for maximum visibility and color performance.&lt;/li&gt;\r\n	&lt;li&gt;\r\n		Lightning-fast pixel response for full-motion digital video playback.&lt;/li&gt;\r\n	&lt;li&gt;\r\n		Support for 16.7 million saturated colors, for use in all graphics-intensive applications.&lt;/li&gt;\r\n&lt;/ul&gt;\r\n&lt;p&gt;\r\n	Simple setup and operation&lt;/p&gt;\r\n&lt;ul&gt;\r\n	&lt;li&gt;\r\n		Single cable with elegant breakout for connection to DVI, USB and FireWire ports&lt;/li&gt;\r\n	&lt;li&gt;\r\n		Built-in two-port USB 2.0 hub for easy connection of desktop peripheral devices.&lt;/li&gt;\r\n	&lt;li&gt;\r\n		Two FireWire 400 ports to support iSight and other desktop peripherals&lt;/li&gt;\r\n&lt;/ul&gt;\r\n&lt;p&gt;\r\n	Sleek, elegant design&lt;/p&gt;\r\n&lt;ul&gt;\r\n	&lt;li&gt;\r\n		Huge virtual workspace, very small footprint.&lt;/li&gt;\r\n	&lt;li&gt;\r\n		Narrow Bezel design to minimize visual impact of using dual displays&lt;/li&gt;\r\n	&lt;li&gt;\r\n		Unique hinge design for effortless adjustment&lt;/li&gt;\r\n	&lt;li&gt;\r\n		Support for VESA mounting solutions (Apple Cinema Display VESA Mount Adapter sold separately)&lt;/li&gt;\r\n&lt;/ul&gt;\r\n&lt;h3&gt;\r\n	Technical specifications&lt;/h3&gt;\r\n&lt;p&gt;\r\n	&lt;b&gt;Screen size (diagonal viewable image size)&lt;/b&gt;&lt;/p&gt;\r\n&lt;ul&gt;\r\n	&lt;li&gt;\r\n		Apple Cinema HD Display: 30 inches (29.7-inch viewable)&lt;/li&gt;\r\n&lt;/ul&gt;\r\n&lt;p&gt;\r\n	&lt;b&gt;Screen type&lt;/b&gt;&lt;/p&gt;\r\n&lt;ul&gt;\r\n	&lt;li&gt;\r\n		Thin film transistor (TFT) active-matrix liquid crystal display (AMLCD)&lt;/li&gt;\r\n&lt;/ul&gt;\r\n&lt;p&gt;\r\n	&lt;b&gt;Resolutions&lt;/b&gt;&lt;/p&gt;\r\n&lt;ul&gt;\r\n	&lt;li&gt;\r\n		2560 x 1600 pixels (optimum resolution)&lt;/li&gt;\r\n	&lt;li&gt;\r\n		2048 x 1280&lt;/li&gt;\r\n	&lt;li&gt;\r\n		1920 x 1200&lt;/li&gt;\r\n	&lt;li&gt;\r\n		1280 x 800&lt;/li&gt;\r\n	&lt;li&gt;\r\n		1024 x 640&lt;/li&gt;\r\n&lt;/ul&gt;\r\n&lt;p&gt;\r\n	&lt;b&gt;Display colors (maximum)&lt;/b&gt;&lt;/p&gt;\r\n&lt;ul&gt;\r\n	&lt;li&gt;\r\n		16.7 million&lt;/li&gt;\r\n&lt;/ul&gt;\r\n&lt;p&gt;\r\n	&lt;b&gt;Viewing angle (typical)&lt;/b&gt;&lt;/p&gt;\r\n&lt;ul&gt;\r\n	&lt;li&gt;\r\n		170 horizontal; 170 vertical&lt;/li&gt;\r\n&lt;/ul&gt;\r\n&lt;p&gt;\r\n	&lt;b&gt;Brightness (typical)&lt;/b&gt;&lt;/p&gt;\r\n&lt;ul&gt;\r\n	&lt;li&gt;\r\n		30-inch Cinema HD Display: 400 cd/m2&lt;/li&gt;\r\n&lt;/ul&gt;\r\n&lt;p&gt;\r\n	&lt;b&gt;Contrast ratio (typical)&lt;/b&gt;&lt;/p&gt;\r\n&lt;ul&gt;\r\n	&lt;li&gt;\r\n		700:1&lt;/li&gt;\r\n&lt;/ul&gt;\r\n&lt;p&gt;\r\n	&lt;b&gt;Response time (typical)&lt;/b&gt;&lt;/p&gt;\r\n&lt;ul&gt;\r\n	&lt;li&gt;\r\n		16 ms&lt;/li&gt;\r\n&lt;/ul&gt;\r\n&lt;p&gt;\r\n	&lt;b&gt;Pixel pitch&lt;/b&gt;&lt;/p&gt;\r\n&lt;ul&gt;\r\n	&lt;li&gt;\r\n		30-inch Cinema HD Display: 0.250 mm&lt;/li&gt;\r\n&lt;/ul&gt;\r\n&lt;p&gt;\r\n	&lt;b&gt;Screen treatment&lt;/b&gt;&lt;/p&gt;\r\n&lt;ul&gt;\r\n	&lt;li&gt;\r\n		Antiglare hardcoat&lt;/li&gt;\r\n&lt;/ul&gt;\r\n&lt;p&gt;\r\n	&lt;b&gt;User controls (hardware and software)&lt;/b&gt;&lt;/p&gt;\r\n&lt;ul&gt;\r\n	&lt;li&gt;\r\n		Display Power,&lt;/li&gt;\r\n	&lt;li&gt;\r\n		System sleep, wake&lt;/li&gt;\r\n	&lt;li&gt;\r\n		Brightness&lt;/li&gt;\r\n	&lt;li&gt;\r\n		Monitor tilt&lt;/li&gt;\r\n&lt;/ul&gt;\r\n&lt;p&gt;\r\n	&lt;b&gt;Connectors and cables&lt;/b&gt;&lt;br&gt;\r\n	Cable&lt;/p&gt;\r\n&lt;ul&gt;\r\n	&lt;li&gt;\r\n		DVI (Digital Visual Interface)&lt;/li&gt;\r\n	&lt;li&gt;\r\n		FireWire 400&lt;/li&gt;\r\n	&lt;li&gt;\r\n		USB 2.0&lt;/li&gt;\r\n	&lt;li&gt;\r\n		DC power (24 V)&lt;/li&gt;\r\n&lt;/ul&gt;\r\n&lt;p&gt;\r\n	Connectors&lt;/p&gt;\r\n&lt;ul&gt;\r\n	&lt;li&gt;\r\n		Two-port, self-powered USB 2.0 hub&lt;/li&gt;\r\n	&lt;li&gt;\r\n		Two FireWire 400 ports&lt;/li&gt;\r\n	&lt;li&gt;\r\n		Kensington security port&lt;/li&gt;\r\n&lt;/ul&gt;\r\n&lt;p&gt;\r\n	&lt;b&gt;VESA mount adapter&lt;/b&gt;&lt;br&gt;\r\n	Requires optional Cinema Display VESA Mount Adapter (M9649G/A)&lt;/p&gt;\r\n&lt;ul&gt;\r\n	&lt;li&gt;\r\n		Compatible with VESA FDMI (MIS-D, 100, C) compliant mounting solutions&lt;/li&gt;\r\n&lt;/ul&gt;\r\n&lt;p&gt;\r\n	&lt;b&gt;Electrical requirements&lt;/b&gt;&lt;/p&gt;\r\n&lt;ul&gt;\r\n	&lt;li&gt;\r\n		Input voltage: 100-240 VAC 50-60Hz&lt;/li&gt;\r\n	&lt;li&gt;\r\n		Maximum power when operating: 150W&lt;/li&gt;\r\n	&lt;li&gt;\r\n		Energy saver mode: 3W or less&lt;/li&gt;\r\n&lt;/ul&gt;\r\n&lt;p&gt;\r\n	&lt;b&gt;Environmental requirements&lt;/b&gt;&lt;/p&gt;\r\n&lt;ul&gt;\r\n	&lt;li&gt;\r\n		Operating temperature: 50 to 95 F (10 to 35 C)&lt;/li&gt;\r\n	&lt;li&gt;\r\n		Storage temperature: -40 to 116 F (-40 to 47 C)&lt;/li&gt;\r\n	&lt;li&gt;\r\n		Operating humidity: 20% to 80% noncondensing&lt;/li&gt;\r\n	&lt;li&gt;\r\n		Maximum operating altitude: 10,000 feet&lt;/li&gt;\r\n&lt;/ul&gt;\r\n&lt;p&gt;\r\n	&lt;b&gt;Agency approvals&lt;/b&gt;&lt;/p&gt;\r\n&lt;ul&gt;\r\n	&lt;li&gt;\r\n		FCC Part 15 Class B&lt;/li&gt;\r\n	&lt;li&gt;\r\n		EN55022 Class B&lt;/li&gt;\r\n	&lt;li&gt;\r\n		EN55024&lt;/li&gt;\r\n	&lt;li&gt;\r\n		VCCI Class B&lt;/li&gt;\r\n	&lt;li&gt;\r\n		AS/NZS 3548 Class B&lt;/li&gt;\r\n	&lt;li&gt;\r\n		CNS 13438 Class B&lt;/li&gt;\r\n	&lt;li&gt;\r\n		ICES-003 Class B&lt;/li&gt;\r\n	&lt;li&gt;\r\n		ISO 13406 part 2&lt;/li&gt;\r\n	&lt;li&gt;\r\n		MPR II&lt;/li&gt;\r\n	&lt;li&gt;\r\n		IEC 60950&lt;/li&gt;\r\n	&lt;li&gt;\r\n		UL 60950&lt;/li&gt;\r\n	&lt;li&gt;\r\n		CSA 60950&lt;/li&gt;\r\n	&lt;li&gt;\r\n		EN60950&lt;/li&gt;\r\n	&lt;li&gt;\r\n		ENERGY STAR&lt;/li&gt;\r\n	&lt;li&gt;\r\n		TCO ''03&lt;/li&gt;\r\n&lt;/ul&gt;\r\n&lt;p&gt;\r\n	&lt;b&gt;Size and weight&lt;/b&gt;&lt;br&gt;\r\n	30-inch Apple Cinema HD Display&lt;/p&gt;\r\n&lt;ul&gt;\r\n	&lt;li&gt;\r\n		Height: 21.3 inches (54.3 cm)&lt;/li&gt;\r\n	&lt;li&gt;\r\n		Width: 27.2 inches (68.8 cm)&lt;/li&gt;\r\n	&lt;li&gt;\r\n		Depth: 8.46 inches (21.5 cm)&lt;/li&gt;\r\n	&lt;li&gt;\r\n		Weight: 27.5 pounds (12.5 kg)&lt;/li&gt;\r\n&lt;/ul&gt;\r\n&lt;p&gt;\r\n	&lt;b&gt;System Requirements&lt;/b&gt;&lt;/p&gt;\r\n&lt;ul&gt;\r\n	&lt;li&gt;\r\n		Mac Pro, all graphic options&lt;/li&gt;\r\n	&lt;li&gt;\r\n		MacBook Pro&lt;/li&gt;\r\n	&lt;li&gt;\r\n		Power Mac G5 (PCI-X) with ATI Radeon 9650 or better or NVIDIA GeForce 6800 GT DDL or better&lt;/li&gt;\r\n	&lt;li&gt;\r\n		Power Mac G5 (PCI Express), all graphics options&lt;/li&gt;\r\n	&lt;li&gt;\r\n		PowerBook G4 with dual-link DVI support&lt;/li&gt;\r\n	&lt;li&gt;\r\n		Windows PC and graphics card that supports DVI ports with dual-link digital bandwidth and VESA DDC standard for plug-and-play setup&lt;/li&gt;\r\n&lt;/ul&gt;\r\n', '', 'Apple Cinema 30', '', '');
INSERT INTO `product_description` VALUES(30, 1, 'Canon EOS 5D', '&lt;p&gt;\r\n	Canon''s press material for the EOS 5D states that it ''defines (a) new D-SLR category'', while we''re not typically too concerned with marketing talk this particular statement is clearly pretty accurate. The EOS 5D is unlike any previous digital SLR in that it combines a full-frame (35 mm sized) high resolution sensor (12.8 megapixels) with a relatively compact body (slightly larger than the EOS 20D, although in your hand it feels noticeably ''chunkier''). The EOS 5D is aimed to slot in between the EOS 20D and the EOS-1D professional digital SLR''s, an important difference when compared to the latter is that the EOS 5D doesn''t have any environmental seals. While Canon don''t specifically refer to the EOS 5D as a ''professional'' digital SLR it will have obvious appeal to professionals who want a high quality digital SLR in a body lighter than the EOS-1D. It will also no doubt appeal to current EOS 20D owners (although lets hope they''ve not bought too many EF-S lenses...) &lt;/p&gt;\r\n', '', 'sdf', '', '');

-- --------------------------------------------------------

--
-- Table structure for table `product_discount`
--

CREATE TABLE `product_discount` (
  `product_discount_id` int(11) NOT NULL AUTO_INCREMENT,
  `product_id` int(11) NOT NULL,
  `customer_group_id` int(11) NOT NULL,
  `quantity` int(4) NOT NULL DEFAULT '0',
  `priority` int(5) NOT NULL DEFAULT '1',
  `price` decimal(15,4) NOT NULL DEFAULT '0.0000',
  `date_start` date NOT NULL DEFAULT '0000-00-00',
  `date_end` date NOT NULL DEFAULT '0000-00-00',
  PRIMARY KEY (`product_discount_id`),
  KEY `product_id` (`product_id`)
) ENGINE=MyISAM  DEFAULT CHARSET=utf8 AUTO_INCREMENT=441 ;

--
-- Dumping data for table `product_discount`
--

INSERT INTO `product_discount` VALUES(440, 42, 1, 30, 1, 66.0000, '0000-00-00', '0000-00-00');
INSERT INTO `product_discount` VALUES(439, 42, 1, 20, 1, 77.0000, '0000-00-00', '0000-00-00');
INSERT INTO `product_discount` VALUES(438, 42, 1, 10, 1, 88.0000, '0000-00-00', '0000-00-00');

-- --------------------------------------------------------

--
-- Table structure for table `product_filter`
--

CREATE TABLE `product_filter` (
  `product_id` int(11) NOT NULL,
  `filter_id` int(11) NOT NULL,
  PRIMARY KEY (`product_id`,`filter_id`)
) ENGINE=MyISAM DEFAULT CHARSET=utf8;

--
-- Dumping data for table `product_filter`
--


-- --------------------------------------------------------

--
-- Table structure for table `product_image`
--

CREATE TABLE `product_image` (
  `product_image_id` int(11) NOT NULL AUTO_INCREMENT,
  `product_id` int(11) NOT NULL,
  `image` varchar(255) DEFAULT NULL,
  `sort_order` int(3) NOT NULL DEFAULT '0',
  PRIMARY KEY (`product_image_id`),
  KEY `product_id` (`product_id`)
) ENGINE=MyISAM  DEFAULT CHARSET=utf8 AUTO_INCREMENT=2352 ;

--
-- Dumping data for table `product_image`
--

INSERT INTO `product_image` VALUES(2345, 30, 'catalog/demo/canon_eos_5d_2.jpg', 0);
INSERT INTO `product_image` VALUES(2321, 47, 'catalog/demo/hp_3.jpg', 0);
INSERT INTO `product_image` VALUES(2035, 28, 'catalog/demo/htc_touch_hd_2.jpg', 0);
INSERT INTO `product_image` VALUES(2351, 41, 'catalog/demo/imac_3.jpg', 0);
INSERT INTO `product_image` VALUES(1982, 40, 'catalog/demo/iphone_6.jpg', 0);
INSERT INTO `product_image` VALUES(2001, 36, 'catalog/demo/ipod_nano_5.jpg', 0);
INSERT INTO `product_image` VALUES(2000, 36, 'catalog/demo/ipod_nano_4.jpg', 0);
INSERT INTO `product_image` VALUES(2005, 34, 'catalog/demo/ipod_shuffle_5.jpg', 0);
INSERT INTO `product_image` VALUES(2004, 34, 'catalog/demo/ipod_shuffle_4.jpg', 0);
INSERT INTO `product_image` VALUES(2011, 32, 'catalog/demo/ipod_touch_7.jpg', 0);
INSERT INTO `product_image` VALUES(2010, 32, 'catalog/demo/ipod_touch_6.jpg', 0);
INSERT INTO `product_image` VALUES(2009, 32, 'catalog/demo/ipod_touch_5.jpg', 0);
INSERT INTO `product_image` VALUES(1971, 43, 'catalog/demo/macbook_5.jpg', 0);
INSERT INTO `product_image` VALUES(1970, 43, 'catalog/demo/macbook_4.jpg', 0);
INSERT INTO `product_image` VALUES(1974, 44, 'catalog/demo/macbook_air_4.jpg', 0);
INSERT INTO `product_image` VALUES(1973, 44, 'catalog/demo/macbook_air_2.jpg', 0);
INSERT INTO `product_image` VALUES(1977, 45, 'catalog/demo/macbook_pro_2.jpg', 0);
INSERT INTO `product_image` VALUES(1976, 45, 'catalog/demo/macbook_pro_3.jpg', 0);
INSERT INTO `product_image` VALUES(1986, 31, 'catalog/demo/nikon_d300_3.jpg', 0);
INSERT INTO `product_image` VALUES(1985, 31, 'catalog/demo/nikon_d300_2.jpg', 0);
INSERT INTO `product_image` VALUES(1988, 29, 'catalog/demo/palm_treo_pro_3.jpg', 0);
INSERT INTO `product_image` VALUES(1995, 46, 'catalog/demo/sony_vaio_5.jpg', 0);
INSERT INTO `product_image` VALUES(1994, 46, 'catalog/demo/sony_vaio_4.jpg', 0);
INSERT INTO `product_image` VALUES(1991, 48, 'catalog/demo/ipod_classic_4.jpg', 0);
INSERT INTO `product_image` VALUES(1990, 48, 'catalog/demo/ipod_classic_3.jpg', 0);
INSERT INTO `product_image` VALUES(1981, 40, 'catalog/demo/iphone_2.jpg', 0);
INSERT INTO `product_image` VALUES(1980, 40, 'catalog/demo/iphone_5.jpg', 0);
INSERT INTO `product_image` VALUES(2344, 30, 'catalog/demo/canon_eos_5d_3.jpg', 0);
INSERT INTO `product_image` VALUES(2320, 47, 'catalog/demo/hp_2.jpg', 0);
INSERT INTO `product_image` VALUES(2034, 28, 'catalog/demo/htc_touch_hd_3.jpg', 0);
INSERT INTO `product_image` VALUES(2350, 41, 'catalog/demo/imac_2.jpg', 0);
INSERT INTO `product_image` VALUES(1979, 40, 'catalog/demo/iphone_3.jpg', 0);
INSERT INTO `product_image` VALUES(1978, 40, 'catalog/demo/iphone_4.jpg', 0);
INSERT INTO `product_image` VALUES(1989, 48, 'catalog/demo/ipod_classic_2.jpg', 0);
INSERT INTO `product_image` VALUES(1999, 36, 'catalog/demo/ipod_nano_2.jpg', 0);
INSERT INTO `product_image` VALUES(1998, 36, 'catalog/demo/ipod_nano_3.jpg', 0);
INSERT INTO `product_image` VALUES(2003, 34, 'catalog/demo/ipod_shuffle_2.jpg', 0);
INSERT INTO `product_image` VALUES(2002, 34, 'catalog/demo/ipod_shuffle_3.jpg', 0);
INSERT INTO `product_image` VALUES(2008, 32, 'catalog/demo/ipod_touch_2.jpg', 0);
INSERT INTO `product_image` VALUES(2007, 32, 'catalog/demo/ipod_touch_3.jpg', 0);
INSERT INTO `product_image` VALUES(2006, 32, 'catalog/demo/ipod_touch_4.jpg', 0);
INSERT INTO `product_image` VALUES(1969, 43, 'catalog/demo/macbook_2.jpg', 0);
INSERT INTO `product_image` VALUES(1968, 43, 'catalog/demo/macbook_3.jpg', 0);
INSERT INTO `product_image` VALUES(1972, 44, 'catalog/demo/macbook_air_3.jpg', 0);
INSERT INTO `product_image` VALUES(1975, 45, 'catalog/demo/macbook_pro_4.jpg', 0);
INSERT INTO `product_image` VALUES(1984, 31, 'catalog/demo/nikon_d300_4.jpg', 0);
INSERT INTO `product_image` VALUES(1983, 31, 'catalog/demo/nikon_d300_5.jpg', 0);
INSERT INTO `product_image` VALUES(1987, 29, 'catalog/demo/palm_treo_pro_2.jpg', 0);
INSERT INTO `product_image` VALUES(1993, 46, 'catalog/demo/sony_vaio_2.jpg', 0);
INSERT INTO `product_image` VALUES(1992, 46, 'catalog/demo/sony_vaio_3.jpg', 0);
INSERT INTO `product_image` VALUES(2327, 49, 'catalog/demo/samsung_tab_7.jpg', 0);
INSERT INTO `product_image` VALUES(2326, 49, 'catalog/demo/samsung_tab_6.jpg', 0);
INSERT INTO `product_image` VALUES(2325, 49, 'catalog/demo/samsung_tab_5.jpg', 0);
INSERT INTO `product_image` VALUES(2324, 49, 'catalog/demo/samsung_tab_4.jpg', 0);
INSERT INTO `product_image` VALUES(2323, 49, 'catalog/demo/samsung_tab_3.jpg', 0);
INSERT INTO `product_image` VALUES(2322, 49, 'catalog/demo/samsung_tab_2.jpg', 0);
INSERT INTO `product_image` VALUES(2317, 42, 'catalog/demo/canon_logo.jpg', 0);
INSERT INTO `product_image` VALUES(2316, 42, 'catalog/demo/hp_1.jpg', 0);
INSERT INTO `product_image` VALUES(2315, 42, 'catalog/demo/compaq_presario.jpg', 0);
INSERT INTO `product_image` VALUES(2314, 42, 'catalog/demo/canon_eos_5d_1.jpg', 0);
INSERT INTO `product_image` VALUES(2313, 42, 'catalog/demo/canon_eos_5d_2.jpg', 0);

-- --------------------------------------------------------

--
-- Table structure for table `product_option`
--

CREATE TABLE `product_option` (
  `product_option_id` int(11) NOT NULL AUTO_INCREMENT,
  `product_id` int(11) NOT NULL,
  `option_id` int(11) NOT NULL,
  `value` text NOT NULL,
  `required` tinyint(1) NOT NULL,
  PRIMARY KEY (`product_option_id`)
) ENGINE=MyISAM  DEFAULT CHARSET=utf8 AUTO_INCREMENT=227 ;

--
-- Dumping data for table `product_option`
--

INSERT INTO `product_option` VALUES(224, 35, 11, '', 1);
INSERT INTO `product_option` VALUES(225, 47, 12, '2011-04-22', 1);
INSERT INTO `product_option` VALUES(223, 42, 2, '', 1);
INSERT INTO `product_option` VALUES(217, 42, 5, '', 1);
INSERT INTO `product_option` VALUES(209, 42, 6, '', 1);
INSERT INTO `product_option` VALUES(218, 42, 1, '', 1);
INSERT INTO `product_option` VALUES(208, 42, 4, 'test', 1);
INSERT INTO `product_option` VALUES(219, 42, 8, '2011-02-20', 1);
INSERT INTO `product_option` VALUES(222, 42, 7, '', 1);
INSERT INTO `product_option` VALUES(221, 42, 9, '22:25', 1);
INSERT INTO `product_option` VALUES(220, 42, 10, '2011-02-20 22:25', 1);
INSERT INTO `product_option` VALUES(226, 30, 5, '', 1);

-- --------------------------------------------------------

--
-- Table structure for table `product_option_value`
--

CREATE TABLE `product_option_value` (
  `product_option_value_id` int(11) NOT NULL AUTO_INCREMENT,
  `product_option_id` int(11) NOT NULL,
  `product_id` int(11) NOT NULL,
  `option_id` int(11) NOT NULL,
  `option_value_id` int(11) NOT NULL,
  `quantity` int(3) NOT NULL,
  `subtract` tinyint(1) NOT NULL,
  `price` decimal(15,4) NOT NULL,
  `price_prefix` varchar(1) NOT NULL,
  `points` int(8) NOT NULL,
  `points_prefix` varchar(1) NOT NULL,
  `weight` decimal(15,8) NOT NULL,
  `weight_prefix` varchar(1) NOT NULL,
  PRIMARY KEY (`product_option_value_id`)
) ENGINE=MyISAM  DEFAULT CHARSET=utf8 AUTO_INCREMENT=17 ;

--
-- Dumping data for table `product_option_value`
--

INSERT INTO `product_option_value` VALUES(1, 217, 42, 5, 41, 100, 0, 1.0000, '+', 0, '+', 1.00000000, '+');
INSERT INTO `product_option_value` VALUES(6, 218, 42, 1, 31, 146, 1, 20.0000, '+', 2, '-', 20.00000000, '+');
INSERT INTO `product_option_value` VALUES(7, 218, 42, 1, 43, 300, 1, 30.0000, '+', 3, '+', 30.00000000, '+');
INSERT INTO `product_option_value` VALUES(5, 218, 42, 1, 32, 96, 1, 10.0000, '+', 1, '+', 10.00000000, '+');
INSERT INTO `product_option_value` VALUES(4, 217, 42, 5, 39, 92, 1, 4.0000, '+', 0, '+', 4.00000000, '+');
INSERT INTO `product_option_value` VALUES(2, 217, 42, 5, 42, 200, 1, 2.0000, '+', 0, '+', 2.00000000, '+');
INSERT INTO `product_option_value` VALUES(3, 217, 42, 5, 40, 300, 0, 3.0000, '+', 0, '+', 3.00000000, '+');
INSERT INTO `product_option_value` VALUES(8, 223, 42, 2, 23, 48, 1, 10.0000, '+', 0, '+', 10.00000000, '+');
INSERT INTO `product_option_value` VALUES(10, 223, 42, 2, 44, 2696, 1, 30.0000, '+', 0, '+', 30.00000000, '+');
INSERT INTO `product_option_value` VALUES(9, 223, 42, 2, 24, 194, 1, 20.0000, '+', 0, '+', 20.00000000, '+');
INSERT INTO `product_option_value` VALUES(11, 223, 42, 2, 45, 3998, 1, 40.0000, '+', 0, '+', 40.00000000, '+');
INSERT INTO `product_option_value` VALUES(12, 224, 35, 11, 46, 0, 1, 5.0000, '+', 0, '+', 0.00000000, '+');
INSERT INTO `product_option_value` VALUES(13, 224, 35, 11, 47, 10, 1, 10.0000, '+', 0, '+', 0.00000000, '+');
INSERT INTO `product_option_value` VALUES(14, 224, 35, 11, 48, 15, 1, 15.0000, '+', 0, '+', 0.00000000, '+');
INSERT INTO `product_option_value` VALUES(16, 226, 30, 5, 40, 5, 1, 0.0000, '+', 0, '+', 0.00000000, '+');
INSERT INTO `product_option_value` VALUES(15, 226, 30, 5, 39, 2, 1, 0.0000, '+', 0, '+', 0.00000000, '+');

-- --------------------------------------------------------

--
-- Table structure for table `product_recurring`
--

CREATE TABLE `product_recurring` (
  `product_id` int(11) NOT NULL,
  `recurring_id` int(11) NOT NULL,
  `customer_group_id` int(11) NOT NULL,
  PRIMARY KEY (`product_id`,`recurring_id`,`customer_group_id`)
) ENGINE=MyISAM DEFAULT CHARSET=utf8;

--
-- Dumping data for table `product_recurring`
--


-- --------------------------------------------------------

--
-- Table structure for table `product_related`
--

CREATE TABLE `product_related` (
  `product_id` int(11) NOT NULL,
  `related_id` int(11) NOT NULL,
  PRIMARY KEY (`product_id`,`related_id`)
) ENGINE=MyISAM DEFAULT CHARSET=utf8;

--
-- Dumping data for table `product_related`
--

INSERT INTO `product_related` VALUES(40, 42);
INSERT INTO `product_related` VALUES(41, 42);
INSERT INTO `product_related` VALUES(42, 40);
INSERT INTO `product_related` VALUES(42, 41);

-- --------------------------------------------------------

--
-- Table structure for table `product_reward`
--

CREATE TABLE `product_reward` (
  `product_reward_id` int(11) NOT NULL AUTO_INCREMENT,
  `product_id` int(11) NOT NULL DEFAULT '0',
  `customer_group_id` int(11) NOT NULL DEFAULT '0',
  `points` int(8) NOT NULL DEFAULT '0',
  PRIMARY KEY (`product_reward_id`)
) ENGINE=MyISAM  DEFAULT CHARSET=utf8 AUTO_INCREMENT=546 ;

--
-- Dumping data for table `product_reward`
--

INSERT INTO `product_reward` VALUES(515, 42, 1, 100);
INSERT INTO `product_reward` VALUES(519, 47, 1, 300);
INSERT INTO `product_reward` VALUES(379, 28, 1, 400);
INSERT INTO `product_reward` VALUES(329, 43, 1, 600);
INSERT INTO `product_reward` VALUES(339, 29, 1, 0);
INSERT INTO `product_reward` VALUES(343, 48, 1, 0);
INSERT INTO `product_reward` VALUES(335, 40, 1, 0);
INSERT INTO `product_reward` VALUES(539, 30, 1, 200);
INSERT INTO `product_reward` VALUES(331, 44, 1, 700);
INSERT INTO `product_reward` VALUES(333, 45, 1, 800);
INSERT INTO `product_reward` VALUES(337, 31, 1, 0);
INSERT INTO `product_reward` VALUES(425, 35, 1, 0);
INSERT INTO `product_reward` VALUES(345, 33, 1, 0);
INSERT INTO `product_reward` VALUES(347, 46, 1, 0);
INSERT INTO `product_reward` VALUES(545, 41, 1, 0);
INSERT INTO `product_reward` VALUES(351, 36, 1, 0);
INSERT INTO `product_reward` VALUES(353, 34, 1, 0);
INSERT INTO `product_reward` VALUES(355, 32, 1, 0);
INSERT INTO `product_reward` VALUES(521, 49, 1, 1000);

-- --------------------------------------------------------

--
-- Table structure for table `product_special`
--

CREATE TABLE `product_special` (
  `product_special_id` int(11) NOT NULL AUTO_INCREMENT,
  `product_id` int(11) NOT NULL,
  `customer_group_id` int(11) NOT NULL,
  `priority` int(5) NOT NULL DEFAULT '1',
  `price` decimal(15,4) NOT NULL DEFAULT '0.0000',
  `date_start` date NOT NULL DEFAULT '0000-00-00',
  `date_end` date NOT NULL DEFAULT '0000-00-00',
  PRIMARY KEY (`product_special_id`),
  KEY `product_id` (`product_id`)
) ENGINE=MyISAM  DEFAULT CHARSET=utf8 AUTO_INCREMENT=440 ;

--
-- Dumping data for table `product_special`
--

INSERT INTO `product_special` VALUES(419, 42, 1, 1, 90.0000, '0000-00-00', '0000-00-00');
INSERT INTO `product_special` VALUES(439, 30, 1, 2, 90.0000, '0000-00-00', '0000-00-00');
INSERT INTO `product_special` VALUES(438, 30, 1, 1, 80.0000, '0000-00-00', '0000-00-00');

-- --------------------------------------------------------

--
-- Table structure for table `product_to_category`
--

CREATE TABLE `product_to_category` (
  `product_id` int(11) NOT NULL,
  `category_id` int(11) NOT NULL,
  PRIMARY KEY (`product_id`,`category_id`),
  KEY `category_id` (`category_id`)
) ENGINE=MyISAM DEFAULT CHARSET=utf8;

--
-- Dumping data for table `product_to_category`
--

INSERT INTO `product_to_category` VALUES(28, 20);
INSERT INTO `product_to_category` VALUES(28, 24);
INSERT INTO `product_to_category` VALUES(29, 20);
INSERT INTO `product_to_category` VALUES(29, 24);
INSERT INTO `product_to_category` VALUES(30, 20);
INSERT INTO `product_to_category` VALUES(30, 33);
INSERT INTO `product_to_category` VALUES(31, 33);
INSERT INTO `product_to_category` VALUES(32, 34);
INSERT INTO `product_to_category` VALUES(33, 20);
INSERT INTO `product_to_category` VALUES(33, 28);
INSERT INTO `product_to_category` VALUES(34, 34);
INSERT INTO `product_to_category` VALUES(35, 20);
INSERT INTO `product_to_category` VALUES(36, 34);
INSERT INTO `product_to_category` VALUES(40, 20);
INSERT INTO `product_to_category` VALUES(40, 24);
INSERT INTO `product_to_category` VALUES(41, 27);
INSERT INTO `product_to_category` VALUES(42, 20);
INSERT INTO `product_to_category` VALUES(42, 28);
INSERT INTO `product_to_category` VALUES(43, 18);
INSERT INTO `product_to_category` VALUES(43, 20);
INSERT INTO `product_to_category` VALUES(44, 18);
INSERT INTO `product_to_category` VALUES(44, 20);
INSERT INTO `product_to_category` VALUES(45, 18);
INSERT INTO `product_to_category` VALUES(46, 18);
INSERT INTO `product_to_category` VALUES(46, 20);
INSERT INTO `product_to_category` VALUES(47, 18);
INSERT INTO `product_to_category` VALUES(47, 20);
INSERT INTO `product_to_category` VALUES(48, 20);
INSERT INTO `product_to_category` VALUES(48, 34);
INSERT INTO `product_to_category` VALUES(49, 57);

-- --------------------------------------------------------

--
-- Table structure for table `product_to_download`
--

CREATE TABLE `product_to_download` (
  `product_id` int(11) NOT NULL,
  `download_id` int(11) NOT NULL,
  PRIMARY KEY (`product_id`,`download_id`)
) ENGINE=MyISAM DEFAULT CHARSET=utf8;

--
-- Dumping data for table `product_to_download`
--


-- --------------------------------------------------------

--
-- Table structure for table `product_to_layout`
--

CREATE TABLE `product_to_layout` (
  `product_id` int(11) NOT NULL,
  `store_id` int(11) NOT NULL,
  `layout_id` int(11) NOT NULL,
  PRIMARY KEY (`product_id`,`store_id`)
) ENGINE=MyISAM DEFAULT CHARSET=utf8;

--
-- Dumping data for table `product_to_layout`
--


-- --------------------------------------------------------

--
-- Table structure for table `product_to_store`
--

CREATE TABLE `product_to_store` (
  `product_id` int(11) NOT NULL,
  `store_id` int(11) NOT NULL DEFAULT '0',
  PRIMARY KEY (`product_id`,`store_id`)
) ENGINE=MyISAM DEFAULT CHARSET=utf8;

--
-- Dumping data for table `product_to_store`
--

INSERT INTO `product_to_store` VALUES(28, 0);
INSERT INTO `product_to_store` VALUES(29, 0);
INSERT INTO `product_to_store` VALUES(30, 0);
INSERT INTO `product_to_store` VALUES(31, 0);
INSERT INTO `product_to_store` VALUES(32, 0);
INSERT INTO `product_to_store` VALUES(33, 0);
INSERT INTO `product_to_store` VALUES(34, 0);
INSERT INTO `product_to_store` VALUES(35, 0);
INSERT INTO `product_to_store` VALUES(36, 0);
INSERT INTO `product_to_store` VALUES(40, 0);
INSERT INTO `product_to_store` VALUES(41, 0);
INSERT INTO `product_to_store` VALUES(42, 0);
INSERT INTO `product_to_store` VALUES(43, 0);
INSERT INTO `product_to_store` VALUES(44, 0);
INSERT INTO `product_to_store` VALUES(45, 0);
INSERT INTO `product_to_store` VALUES(46, 0);
INSERT INTO `product_to_store` VALUES(47, 0);
INSERT INTO `product_to_store` VALUES(48, 0);
INSERT INTO `product_to_store` VALUES(49, 0);

-- --------------------------------------------------------

--
-- Table structure for table `recurring`
--

CREATE TABLE `recurring` (
  `recurring_id` int(11) NOT NULL AUTO_INCREMENT,
  `price` decimal(10,4) NOT NULL,
  `frequency` enum('day','week','semi_month','month','year') NOT NULL,
  `duration` int(10) unsigned NOT NULL,
  `cycle` int(10) unsigned NOT NULL,
  `trial_status` tinyint(4) NOT NULL,
  `trial_price` decimal(10,4) NOT NULL,
  `trial_frequency` enum('day','week','semi_month','month','year') NOT NULL,
  `trial_duration` int(10) unsigned NOT NULL,
  `trial_cycle` int(10) unsigned NOT NULL,
  `status` tinyint(4) NOT NULL,
  `sort_order` int(11) NOT NULL,
  PRIMARY KEY (`recurring_id`)
) ENGINE=MyISAM DEFAULT CHARSET=utf8 AUTO_INCREMENT=1 ;

--
-- Dumping data for table `recurring`
--


-- --------------------------------------------------------

--
-- Table structure for table `recurring_description`
--

CREATE TABLE `recurring_description` (
  `recurring_id` int(11) NOT NULL,
  `language_id` int(11) NOT NULL,
  `name` varchar(255) NOT NULL,
  PRIMARY KEY (`recurring_id`,`language_id`)
) ENGINE=MyISAM DEFAULT CHARSET=utf8;

--
-- Dumping data for table `recurring_description`
--


-- --------------------------------------------------------

--
-- Table structure for table `return`
--

CREATE TABLE `return` (
  `return_id` int(11) NOT NULL AUTO_INCREMENT,
  `order_id` int(11) NOT NULL,
  `product_id` int(11) NOT NULL,
  `customer_id` int(11) NOT NULL,
  `firstname` varchar(32) NOT NULL,
  `lastname` varchar(32) NOT NULL,
  `email` varchar(96) NOT NULL,
  `telephone` varchar(32) NOT NULL,
  `product` varchar(255) NOT NULL,
  `model` varchar(64) NOT NULL,
  `quantity` int(4) NOT NULL,
  `opened` tinyint(1) NOT NULL,
  `return_reason_id` int(11) NOT NULL,
  `return_action_id` int(11) NOT NULL,
  `return_status_id` int(11) NOT NULL,
  `comment` text,
  `date_ordered` date NOT NULL DEFAULT '0000-00-00',
  `date_added` datetime NOT NULL,
  `date_modified` datetime NOT NULL,
  PRIMARY KEY (`return_id`)
) ENGINE=MyISAM DEFAULT CHARSET=utf8 AUTO_INCREMENT=1 ;

--
-- Dumping data for table `return`
--


-- --------------------------------------------------------

--
-- Table structure for table `return_action`
--

CREATE TABLE `return_action` (
  `return_action_id` int(11) NOT NULL AUTO_INCREMENT,
  `language_id` int(11) NOT NULL DEFAULT '0',
  `name` varchar(64) NOT NULL,
  PRIMARY KEY (`return_action_id`,`language_id`)
) ENGINE=MyISAM  DEFAULT CHARSET=utf8 AUTO_INCREMENT=4 ;

--
-- Dumping data for table `return_action`
--

INSERT INTO `return_action` VALUES(1, 1, 'Refunded');
INSERT INTO `return_action` VALUES(2, 1, 'Credit Issued');
INSERT INTO `return_action` VALUES(3, 1, 'Replacement Sent');

-- --------------------------------------------------------

--
-- Table structure for table `return_history`
--

CREATE TABLE `return_history` (
  `return_history_id` int(11) NOT NULL AUTO_INCREMENT,
  `return_id` int(11) NOT NULL,
  `return_status_id` int(11) NOT NULL,
  `notify` tinyint(1) NOT NULL,
  `comment` text NOT NULL,
  `date_added` datetime NOT NULL,
  PRIMARY KEY (`return_history_id`)
) ENGINE=MyISAM DEFAULT CHARSET=utf8 AUTO_INCREMENT=1 ;

--
-- Dumping data for table `return_history`
--


-- --------------------------------------------------------

--
-- Table structure for table `return_reason`
--

CREATE TABLE `return_reason` (
  `return_reason_id` int(11) NOT NULL AUTO_INCREMENT,
  `language_id` int(11) NOT NULL DEFAULT '0',
  `name` varchar(128) NOT NULL,
  PRIMARY KEY (`return_reason_id`,`language_id`)
) ENGINE=MyISAM  DEFAULT CHARSET=utf8 AUTO_INCREMENT=6 ;

--
-- Dumping data for table `return_reason`
--

INSERT INTO `return_reason` VALUES(1, 1, 'Dead On Arrival');
INSERT INTO `return_reason` VALUES(2, 1, 'Received Wrong Item');
INSERT INTO `return_reason` VALUES(3, 1, 'Order Error');
INSERT INTO `return_reason` VALUES(4, 1, 'Faulty, please supply details');
INSERT INTO `return_reason` VALUES(5, 1, 'Other, please supply details');

-- --------------------------------------------------------

--
-- Table structure for table `return_status`
--

CREATE TABLE `return_status` (
  `return_status_id` int(11) NOT NULL AUTO_INCREMENT,
  `language_id` int(11) NOT NULL DEFAULT '0',
  `name` varchar(32) NOT NULL,
  PRIMARY KEY (`return_status_id`,`language_id`)
) ENGINE=MyISAM  DEFAULT CHARSET=utf8 AUTO_INCREMENT=4 ;

--
-- Dumping data for table `return_status`
--

INSERT INTO `return_status` VALUES(1, 1, 'Pending');
INSERT INTO `return_status` VALUES(3, 1, 'Complete');
INSERT INTO `return_status` VALUES(2, 1, 'Awaiting Products');

-- --------------------------------------------------------

--
-- Table structure for table `review`
--

CREATE TABLE `review` (
  `review_id` int(11) NOT NULL AUTO_INCREMENT,
  `product_id` int(11) NOT NULL,
  `customer_id` int(11) NOT NULL,
  `author` varchar(64) NOT NULL,
  `text` text NOT NULL,
  `rating` int(1) NOT NULL,
  `status` tinyint(1) NOT NULL DEFAULT '0',
  `date_added` datetime NOT NULL,
  `date_modified` datetime NOT NULL,
  PRIMARY KEY (`review_id`),
  KEY `product_id` (`product_id`)
) ENGINE=MyISAM DEFAULT CHARSET=utf8 AUTO_INCREMENT=1 ;

--
-- Dumping data for table `review`
--


-- --------------------------------------------------------

--
-- Table structure for table `setting`
--

CREATE TABLE `setting` (
  `setting_id` int(11) NOT NULL AUTO_INCREMENT,
  `store_id` int(11) NOT NULL DEFAULT '0',
  `code` varchar(32) NOT NULL,
  `key` varchar(64) NOT NULL,
  `value` text NOT NULL,
  `serialized` tinyint(1) NOT NULL,
  PRIMARY KEY (`setting_id`)
) ENGINE=MyISAM  DEFAULT CHARSET=utf8 AUTO_INCREMENT=177 ;

--
-- Dumping data for table `setting`
--

INSERT INTO `setting` VALUES(1, 0, 'config', 'config_robots', 'abot\r\ndbot\r\nebot\r\nhbot\r\nkbot\r\nlbot\r\nmbot\r\nnbot\r\nobot\r\npbot\r\nrbot\r\nsbot\r\ntbot\r\nvbot\r\nybot\r\nzbot\r\nbot.\r\nbot/\r\n_bot\r\n.bot\r\n/bot\r\n-bot\r\n:bot\r\n(bot\r\ncrawl\r\nslurp\r\nspider\r\nseek\r\naccoona\r\nacoon\r\nadressendeutschland\r\nah-ha.com\r\nahoy\r\naltavista\r\nananzi\r\nanthill\r\nappie\r\narachnophilia\r\narale\r\naraneo\r\naranha\r\narchitext\r\naretha\r\narks\r\nasterias\r\natlocal\r\natn\r\natomz\r\naugurfind\r\nbackrub\r\nbannana_bot\r\nbaypup\r\nbdfetch\r\nbig brother\r\nbiglotron\r\nbjaaland\r\nblackwidow\r\nblaiz\r\nblog\r\nblo.\r\nbloodhound\r\nboitho\r\nbooch\r\nbradley\r\nbutterfly\r\ncalif\r\ncassandra\r\nccubee\r\ncfetch\r\ncharlotte\r\nchurl\r\ncienciaficcion\r\ncmc\r\ncollective\r\ncomagent\r\ncombine\r\ncomputingsite\r\ncsci\r\ncurl\r\ncusco\r\ndaumoa\r\ndeepindex\r\ndelorie\r\ndepspid\r\ndeweb\r\ndie blinde kuh\r\ndigger\r\nditto\r\ndmoz\r\ndocomo\r\ndownload express\r\ndtaagent\r\ndwcp\r\nebiness\r\nebingbong\r\ne-collector\r\nejupiter\r\nemacs-w3 search engine\r\nesther\r\nevliya celebi\r\nezresult\r\nfalcon\r\nfelix ide\r\nferret\r\nfetchrover\r\nfido\r\nfindlinks\r\nfireball\r\nfish search\r\nfouineur\r\nfunnelweb\r\ngazz\r\ngcreep\r\ngenieknows\r\ngetterroboplus\r\ngeturl\r\nglx\r\ngoforit\r\ngolem\r\ngrabber\r\ngrapnel\r\ngralon\r\ngriffon\r\ngromit\r\ngrub\r\ngulliver\r\nhamahakki\r\nharvest\r\nhavindex\r\nhelix\r\nheritrix\r\nhku www octopus\r\nhomerweb\r\nhtdig\r\nhtml index\r\nhtml_analyzer\r\nhtmlgobble\r\nhubater\r\nhyper-decontextualizer\r\nia_archiver\r\nibm_planetwide\r\nichiro\r\niconsurf\r\niltrovatore\r\nimage.kapsi.net\r\nimagelock\r\nincywincy\r\nindexer\r\ninfobee\r\ninformant\r\ningrid\r\ninktomisearch.com\r\ninspector web\r\nintelliagent\r\ninternet shinchakubin\r\nip3000\r\niron33\r\nisraeli-search\r\nivia\r\njack\r\njakarta\r\njavabee\r\njetbot\r\njumpstation\r\nkatipo\r\nkdd-explorer\r\nkilroy\r\nknowledge\r\nkototoi\r\nkretrieve\r\nlabelgrabber\r\nlachesis\r\nlarbin\r\nlegs\r\nlibwww\r\nlinkalarm\r\nlink validator\r\nlinkscan\r\nlockon\r\nlwp\r\nlycos\r\nmagpie\r\nmantraagent\r\nmapoftheinternet\r\nmarvin/\r\nmattie\r\nmediafox\r\nmediapartners\r\nmercator\r\nmerzscope\r\nmicrosoft url control\r\nminirank\r\nmiva\r\nmj12\r\nmnogosearch\r\nmoget\r\nmonster\r\nmoose\r\nmotor\r\nmultitext\r\nmuncher\r\nmuscatferret\r\nmwd.search\r\nmyweb\r\nnajdi\r\nnameprotect\r\nnationaldirectory\r\nnazilla\r\nncsa beta\r\nnec-meshexplorer\r\nnederland.zoek\r\nnetcarta webmap engine\r\nnetmechanic\r\nnetresearchserver\r\nnetscoop\r\nnewscan-online\r\nnhse\r\nnokia6682/\r\nnomad\r\nnoyona\r\nnutch\r\nnzexplorer\r\nobjectssearch\r\noccam\r\nomni\r\nopen text\r\nopenfind\r\nopenintelligencedata\r\norb search\r\nosis-project\r\npack rat\r\npageboy\r\npagebull\r\npage_verifier\r\npanscient\r\nparasite\r\npartnersite\r\npatric\r\npear.\r\npegasus\r\nperegrinator\r\npgp key agent\r\nphantom\r\nphpdig\r\npicosearch\r\npiltdownman\r\npimptrain\r\npinpoint\r\npioneer\r\npiranha\r\nplumtreewebaccessor\r\npogodak\r\npoirot\r\npompos\r\npoppelsdorf\r\npoppi\r\npopular iconoclast\r\npsycheclone\r\npublisher\r\npython\r\nrambler\r\nraven search\r\nroach\r\nroad runner\r\nroadhouse\r\nrobbie\r\nrobofox\r\nrobozilla\r\nrules\r\nsalty\r\nsbider\r\nscooter\r\nscoutjet\r\nscrubby\r\nsearch.\r\nsearchprocess\r\nsemanticdiscovery\r\nsenrigan\r\nsg-scout\r\nshai''hulud\r\nshark\r\nshopwiki\r\nsidewinder\r\nsift\r\nsilk\r\nsimmany\r\nsite searcher\r\nsite valet\r\nsitetech-rover\r\nskymob.com\r\nsleek\r\nsmartwit\r\nsna-\r\nsnappy\r\nsnooper\r\nsohu\r\nspeedfind\r\nsphere\r\nsphider\r\nspinner\r\nspyder\r\nsteeler/\r\nsuke\r\nsuntek\r\nsupersnooper\r\nsurfnomore\r\nsven\r\nsygol\r\nszukacz\r\ntach black widow\r\ntarantula\r\ntempleton\r\n/teoma\r\nt-h-u-n-d-e-r-s-t-o-n-e\r\ntheophrastus\r\ntitan\r\ntitin\r\ntkwww\r\ntoutatis\r\nt-rex\r\ntutorgig\r\ntwiceler\r\ntwisted\r\nucsd\r\nudmsearch\r\nurl check\r\nupdated\r\nvagabondo\r\nvalkyrie\r\nverticrawl\r\nvictoria\r\nvision-search\r\nvolcano\r\nvoyager/\r\nvoyager-hc\r\nw3c_validator\r\nw3m2\r\nw3mir\r\nwalker\r\nwallpaper\r\nwanderer\r\nwauuu\r\nwavefire\r\nweb core\r\nweb hopper\r\nweb wombat\r\nwebbandit\r\nwebcatcher\r\nwebcopy\r\nwebfoot\r\nweblayers\r\nweblinker\r\nweblog monitor\r\nwebmirror\r\nwebmonkey\r\nwebquest\r\nwebreaper\r\nwebsitepulse\r\nwebsnarf\r\nwebstolperer\r\nwebvac\r\nwebwalk\r\nwebwatch\r\nwebwombat\r\nwebzinger\r\nwhizbang\r\nwhowhere\r\nwild ferret\r\nworldlight\r\nwwwc\r\nwwwster\r\nxenu\r\nxget\r\nxift\r\nxirq\r\nyandex\r\nyanga\r\nyeti\r\nyodao\r\nzao\r\nzippp\r\nzyborg', 0);
INSERT INTO `setting` VALUES(2, 0, 'config', 'config_shared', '0', 0);
INSERT INTO `setting` VALUES(3, 0, 'config', 'config_secure', '0', 0);
INSERT INTO `setting` VALUES(4, 0, 'voucher', 'voucher_sort_order', '8', 0);
INSERT INTO `setting` VALUES(5, 0, 'voucher', 'voucher_status', '1', 0);
INSERT INTO `setting` VALUES(6, 0, 'config', 'config_fraud_detection', '0', 0);
INSERT INTO `setting` VALUES(7, 0, 'config', 'config_alert_email', '', 0);
INSERT INTO `setting` VALUES(8, 0, 'config', 'config_ftp_status', '0', 0);
INSERT INTO `setting` VALUES(9, 0, 'config', 'config_ftp_root', '', 0);
INSERT INTO `setting` VALUES(10, 0, 'config', 'config_ftp_password', '', 0);
INSERT INTO `setting` VALUES(11, 0, 'config', 'config_ftp_username', '', 0);
INSERT INTO `setting` VALUES(12, 0, 'config', 'config_ftp_port', '21', 0);
INSERT INTO `setting` VALUES(13, 0, 'config', 'config_ftp_hostname', '', 0);
INSERT INTO `setting` VALUES(14, 0, 'config', 'config_meta_title', 'Your Store', 0);
INSERT INTO `setting` VALUES(15, 0, 'config', 'config_meta_description', 'My Store', 0);
INSERT INTO `setting` VALUES(16, 0, 'config', 'config_meta_keyword', '', 0);
INSERT INTO `setting` VALUES(17, 0, 'config', 'config_theme', 'theme_default', 0);
INSERT INTO `setting` VALUES(18, 0, 'config', 'config_layout_id', '4', 0);
INSERT INTO `setting` VALUES(19, 0, 'config', 'config_country_id', '222', 0);
INSERT INTO `setting` VALUES(20, 0, 'config', 'config_zone_id', '3563', 0);
INSERT INTO `setting` VALUES(21, 0, 'config', 'config_language', 'en-gb', 0);
INSERT INTO `setting` VALUES(22, 0, 'config', 'config_admin_language', 'en-gb', 0);
INSERT INTO `setting` VALUES(23, 0, 'config', 'config_currency', 'USD', 0);
INSERT INTO `setting` VALUES(24, 0, 'config', 'config_currency_auto', '1', 0);
INSERT INTO `setting` VALUES(25, 0, 'config', 'config_length_class_id', '1', 0);
INSERT INTO `setting` VALUES(26, 0, 'config', 'config_weight_class_id', '1', 0);
INSERT INTO `setting` VALUES(27, 0, 'config', 'config_product_count', '1', 0);
INSERT INTO `setting` VALUES(28, 0, 'config', 'config_limit_admin', '20', 0);
INSERT INTO `setting` VALUES(29, 0, 'config', 'config_review_status', '1', 0);
INSERT INTO `setting` VALUES(30, 0, 'config', 'config_review_guest', '1', 0);
INSERT INTO `setting` VALUES(31, 0, 'config', 'config_voucher_min', '1', 0);
INSERT INTO `setting` VALUES(32, 0, 'config', 'config_voucher_max', '1000', 0);
INSERT INTO `setting` VALUES(33, 0, 'config', 'config_tax', '1', 0);
INSERT INTO `setting` VALUES(34, 0, 'config', 'config_tax_default', 'shipping', 0);
INSERT INTO `setting` VALUES(35, 0, 'config', 'config_tax_customer', 'shipping', 0);
INSERT INTO `setting` VALUES(36, 0, 'config', 'config_customer_online', '0', 0);
INSERT INTO `setting` VALUES(37, 0, 'config', 'config_customer_activity', '0', 0);
INSERT INTO `setting` VALUES(38, 0, 'config', 'config_customer_search', '0', 0);
INSERT INTO `setting` VALUES(39, 0, 'config', 'config_customer_group_id', '1', 0);
INSERT INTO `setting` VALUES(40, 0, 'config', 'config_customer_group_display', '["1"]', 1);
INSERT INTO `setting` VALUES(41, 0, 'config', 'config_customer_price', '0', 0);
INSERT INTO `setting` VALUES(42, 0, 'config', 'config_account_id', '3', 0);
INSERT INTO `setting` VALUES(43, 0, 'config', 'config_invoice_prefix', 'INV-2013-00', 0);
INSERT INTO `setting` VALUES(176, 0, 'config', 'config_api_id', '1', 0);
INSERT INTO `setting` VALUES(45, 0, 'config', 'config_cart_weight', '1', 0);
INSERT INTO `setting` VALUES(46, 0, 'config', 'config_checkout_guest', '1', 0);
INSERT INTO `setting` VALUES(47, 0, 'config', 'config_checkout_id', '5', 0);
INSERT INTO `setting` VALUES(48, 0, 'config', 'config_order_status_id', '1', 0);
INSERT INTO `setting` VALUES(49, 0, 'config', 'config_processing_status', '["5","1","2","12","3"]', 1);
INSERT INTO `setting` VALUES(50, 0, 'config', 'config_complete_status', '["5","3"]', 1);
INSERT INTO `setting` VALUES(51, 0, 'config', 'config_stock_display', '0', 0);
INSERT INTO `setting` VALUES(52, 0, 'config', 'config_stock_warning', '0', 0);
INSERT INTO `setting` VALUES(53, 0, 'config', 'config_stock_checkout', '0', 0);
INSERT INTO `setting` VALUES(54, 0, 'config', 'config_affiliate_approval', '0', 0);
INSERT INTO `setting` VALUES(55, 0, 'config', 'config_affiliate_auto', '0', 0);
INSERT INTO `setting` VALUES(56, 0, 'config', 'config_affiliate_commission', '5', 0);
INSERT INTO `setting` VALUES(57, 0, 'config', 'config_affiliate_id', '4', 0);
INSERT INTO `setting` VALUES(58, 0, 'config', 'config_return_id', '0', 0);
INSERT INTO `setting` VALUES(59, 0, 'config', 'config_return_status_id', '2', 0);
INSERT INTO `setting` VALUES(60, 0, 'config', 'config_logo', 'catalog/logo.png', 0);
INSERT INTO `setting` VALUES(61, 0, 'config', 'config_icon', 'catalog/cart.png', 0);
INSERT INTO `setting` VALUES(62, 0, 'config', 'config_comment', '', 0);
INSERT INTO `setting` VALUES(63, 0, 'config', 'config_open', '', 0);
INSERT INTO `setting` VALUES(64, 0, 'config', 'config_image', '', 0);
INSERT INTO `setting` VALUES(65, 0, 'config', 'config_fax', '', 0);
INSERT INTO `setting` VALUES(66, 0, 'config', 'config_telephone', '123456789', 0);
INSERT INTO `setting` VALUES(174, 0, 'config', 'config_email', 'denis@evolutionindesignz.com', 0);
INSERT INTO `setting` VALUES(68, 0, 'config', 'config_geocode', '', 0);
INSERT INTO `setting` VALUES(69, 0, 'config', 'config_owner', 'Your Name', 0);
INSERT INTO `setting` VALUES(70, 0, 'config', 'config_address', 'Address 1', 0);
INSERT INTO `setting` VALUES(71, 0, 'config', 'config_name', 'Your Store', 0);
INSERT INTO `setting` VALUES(72, 0, 'config', 'config_seo_url', '0', 0);
INSERT INTO `setting` VALUES(73, 0, 'config', 'config_file_max_size', '300000', 0);
INSERT INTO `setting` VALUES(74, 0, 'config', 'config_file_ext_allowed', 'zip\r\ntxt\r\npng\r\njpe\r\njpeg\r\njpg\r\ngif\r\nbmp\r\nico\r\ntiff\r\ntif\r\nsvg\r\nsvgz\r\nzip\r\nrar\r\nmsi\r\ncab\r\nmp3\r\nqt\r\nmov\r\npdf\r\npsd\r\nai\r\neps\r\nps\r\ndoc', 0);
INSERT INTO `setting` VALUES(75, 0, 'config', 'config_file_mime_allowed', 'text/plain\r\nimage/png\r\nimage/jpeg\r\nimage/gif\r\nimage/bmp\r\nimage/tiff\r\nimage/svg+xml\r\napplication/zip\r\n&quot;application/zip&quot;\r\napplication/x-zip\r\n&quot;application/x-zip&quot;\r\napplication/x-zip-compressed\r\n&quot;application/x-zip-compressed&quot;\r\napplication/rar\r\n&quot;application/rar&quot;\r\napplication/x-rar\r\n&quot;application/x-rar&quot;\r\napplication/x-rar-compressed\r\n&quot;application/x-rar-compressed&quot;\r\napplication/octet-stream\r\n&quot;application/octet-stream&quot;\r\naudio/mpeg\r\nvideo/quicktime\r\napplication/pdf', 0);
INSERT INTO `setting` VALUES(76, 0, 'config', 'config_maintenance', '0', 0);
INSERT INTO `setting` VALUES(77, 0, 'config', 'config_password', '1', 0);
INSERT INTO `setting` VALUES(175, 0, 'config', 'config_encryption', 'tynp65JzYbupN3RDhAYkpDrjanOrK9VaetGmba6CdAX7OIZpKZqjU2Y1kVwyYvqogbbiSuF0pfxmrEVrcMO4sDaOgh9OQbhPx2wmcX4KTm1Qbvb6atPrpLhqDeVLQvQa7sWffeah3crAjObaSJ48s296GoSNDPJ0HWPJBrJtu6qe3C2d7ChFjBgdiEGS6NAwVYfApOd8SmIfaRJ4BJoSkTopnB4PSbewagxoLx2CJlFtfbsPwdlxAghMkMdVsV83pZE3uHzVjBOuVqy8ZDgPMgTtK1WqwVAMoOnMFu2ooAWrSASbfyzlm3QvktBbB4HY0YsThnEybkS7RQdYYZZ1vVX382Qksj5I6dC7qNzebde3eNJK99GOUSgD5xkIy46l7qP78SmF2ylytNmVHj7poN80cIVKVkFR7DXA48E6HMUY1YsW1LsMg2YLviKye8gS5PlsXiicr8TJYIc3y4weNnKoXC880QMMd7QVNqgirx1iGecAPXj5kONJZMrQKldLVJBwLr2VGJieEtkkkrewTum2nOWXYSkAUgMgLFAPzBj8zKEEkJsa9UJFsI9nCcslMKxj1h6qOrsbL6ZkB6RkXHH0Y3DoMYLfMakQO0lYzZiiQF4hIVacdBdDNonEkdHSVImmKpUZBCgQ7OMYYwMTrnkE7MNiqSJkaIKeTLOCwNQgkUZQHmeZ6AlNwVAuowNKVwpaKWLU1lh0OrenjMcBA8IJNzYRdfHs2kRlMsJaWGjKbvj7HVUjjMmWULAAXeOfPoqnohZjZ8lbxwL6khuxs6K0TD1fyKCXCgYGo7GhN5yrDEQMOIluUsiRXM6yqe3Y3nmScSd2IcuZLFc7AUVoDQWL5RvNqz4nAZPdD8CDNFjbOod7DNdX8WJPEJEYlch5ycI6dOMVOmvYMi1ibm2Xr95FWIa4OjLy0Nlb11GfxXyYniTwWoTT7scavCKC24HzzPqd0q58kA0vcV629LMMsNvVAqBB10zpRGmHrepEktoD0j0unvjeN0frDYmttKw2', 0);
INSERT INTO `setting` VALUES(79, 0, 'config', 'config_compression', '0', 0);
INSERT INTO `setting` VALUES(80, 0, 'config', 'config_error_display', '1', 0);
INSERT INTO `setting` VALUES(81, 0, 'config', 'config_error_log', '1', 0);
INSERT INTO `setting` VALUES(82, 0, 'config', 'config_error_filename', 'error.log', 0);
INSERT INTO `setting` VALUES(83, 0, 'config', 'config_google_analytics', '', 0);
INSERT INTO `setting` VALUES(84, 0, 'config', 'config_mail_protocol', 'mail', 0);
INSERT INTO `setting` VALUES(85, 0, 'config', 'config_mail_parameter', '', 0);
INSERT INTO `setting` VALUES(86, 0, 'config', 'config_mail_smtp_hostname', '', 0);
INSERT INTO `setting` VALUES(87, 0, 'config', 'config_mail_smtp_username', '', 0);
INSERT INTO `setting` VALUES(88, 0, 'config', 'config_mail_smtp_password', '', 0);
INSERT INTO `setting` VALUES(89, 0, 'config', 'config_mail_smtp_port', '25', 0);
INSERT INTO `setting` VALUES(90, 0, 'config', 'config_mail_smtp_timeout', '5', 0);
INSERT INTO `setting` VALUES(91, 0, 'config', 'config_mail_alert', '["order"]', 1);
INSERT INTO `setting` VALUES(92, 0, 'config', 'config_captcha', 'basic_captcha', 0);
INSERT INTO `setting` VALUES(93, 0, 'config', 'config_captcha_page', '["review","return","contact"]', 1);
INSERT INTO `setting` VALUES(94, 0, 'config', 'config_login_attempts', '5', 0);
INSERT INTO `setting` VALUES(95, 0, 'free_checkout', 'free_checkout_status', '1', 0);
INSERT INTO `setting` VALUES(96, 0, 'free_checkout', 'free_checkout_order_status_id', '1', 0);
INSERT INTO `setting` VALUES(97, 0, 'shipping', 'shipping_sort_order', '3', 0);
INSERT INTO `setting` VALUES(98, 0, 'sub_total', 'sub_total_sort_order', '1', 0);
INSERT INTO `setting` VALUES(99, 0, 'sub_total', 'sub_total_status', '1', 0);
INSERT INTO `setting` VALUES(100, 0, 'tax', 'tax_status', '1', 0);
INSERT INTO `setting` VALUES(101, 0, 'total', 'total_sort_order', '9', 0);
INSERT INTO `setting` VALUES(102, 0, 'total', 'total_status', '1', 0);
INSERT INTO `setting` VALUES(103, 0, 'tax', 'tax_sort_order', '5', 0);
INSERT INTO `setting` VALUES(104, 0, 'free_checkout', 'free_checkout_sort_order', '1', 0);
INSERT INTO `setting` VALUES(105, 0, 'cod', 'cod_sort_order', '5', 0);
INSERT INTO `setting` VALUES(106, 0, 'cod', 'cod_total', '0.01', 0);
INSERT INTO `setting` VALUES(107, 0, 'cod', 'cod_order_status_id', '1', 0);
INSERT INTO `setting` VALUES(108, 0, 'cod', 'cod_geo_zone_id', '0', 0);
INSERT INTO `setting` VALUES(109, 0, 'cod', 'cod_status', '1', 0);
INSERT INTO `setting` VALUES(110, 0, 'shipping', 'shipping_status', '1', 0);
INSERT INTO `setting` VALUES(111, 0, 'shipping', 'shipping_estimator', '1', 0);
INSERT INTO `setting` VALUES(112, 0, 'coupon', 'coupon_sort_order', '4', 0);
INSERT INTO `setting` VALUES(113, 0, 'coupon', 'coupon_status', '1', 0);
INSERT INTO `setting` VALUES(114, 0, 'flat', 'flat_sort_order', '1', 0);
INSERT INTO `setting` VALUES(115, 0, 'flat', 'flat_status', '1', 0);
INSERT INTO `setting` VALUES(116, 0, 'flat', 'flat_geo_zone_id', '0', 0);
INSERT INTO `setting` VALUES(117, 0, 'flat', 'flat_tax_class_id', '9', 0);
INSERT INTO `setting` VALUES(118, 0, 'flat', 'flat_cost', '5.00', 0);
INSERT INTO `setting` VALUES(119, 0, 'credit', 'credit_sort_order', '7', 0);
INSERT INTO `setting` VALUES(120, 0, 'credit', 'credit_status', '1', 0);
INSERT INTO `setting` VALUES(121, 0, 'reward', 'reward_sort_order', '2', 0);
INSERT INTO `setting` VALUES(122, 0, 'reward', 'reward_status', '1', 0);
INSERT INTO `setting` VALUES(123, 0, 'category', 'category_status', '1', 0);
INSERT INTO `setting` VALUES(124, 0, 'account', 'account_status', '1', 0);
INSERT INTO `setting` VALUES(125, 0, 'affiliate', 'affiliate_status', '1', 0);
INSERT INTO `setting` VALUES(126, 0, 'theme_default', 'theme_default_product_limit', '15', 0);
INSERT INTO `setting` VALUES(127, 0, 'theme_default', 'theme_default_product_description_length', '100', 0);
INSERT INTO `setting` VALUES(128, 0, 'theme_default', 'theme_default_image_thumb_width', '228', 0);
INSERT INTO `setting` VALUES(129, 0, 'theme_default', 'theme_default_image_thumb_height', '228', 0);
INSERT INTO `setting` VALUES(130, 0, 'theme_default', 'theme_default_image_popup_width', '500', 0);
INSERT INTO `setting` VALUES(131, 0, 'theme_default', 'theme_default_image_popup_height', '500', 0);
INSERT INTO `setting` VALUES(132, 0, 'theme_default', 'theme_default_image_category_width', '80', 0);
INSERT INTO `setting` VALUES(133, 0, 'theme_default', 'theme_default_image_category_height', '80', 0);
INSERT INTO `setting` VALUES(134, 0, 'theme_default', 'theme_default_image_product_width', '228', 0);
INSERT INTO `setting` VALUES(135, 0, 'theme_default', 'theme_default_image_product_height', '228', 0);
INSERT INTO `setting` VALUES(136, 0, 'theme_default', 'theme_default_image_additional_width', '74', 0);
INSERT INTO `setting` VALUES(137, 0, 'theme_default', 'theme_default_image_additional_height', '74', 0);
INSERT INTO `setting` VALUES(138, 0, 'theme_default', 'theme_default_image_related_width', '200', 0);
INSERT INTO `setting` VALUES(139, 0, 'theme_default', 'theme_default_image_related_height', '200', 0);
INSERT INTO `setting` VALUES(140, 0, 'theme_default', 'theme_default_image_compare_width', '90', 0);
INSERT INTO `setting` VALUES(141, 0, 'theme_default', 'theme_default_image_compare_height', '90', 0);
INSERT INTO `setting` VALUES(142, 0, 'theme_default', 'theme_default_image_wishlist_width', '47', 0);
INSERT INTO `setting` VALUES(143, 0, 'theme_default', 'theme_default_image_wishlist_height', '47', 0);
INSERT INTO `setting` VALUES(144, 0, 'theme_default', 'theme_default_image_cart_height', '47', 0);
INSERT INTO `setting` VALUES(145, 0, 'theme_default', 'theme_default_image_cart_width', '47', 0);
INSERT INTO `setting` VALUES(146, 0, 'theme_default', 'theme_default_image_location_height', '50', 0);
INSERT INTO `setting` VALUES(147, 0, 'theme_default', 'theme_default_image_location_width', '268', 0);
INSERT INTO `setting` VALUES(148, 0, 'theme_default', 'theme_default_directory', 'default', 0);
INSERT INTO `setting` VALUES(149, 0, 'theme_default', 'theme_default_status', '1', 0);
INSERT INTO `setting` VALUES(150, 0, 'dashboard_activity', 'dashboard_activity_status', '1', 0);
INSERT INTO `setting` VALUES(151, 0, 'dashboard_activity', 'dashboard_activity_sort_order', '7', 0);
INSERT INTO `setting` VALUES(152, 0, 'dashboard_sale', 'dashboard_sale_status', '1', 0);
INSERT INTO `setting` VALUES(153, 0, 'dashboard_sale', 'dashboard_sale_width', '3', 0);
INSERT INTO `setting` VALUES(154, 0, 'dashboard_chart', 'dashboard_chart_status', '1', 0);
INSERT INTO `setting` VALUES(155, 0, 'dashboard_chart', 'dashboard_chart_width', '6', 0);
INSERT INTO `setting` VALUES(156, 0, 'dashboard_customer', 'dashboard_customer_status', '1', 0);
INSERT INTO `setting` VALUES(157, 0, 'dashboard_customer', 'dashboard_customer_width', '3', 0);
INSERT INTO `setting` VALUES(158, 0, 'dashboard_map', 'dashboard_map_status', '1', 0);
INSERT INTO `setting` VALUES(159, 0, 'dashboard_map', 'dashboard_map_width', '6', 0);
INSERT INTO `setting` VALUES(160, 0, 'dashboard_online', 'dashboard_online_status', '1', 0);
INSERT INTO `setting` VALUES(161, 0, 'dashboard_online', 'dashboard_online_width', '3', 0);
INSERT INTO `setting` VALUES(162, 0, 'dashboard_order', 'dashboard_order_sort_order', '1', 0);
INSERT INTO `setting` VALUES(163, 0, 'dashboard_order', 'dashboard_order_status', '1', 0);
INSERT INTO `setting` VALUES(164, 0, 'dashboard_order', 'dashboard_order_width', '3', 0);
INSERT INTO `setting` VALUES(165, 0, 'dashboard_sale', 'dashboard_sale_sort_order', '2', 0);
INSERT INTO `setting` VALUES(166, 0, 'dashboard_customer', 'dashboard_customer_sort_order', '3', 0);
INSERT INTO `setting` VALUES(167, 0, 'dashboard_online', 'dashboard_online_sort_order', '4', 0);
INSERT INTO `setting` VALUES(168, 0, 'dashboard_map', 'dashboard_map_sort_order', '5', 0);
INSERT INTO `setting` VALUES(169, 0, 'dashboard_chart', 'dashboard_chart_sort_order', '6', 0);
INSERT INTO `setting` VALUES(170, 0, 'dashboard_recent', 'dashboard_recent_status', '1', 0);
INSERT INTO `setting` VALUES(171, 0, 'dashboard_recent', 'dashboard_recent_sort_order', '8', 0);
INSERT INTO `setting` VALUES(172, 0, 'dashboard_activity', 'dashboard_activity_width', '4', 0);
INSERT INTO `setting` VALUES(173, 0, 'dashboard_recent', 'dashboard_recent_width', '8', 0);

-- --------------------------------------------------------

--
-- Table structure for table `stock_status`
--

CREATE TABLE `stock_status` (
  `stock_status_id` int(11) NOT NULL AUTO_INCREMENT,
  `language_id` int(11) NOT NULL,
  `name` varchar(32) NOT NULL,
  PRIMARY KEY (`stock_status_id`,`language_id`)
) ENGINE=MyISAM  DEFAULT CHARSET=utf8 AUTO_INCREMENT=9 ;

--
-- Dumping data for table `stock_status`
--

INSERT INTO `stock_status` VALUES(7, 1, 'In Stock');
INSERT INTO `stock_status` VALUES(8, 1, 'Pre-Order');
INSERT INTO `stock_status` VALUES(5, 1, 'Out Of Stock');
INSERT INTO `stock_status` VALUES(6, 1, '2-3 Days');

-- --------------------------------------------------------

--
-- Table structure for table `store`
--

CREATE TABLE `store` (
  `store_id` int(11) NOT NULL AUTO_INCREMENT,
  `name` varchar(64) NOT NULL,
  `url` varchar(255) NOT NULL,
  `ssl` varchar(255) NOT NULL,
  PRIMARY KEY (`store_id`)
) ENGINE=MyISAM DEFAULT CHARSET=utf8 AUTO_INCREMENT=1 ;

--
-- Dumping data for table `store`
--


-- --------------------------------------------------------

--
-- Table structure for table `tax_class`
--

CREATE TABLE `tax_class` (
  `tax_class_id` int(11) NOT NULL AUTO_INCREMENT,
  `title` varchar(32) NOT NULL,
  `description` varchar(255) NOT NULL,
  `date_added` datetime NOT NULL,
  `date_modified` datetime NOT NULL,
  PRIMARY KEY (`tax_class_id`)
) ENGINE=MyISAM  DEFAULT CHARSET=utf8 AUTO_INCREMENT=11 ;

--
-- Dumping data for table `tax_class`
--

INSERT INTO `tax_class` VALUES(9, 'Taxable Goods', 'Taxed goods', '2009-01-06 23:21:53', '2011-09-23 14:07:50');
INSERT INTO `tax_class` VALUES(10, 'Downloadable Products', 'Downloadable', '2011-09-21 22:19:39', '2011-09-22 10:27:36');

-- --------------------------------------------------------

--
-- Table structure for table `tax_rate`
--

CREATE TABLE `tax_rate` (
  `tax_rate_id` int(11) NOT NULL AUTO_INCREMENT,
  `geo_zone_id` int(11) NOT NULL DEFAULT '0',
  `name` varchar(32) NOT NULL,
  `rate` decimal(15,4) NOT NULL DEFAULT '0.0000',
  `type` char(1) NOT NULL,
  `date_added` datetime NOT NULL,
  `date_modified` datetime NOT NULL,
  PRIMARY KEY (`tax_rate_id`)
) ENGINE=MyISAM  DEFAULT CHARSET=utf8 AUTO_INCREMENT=88 ;

--
-- Dumping data for table `tax_rate`
--

INSERT INTO `tax_rate` VALUES(86, 3, 'VAT (20%)', 20.0000, 'P', '2011-03-09 21:17:10', '2011-09-22 22:24:29');
INSERT INTO `tax_rate` VALUES(87, 3, 'Eco Tax (-2.00)', 2.0000, 'F', '2011-09-21 21:49:23', '2011-09-23 00:40:19');

-- --------------------------------------------------------

--
-- Table structure for table `tax_rate_to_customer_group`
--

CREATE TABLE `tax_rate_to_customer_group` (
  `tax_rate_id` int(11) NOT NULL,
  `customer_group_id` int(11) NOT NULL,
  PRIMARY KEY (`tax_rate_id`,`customer_group_id`)
) ENGINE=MyISAM DEFAULT CHARSET=utf8;

--
-- Dumping data for table `tax_rate_to_customer_group`
--

INSERT INTO `tax_rate_to_customer_group` VALUES(86, 1);
INSERT INTO `tax_rate_to_customer_group` VALUES(87, 1);

-- --------------------------------------------------------

--
-- Table structure for table `tax_rule`
--

CREATE TABLE `tax_rule` (
  `tax_rule_id` int(11) NOT NULL AUTO_INCREMENT,
  `tax_class_id` int(11) NOT NULL,
  `tax_rate_id` int(11) NOT NULL,
  `based` varchar(10) NOT NULL,
  `priority` int(5) NOT NULL DEFAULT '1',
  PRIMARY KEY (`tax_rule_id`)
) ENGINE=MyISAM  DEFAULT CHARSET=utf8 AUTO_INCREMENT=129 ;

--
-- Dumping data for table `tax_rule`
--

INSERT INTO `tax_rule` VALUES(121, 10, 86, 'payment', 1);
INSERT INTO `tax_rule` VALUES(120, 10, 87, 'store', 0);
INSERT INTO `tax_rule` VALUES(128, 9, 86, 'shipping', 1);
INSERT INTO `tax_rule` VALUES(127, 9, 87, 'shipping', 2);

-- --------------------------------------------------------

--
-- Table structure for table `theme`
--

CREATE TABLE `theme` (
  `theme_id` int(11) NOT NULL AUTO_INCREMENT,
  `store_id` int(11) NOT NULL,
  `theme` varchar(64) NOT NULL,
  `route` varchar(64) NOT NULL,
  `code` text NOT NULL,
  PRIMARY KEY (`theme_id`)
) ENGINE=MyISAM DEFAULT CHARSET=utf8 AUTO_INCREMENT=1 ;

--
-- Dumping data for table `theme`
--


-- --------------------------------------------------------

--
-- Table structure for table `translation`
--

CREATE TABLE `translation` (
  `translation_id` int(11) NOT NULL AUTO_INCREMENT,
  `store_id` int(11) NOT NULL,
  `language_id` int(11) NOT NULL,
  `route` varchar(64) NOT NULL,
  `key` varchar(64) NOT NULL,
  `value` text NOT NULL,
  PRIMARY KEY (`translation_id`)
) ENGINE=MyISAM DEFAULT CHARSET=utf8 AUTO_INCREMENT=1 ;

--
-- Dumping data for table `translation`
--


-- --------------------------------------------------------

--
-- Table structure for table `upload`
--

CREATE TABLE `upload` (
  `upload_id` int(11) NOT NULL AUTO_INCREMENT,
  `name` varchar(255) NOT NULL,
  `filename` varchar(255) NOT NULL,
  `code` varchar(255) NOT NULL,
  `date_added` datetime NOT NULL,
  PRIMARY KEY (`upload_id`)
) ENGINE=MyISAM DEFAULT CHARSET=utf8 AUTO_INCREMENT=1 ;

--
-- Dumping data for table `upload`
--


-- --------------------------------------------------------

--
-- Table structure for table `url_alias`
--

CREATE TABLE `url_alias` (
  `url_alias_id` int(11) NOT NULL AUTO_INCREMENT,
  `query` varchar(255) NOT NULL,
  `keyword` varchar(255) NOT NULL,
  PRIMARY KEY (`url_alias_id`),
  KEY `query` (`query`),
  KEY `keyword` (`keyword`)
) ENGINE=MyISAM  DEFAULT CHARSET=utf8 AUTO_INCREMENT=844 ;

--
-- Dumping data for table `url_alias`
--

INSERT INTO `url_alias` VALUES(824, 'product_id=48', 'ipod-classic');
INSERT INTO `url_alias` VALUES(836, 'category_id=20', 'desktops');
INSERT INTO `url_alias` VALUES(834, 'category_id=26', 'pc');
INSERT INTO `url_alias` VALUES(835, 'category_id=27', 'mac');
INSERT INTO `url_alias` VALUES(730, 'manufacturer_id=8', 'apple');
INSERT INTO `url_alias` VALUES(772, 'information_id=4', 'about_us');
INSERT INTO `url_alias` VALUES(768, 'product_id=42', 'test');
INSERT INTO `url_alias` VALUES(789, 'category_id=34', 'mp3-players');
INSERT INTO `url_alias` VALUES(781, 'category_id=36', 'test2');
INSERT INTO `url_alias` VALUES(774, 'category_id=18', 'laptop-notebook');
INSERT INTO `url_alias` VALUES(775, 'category_id=46', 'macs');
INSERT INTO `url_alias` VALUES(776, 'category_id=45', 'windows');
INSERT INTO `url_alias` VALUES(777, 'category_id=25', 'component');
INSERT INTO `url_alias` VALUES(778, 'category_id=29', 'mouse');
INSERT INTO `url_alias` VALUES(779, 'category_id=28', 'monitor');
INSERT INTO `url_alias` VALUES(780, 'category_id=35', 'test1');
INSERT INTO `url_alias` VALUES(782, 'category_id=30', 'printer');
INSERT INTO `url_alias` VALUES(783, 'category_id=31', 'scanner');
INSERT INTO `url_alias` VALUES(784, 'category_id=32', 'web-camera');
INSERT INTO `url_alias` VALUES(785, 'category_id=57', 'tablet');
INSERT INTO `url_alias` VALUES(786, 'category_id=17', 'software');
INSERT INTO `url_alias` VALUES(787, 'category_id=24', 'smartphone');
INSERT INTO `url_alias` VALUES(788, 'category_id=33', 'camera');
INSERT INTO `url_alias` VALUES(790, 'category_id=43', 'test11');
INSERT INTO `url_alias` VALUES(791, 'category_id=44', 'test12');
INSERT INTO `url_alias` VALUES(792, 'category_id=47', 'test15');
INSERT INTO `url_alias` VALUES(793, 'category_id=48', 'test16');
INSERT INTO `url_alias` VALUES(794, 'category_id=49', 'test17');
INSERT INTO `url_alias` VALUES(795, 'category_id=50', 'test18');
INSERT INTO `url_alias` VALUES(796, 'category_id=51', 'test19');
INSERT INTO `url_alias` VALUES(797, 'category_id=52', 'test20');
INSERT INTO `url_alias` VALUES(798, 'category_id=58', 'test25');
INSERT INTO `url_alias` VALUES(799, 'category_id=53', 'test21');
INSERT INTO `url_alias` VALUES(800, 'category_id=54', 'test22');
INSERT INTO `url_alias` VALUES(801, 'category_id=55', 'test23');
INSERT INTO `url_alias` VALUES(802, 'category_id=56', 'test24');
INSERT INTO `url_alias` VALUES(803, 'category_id=38', 'test4');
INSERT INTO `url_alias` VALUES(804, 'category_id=37', 'test5');
INSERT INTO `url_alias` VALUES(805, 'category_id=39', 'test6');
INSERT INTO `url_alias` VALUES(806, 'category_id=40', 'test7');
INSERT INTO `url_alias` VALUES(807, 'category_id=41', 'test8');
INSERT INTO `url_alias` VALUES(808, 'category_id=42', 'test9');
INSERT INTO `url_alias` VALUES(809, 'product_id=30', 'canon-eos-5d');
INSERT INTO `url_alias` VALUES(840, 'product_id=47', 'hp-lp3065');
INSERT INTO `url_alias` VALUES(811, 'product_id=28', 'htc-touch-hd');
INSERT INTO `url_alias` VALUES(812, 'product_id=43', 'macbook');
INSERT INTO `url_alias` VALUES(813, 'product_id=44', 'macbook-air');
INSERT INTO `url_alias` VALUES(814, 'product_id=45', 'macbook-pro');
INSERT INTO `url_alias` VALUES(816, 'product_id=31', 'nikon-d300');
INSERT INTO `url_alias` VALUES(817, 'product_id=29', 'palm-treo-pro');
INSERT INTO `url_alias` VALUES(818, 'product_id=35', 'product-8');
INSERT INTO `url_alias` VALUES(819, 'product_id=49', 'samsung-galaxy-tab-10-1');
INSERT INTO `url_alias` VALUES(820, 'product_id=33', 'samsung-syncmaster-941bw');
INSERT INTO `url_alias` VALUES(821, 'product_id=46', 'sony-vaio');
INSERT INTO `url_alias` VALUES(837, 'product_id=41', 'imac');
INSERT INTO `url_alias` VALUES(823, 'product_id=40', 'iphone');
INSERT INTO `url_alias` VALUES(825, 'product_id=36', 'ipod-nano');
INSERT INTO `url_alias` VALUES(826, 'product_id=34', 'ipod-shuffle');
INSERT INTO `url_alias` VALUES(827, 'product_id=32', 'ipod-touch');
INSERT INTO `url_alias` VALUES(828, 'manufacturer_id=9', 'canon');
INSERT INTO `url_alias` VALUES(829, 'manufacturer_id=5', 'htc');
INSERT INTO `url_alias` VALUES(830, 'manufacturer_id=7', 'hewlett-packard');
INSERT INTO `url_alias` VALUES(831, 'manufacturer_id=6', 'palm');
INSERT INTO `url_alias` VALUES(832, 'manufacturer_id=10', 'sony');
INSERT INTO `url_alias` VALUES(841, 'information_id=6', 'delivery');
INSERT INTO `url_alias` VALUES(842, 'information_id=3', 'privacy');
INSERT INTO `url_alias` VALUES(843, 'information_id=5', 'terms');

-- --------------------------------------------------------

--
-- Table structure for table `user`
--

CREATE TABLE `user` (
  `user_id` int(11) NOT NULL AUTO_INCREMENT,
  `user_group_id` int(11) NOT NULL,
  `username` varchar(20) NOT NULL,
  `password` varchar(40) NOT NULL,
  `salt` varchar(9) NOT NULL,
  `firstname` varchar(32) NOT NULL,
  `lastname` varchar(32) NOT NULL,
  `email` varchar(96) NOT NULL,
  `image` varchar(255) NOT NULL,
  `code` varchar(40) NOT NULL,
  `ip` varchar(40) NOT NULL,
  `status` tinyint(1) NOT NULL,
  `date_added` datetime NOT NULL,
  PRIMARY KEY (`user_id`)
) ENGINE=MyISAM  DEFAULT CHARSET=utf8 AUTO_INCREMENT=3 ;

--
-- Dumping data for table `user`
--

INSERT INTO `user` VALUES(1, 1, 'dmachado', 'f755124e68aaecebcf6978f6b0852a0d322f2f22', '1sb9FpQon', 'Denis', 'Machado', 'denis@evolutionindesignz.com', '', '', '76.65.26.141', 1, '2016-10-03 15:25:57');
INSERT INTO `user` VALUES(2, 1, 'dario', '069ec4073e319024bfdb71568a90a88eb1bcdf5c', 'i6nAdrgpm', 'Dario', 'Ferreira', 'dario@dario.com', '', '', '24.114.64.99', 1, '2017-11-19 19:49:18');

-- --------------------------------------------------------

--
-- Table structure for table `user_group`
--

CREATE TABLE `user_group` (
  `user_group_id` int(11) NOT NULL AUTO_INCREMENT,
  `name` varchar(64) NOT NULL,
  `permission` text NOT NULL,
  PRIMARY KEY (`user_group_id`)
) ENGINE=MyISAM  DEFAULT CHARSET=utf8 AUTO_INCREMENT=11 ;

--
-- Dumping data for table `user_group`
--

INSERT INTO `user_group` VALUES(1, 'Administrator', '{"access":["catalog\\/attribute","catalog\\/attribute_group","catalog\\/category","catalog\\/download","catalog\\/filter","catalog\\/information","catalog\\/manufacturer","catalog\\/option","catalog\\/product","catalog\\/recurring","catalog\\/review","common\\/column_left","common\\/filemanager","customer\\/custom_field","customer\\/customer","customer\\/customer_group","design\\/banner","design\\/language","design\\/layout","design\\/menu","design\\/theme","design\\/translation","event\\/compatibility","event\\/theme","extension\\/analytics\\/google_analytics","extension\\/captcha\\/basic_captcha","extension\\/captcha\\/google_captcha","extension\\/dashboard\\/activity","extension\\/dashboard\\/chart","extension\\/dashboard\\/customer","extension\\/dashboard\\/map","extension\\/dashboard\\/online","extension\\/dashboard\\/order","extension\\/dashboard\\/recent","extension\\/dashboard\\/sale","extension\\/event","extension\\/extension","extension\\/extension\\/analytics","extension\\/extension\\/captcha","extension\\/extension\\/dashboard","extension\\/extension\\/feed","extension\\/extension\\/fraud","extension\\/extension\\/module","extension\\/extension\\/payment","extension\\/extension\\/shipping","extension\\/extension\\/theme","extension\\/extension\\/total","extension\\/feed\\/google_base","extension\\/feed\\/google_sitemap","extension\\/feed\\/openbaypro","extension\\/fraud\\/fraudlabspro","extension\\/fraud\\/ip","extension\\/fraud\\/maxmind","extension\\/installer","extension\\/modification","extension\\/module\\/account","extension\\/module\\/affiliate","extension\\/module\\/amazon_login","extension\\/module\\/amazon_pay","extension\\/module\\/banner","extension\\/module\\/bestseller","extension\\/module\\/carousel","extension\\/module\\/category","extension\\/module\\/divido_calculator","extension\\/module\\/ebay_listing","extension\\/module\\/featured","extension\\/module\\/filter","extension\\/module\\/google_hangouts","extension\\/module\\/html","extension\\/module\\/information","extension\\/module\\/klarna_checkout_module","extension\\/module\\/latest","extension\\/module\\/laybuy_layout","extension\\/module\\/pilibaba_button","extension\\/module\\/pp_button","extension\\/module\\/pp_login","extension\\/module\\/sagepay_direct_cards","extension\\/module\\/sagepay_server_cards","extension\\/module\\/slideshow","extension\\/module\\/special","extension\\/module\\/store","extension\\/openbay","extension\\/openbay\\/amazon","extension\\/openbay\\/amazon_listing","extension\\/openbay\\/amazon_product","extension\\/openbay\\/amazonus","extension\\/openbay\\/amazonus_listing","extension\\/openbay\\/amazonus_product","extension\\/openbay\\/ebay","extension\\/openbay\\/ebay_profile","extension\\/openbay\\/ebay_template","extension\\/openbay\\/etsy","extension\\/openbay\\/etsy_product","extension\\/openbay\\/etsy_shipping","extension\\/openbay\\/etsy_shop","extension\\/openbay\\/fba","extension\\/payment\\/amazon_login_pay","extension\\/payment\\/authorizenet_aim","extension\\/payment\\/authorizenet_sim","extension\\/payment\\/bank_transfer","extension\\/payment\\/bluepay_hosted","extension\\/payment\\/bluepay_redirect","extension\\/payment\\/cardconnect","extension\\/payment\\/cardinity","extension\\/payment\\/cheque","extension\\/payment\\/cod","extension\\/payment\\/divido","extension\\/payment\\/eway","extension\\/payment\\/firstdata","extension\\/payment\\/firstdata_remote","extension\\/payment\\/free_checkout","extension\\/payment\\/g2apay","extension\\/payment\\/globalpay","extension\\/payment\\/globalpay_remote","extension\\/payment\\/klarna_account","extension\\/payment\\/klarna_checkout","extension\\/payment\\/klarna_invoice","extension\\/payment\\/laybuy","extension\\/payment\\/liqpay","extension\\/payment\\/nochex","extension\\/payment\\/paymate","extension\\/payment\\/paypoint","extension\\/payment\\/payza","extension\\/payment\\/perpetual_payments","extension\\/payment\\/pilibaba","extension\\/payment\\/pp_express","extension\\/payment\\/pp_payflow","extension\\/payment\\/pp_payflow_iframe","extension\\/payment\\/pp_pro","extension\\/payment\\/pp_pro_iframe","extension\\/payment\\/pp_standard","extension\\/payment\\/realex","extension\\/payment\\/realex_remote","extension\\/payment\\/sagepay_direct","extension\\/payment\\/sagepay_server","extension\\/payment\\/sagepay_us","extension\\/payment\\/securetrading_pp","extension\\/payment\\/securetrading_ws","extension\\/payment\\/skrill","extension\\/payment\\/twocheckout","extension\\/payment\\/web_payment_software","extension\\/payment\\/worldpay","extension\\/shipping\\/auspost","extension\\/shipping\\/citylink","extension\\/shipping\\/fedex","extension\\/shipping\\/flat","extension\\/shipping\\/free","extension\\/shipping\\/item","extension\\/shipping\\/parcelforce_48","extension\\/shipping\\/pickup","extension\\/shipping\\/royal_mail","extension\\/shipping\\/ups","extension\\/shipping\\/usps","extension\\/shipping\\/weight","extension\\/store","extension\\/theme\\/theme_default","extension\\/total\\/coupon","extension\\/total\\/credit","extension\\/total\\/handling","extension\\/total\\/klarna_fee","extension\\/total\\/low_order_fee","extension\\/total\\/reward","extension\\/total\\/shipping","extension\\/total\\/sub_total","extension\\/total\\/tax","extension\\/total\\/total","extension\\/total\\/voucher","iasd\\/candidates","localisation\\/country","localisation\\/currency","localisation\\/geo_zone","localisation\\/language","localisation\\/length_class","localisation\\/location","localisation\\/order_status","localisation\\/return_action","localisation\\/return_reason","localisation\\/return_status","localisation\\/stock_status","localisation\\/tax_class","localisation\\/tax_rate","localisation\\/weight_class","localisation\\/zone","marketing\\/affiliate","marketing\\/contact","marketing\\/coupon","marketing\\/marketing","report\\/affiliate","report\\/affiliate_activity","report\\/affiliate_login","report\\/customer_activity","report\\/customer_credit","report\\/customer_login","report\\/customer_online","report\\/customer_order","report\\/customer_reward","report\\/customer_search","report\\/marketing","report\\/product_purchased","report\\/product_viewed","report\\/sale_coupon","report\\/sale_order","report\\/sale_return","report\\/sale_shipping","report\\/sale_tax","sale\\/order","sale\\/recurring","sale\\/return","sale\\/voucher","sale\\/voucher_theme","setting\\/setting","setting\\/store","startup\\/compatibility","startup\\/error","startup\\/event","startup\\/login","startup\\/permission","startup\\/router","startup\\/sass","startup\\/startup","tool\\/backup","tool\\/log","tool\\/upload","user\\/api","user\\/user","user\\/user_permission"],"modify":["catalog\\/attribute","catalog\\/attribute_group","catalog\\/category","catalog\\/download","catalog\\/filter","catalog\\/information","catalog\\/manufacturer","catalog\\/option","catalog\\/product","catalog\\/recurring","catalog\\/review","common\\/column_left","common\\/filemanager","customer\\/custom_field","customer\\/customer","customer\\/customer_group","design\\/banner","design\\/language","design\\/layout","design\\/menu","design\\/theme","design\\/translation","event\\/compatibility","event\\/theme","extension\\/analytics\\/google_analytics","extension\\/captcha\\/basic_captcha","extension\\/captcha\\/google_captcha","extension\\/dashboard\\/activity","extension\\/dashboard\\/chart","extension\\/dashboard\\/customer","extension\\/dashboard\\/map","extension\\/dashboard\\/online","extension\\/dashboard\\/order","extension\\/dashboard\\/recent","extension\\/dashboard\\/sale","extension\\/event","extension\\/extension","extension\\/extension\\/analytics","extension\\/extension\\/captcha","extension\\/extension\\/dashboard","extension\\/extension\\/feed","extension\\/extension\\/fraud","extension\\/extension\\/module","extension\\/extension\\/payment","extension\\/extension\\/shipping","extension\\/extension\\/theme","extension\\/extension\\/total","extension\\/feed\\/google_base","extension\\/feed\\/google_sitemap","extension\\/feed\\/openbaypro","extension\\/fraud\\/fraudlabspro","extension\\/fraud\\/ip","extension\\/fraud\\/maxmind","extension\\/installer","extension\\/modification","extension\\/module\\/account","extension\\/module\\/affiliate","extension\\/module\\/amazon_login","extension\\/module\\/amazon_pay","extension\\/module\\/banner","extension\\/module\\/bestseller","extension\\/module\\/carousel","extension\\/module\\/category","extension\\/module\\/divido_calculator","extension\\/module\\/ebay_listing","extension\\/module\\/featured","extension\\/module\\/filter","extension\\/module\\/google_hangouts","extension\\/module\\/html","extension\\/module\\/information","extension\\/module\\/klarna_checkout_module","extension\\/module\\/latest","extension\\/module\\/laybuy_layout","extension\\/module\\/pilibaba_button","extension\\/module\\/pp_button","extension\\/module\\/pp_login","extension\\/module\\/sagepay_direct_cards","extension\\/module\\/sagepay_server_cards","extension\\/module\\/slideshow","extension\\/module\\/special","extension\\/module\\/store","extension\\/openbay","extension\\/openbay\\/amazon","extension\\/openbay\\/amazon_listing","extension\\/openbay\\/amazon_product","extension\\/openbay\\/amazonus","extension\\/openbay\\/amazonus_listing","extension\\/openbay\\/amazonus_product","extension\\/openbay\\/ebay","extension\\/openbay\\/ebay_profile","extension\\/openbay\\/ebay_template","extension\\/openbay\\/etsy","extension\\/openbay\\/etsy_product","extension\\/openbay\\/etsy_shipping","extension\\/openbay\\/etsy_shop","extension\\/openbay\\/fba","extension\\/payment\\/amazon_login_pay","extension\\/payment\\/authorizenet_aim","extension\\/payment\\/authorizenet_sim","extension\\/payment\\/bank_transfer","extension\\/payment\\/bluepay_hosted","extension\\/payment\\/bluepay_redirect","extension\\/payment\\/cardconnect","extension\\/payment\\/cardinity","extension\\/payment\\/cheque","extension\\/payment\\/cod","extension\\/payment\\/divido","extension\\/payment\\/eway","extension\\/payment\\/firstdata","extension\\/payment\\/firstdata_remote","extension\\/payment\\/free_checkout","extension\\/payment\\/g2apay","extension\\/payment\\/globalpay","extension\\/payment\\/globalpay_remote","extension\\/payment\\/klarna_account","extension\\/payment\\/klarna_checkout","extension\\/payment\\/klarna_invoice","extension\\/payment\\/laybuy","extension\\/payment\\/liqpay","extension\\/payment\\/nochex","extension\\/payment\\/paymate","extension\\/payment\\/paypoint","extension\\/payment\\/payza","extension\\/payment\\/perpetual_payments","extension\\/payment\\/pilibaba","extension\\/payment\\/pp_express","extension\\/payment\\/pp_payflow","extension\\/payment\\/pp_payflow_iframe","extension\\/payment\\/pp_pro","extension\\/payment\\/pp_pro_iframe","extension\\/payment\\/pp_standard","extension\\/payment\\/realex","extension\\/payment\\/realex_remote","extension\\/payment\\/sagepay_direct","extension\\/payment\\/sagepay_server","extension\\/payment\\/sagepay_us","extension\\/payment\\/securetrading_pp","extension\\/payment\\/securetrading_ws","extension\\/payment\\/skrill","extension\\/payment\\/twocheckout","extension\\/payment\\/web_payment_software","extension\\/payment\\/worldpay","extension\\/shipping\\/auspost","extension\\/shipping\\/citylink","extension\\/shipping\\/fedex","extension\\/shipping\\/flat","extension\\/shipping\\/free","extension\\/shipping\\/item","extension\\/shipping\\/parcelforce_48","extension\\/shipping\\/pickup","extension\\/shipping\\/royal_mail","extension\\/shipping\\/ups","extension\\/shipping\\/usps","extension\\/shipping\\/weight","extension\\/store","extension\\/theme\\/theme_default","extension\\/total\\/coupon","extension\\/total\\/credit","extension\\/total\\/handling","extension\\/total\\/klarna_fee","extension\\/total\\/low_order_fee","extension\\/total\\/reward","extension\\/total\\/shipping","extension\\/total\\/sub_total","extension\\/total\\/tax","extension\\/total\\/total","extension\\/total\\/voucher","iasd\\/candidates","localisation\\/country","localisation\\/currency","localisation\\/geo_zone","localisation\\/language","localisation\\/length_class","localisation\\/location","localisation\\/order_status","localisation\\/return_action","localisation\\/return_reason","localisation\\/return_status","localisation\\/stock_status","localisation\\/tax_class","localisation\\/tax_rate","localisation\\/weight_class","localisation\\/zone","marketing\\/affiliate","marketing\\/contact","marketing\\/coupon","marketing\\/marketing","report\\/affiliate","report\\/affiliate_activity","report\\/affiliate_login","report\\/customer_activity","report\\/customer_credit","report\\/customer_login","report\\/customer_online","report\\/customer_order","report\\/customer_reward","report\\/customer_search","report\\/marketing","report\\/product_purchased","report\\/product_viewed","report\\/sale_coupon","report\\/sale_order","report\\/sale_return","report\\/sale_shipping","report\\/sale_tax","sale\\/order","sale\\/recurring","sale\\/return","sale\\/voucher","sale\\/voucher_theme","setting\\/setting","setting\\/store","startup\\/compatibility","startup\\/error","startup\\/event","startup\\/login","startup\\/permission","startup\\/router","startup\\/sass","startup\\/startup","tool\\/backup","tool\\/log","tool\\/upload","user\\/api","user\\/user","user\\/user_permission"]}');
INSERT INTO `user_group` VALUES(10, 'Demonstration', '');

-- --------------------------------------------------------

--
-- Table structure for table `vote`
--

CREATE TABLE `vote` (
  `vote_id` int(11) NOT NULL AUTO_INCREMENT,
  `department_id` int(11) NOT NULL,
  `candidate_id` int(11) NOT NULL,
  `vote_date` timestamp NOT NULL DEFAULT CURRENT_TIMESTAMP,
  PRIMARY KEY (`vote_id`)
) ENGINE=InnoDB  DEFAULT CHARSET=latin1 AUTO_INCREMENT=1154 ;

--
-- Dumping data for table `vote`
--

INSERT INTO `vote` VALUES(1, 1, 2, '2016-10-22 20:56:07');
INSERT INTO `vote` VALUES(2, 2, 5, '2016-10-22 20:57:05');
INSERT INTO `vote` VALUES(3, 2, 3, '2016-10-23 07:11:20');
INSERT INTO `vote` VALUES(4, 2, 5, '2016-10-23 07:14:52');
INSERT INTO `vote` VALUES(5, 2, 5, '2016-10-23 07:16:28');
INSERT INTO `vote` VALUES(6, 2, 3, '2016-10-23 07:21:37');
INSERT INTO `vote` VALUES(7, 3, 8, '2016-10-23 07:25:14');
INSERT INTO `vote` VALUES(8, 3, 8, '2016-10-23 07:25:39');
INSERT INTO `vote` VALUES(9, 3, 8, '2016-10-23 07:27:33');
INSERT INTO `vote` VALUES(10, 3, 8, '2016-10-23 07:28:32');
INSERT INTO `vote` VALUES(11, 3, 8, '2016-10-23 07:33:59');
INSERT INTO `vote` VALUES(12, 4, 9, '2016-10-23 08:17:23');
INSERT INTO `vote` VALUES(13, 4, 9, '2016-10-23 08:17:46');
INSERT INTO `vote` VALUES(14, 4, 9, '2016-10-23 08:17:51');
INSERT INTO `vote` VALUES(15, 4, 9, '2016-10-23 08:17:56');
INSERT INTO `vote` VALUES(16, 4, 9, '2016-10-23 08:18:06');
INSERT INTO `vote` VALUES(17, 4, 9, '2016-10-23 08:18:09');
INSERT INTO `vote` VALUES(18, 4, 9, '2016-10-23 08:18:27');
INSERT INTO `vote` VALUES(19, 4, 10, '2016-10-23 08:18:33');
INSERT INTO `vote` VALUES(20, 4, 9, '2016-10-23 08:18:57');
INSERT INTO `vote` VALUES(21, 4, 9, '2016-10-23 08:20:47');
INSERT INTO `vote` VALUES(22, 4, 10, '2016-10-23 08:22:18');
INSERT INTO `vote` VALUES(23, 4, 10, '2016-10-23 08:23:01');
INSERT INTO `vote` VALUES(24, 4, 9, '2016-10-23 08:25:31');
INSERT INTO `vote` VALUES(25, 5, 16, '2016-10-23 08:45:22');
INSERT INTO `vote` VALUES(26, 5, 17, '2016-10-23 08:45:37');
INSERT INTO `vote` VALUES(27, 5, 15, '2016-10-23 10:36:12');
INSERT INTO `vote` VALUES(28, 6, 25, '2016-10-23 10:36:18');
INSERT INTO `vote` VALUES(29, 5, 11, '2016-10-23 10:36:22');
INSERT INTO `vote` VALUES(30, 6, 19, '2016-10-23 10:36:28');
INSERT INTO `vote` VALUES(31, 6, 18, '2016-10-23 10:36:30');
INSERT INTO `vote` VALUES(32, 6, 25, '2016-10-23 10:36:32');
INSERT INTO `vote` VALUES(33, 6, 18, '2016-10-23 10:36:36');
INSERT INTO `vote` VALUES(34, 6, 21, '2016-10-23 10:36:39');
INSERT INTO `vote` VALUES(35, 5, 13, '2016-10-23 10:36:42');
INSERT INTO `vote` VALUES(36, 6, 23, '2016-10-23 10:36:46');
INSERT INTO `vote` VALUES(37, 6, 24, '2016-10-23 10:36:49');
INSERT INTO `vote` VALUES(38, 6, 23, '2016-10-23 10:36:50');
INSERT INTO `vote` VALUES(39, 6, 23, '2016-10-23 10:37:54');
INSERT INTO `vote` VALUES(40, 6, 20, '2016-10-23 10:37:54');
INSERT INTO `vote` VALUES(41, 6, 18, '2016-10-23 10:38:15');
INSERT INTO `vote` VALUES(42, 6, 24, '2016-10-23 10:39:32');
INSERT INTO `vote` VALUES(43, 8, 37, '2016-10-23 10:43:45');
INSERT INTO `vote` VALUES(44, 8, 37, '2016-10-23 10:43:50');
INSERT INTO `vote` VALUES(45, 8, 36, '2016-10-23 10:43:50');
INSERT INTO `vote` VALUES(46, 8, 37, '2016-10-23 10:43:50');
INSERT INTO `vote` VALUES(47, 8, 36, '2016-10-23 10:43:51');
INSERT INTO `vote` VALUES(48, 8, 36, '2016-10-23 10:43:54');
INSERT INTO `vote` VALUES(49, 8, 36, '2016-10-23 10:43:58');
INSERT INTO `vote` VALUES(50, 8, 37, '2016-10-23 10:43:59');
INSERT INTO `vote` VALUES(51, 8, 37, '2016-10-23 10:44:03');
INSERT INTO `vote` VALUES(52, 8, 37, '2016-10-23 10:44:09');
INSERT INTO `vote` VALUES(53, 8, 36, '2016-10-23 10:44:47');
INSERT INTO `vote` VALUES(54, 8, 37, '2016-10-23 10:44:57');
INSERT INTO `vote` VALUES(55, 8, 36, '2016-10-23 10:45:02');
INSERT INTO `vote` VALUES(56, 9, 42, '2016-10-23 10:46:13');
INSERT INTO `vote` VALUES(57, 9, 39, '2016-10-23 10:46:18');
INSERT INTO `vote` VALUES(58, 9, 39, '2016-10-23 10:46:22');
INSERT INTO `vote` VALUES(59, 9, 44, '2016-10-23 10:46:24');
INSERT INTO `vote` VALUES(60, 9, 39, '2016-10-23 10:46:24');
INSERT INTO `vote` VALUES(61, 9, 44, '2016-10-23 10:46:26');
INSERT INTO `vote` VALUES(62, 9, 39, '2016-10-23 10:46:30');
INSERT INTO `vote` VALUES(63, 9, 44, '2016-10-23 10:46:32');
INSERT INTO `vote` VALUES(64, 9, 39, '2016-10-23 10:46:32');
INSERT INTO `vote` VALUES(65, 9, 39, '2016-10-23 10:46:35');
INSERT INTO `vote` VALUES(66, 9, 45, '2016-10-23 10:46:42');
INSERT INTO `vote` VALUES(67, 9, 39, '2016-10-23 10:46:55');
INSERT INTO `vote` VALUES(68, 9, 39, '2016-10-23 10:51:16');
INSERT INTO `vote` VALUES(69, 10, 51, '2016-10-23 10:52:13');
INSERT INTO `vote` VALUES(70, 10, 53, '2016-10-23 10:52:14');
INSERT INTO `vote` VALUES(71, 10, 53, '2016-10-23 10:52:16');
INSERT INTO `vote` VALUES(72, 10, 53, '2016-10-23 10:52:18');
INSERT INTO `vote` VALUES(73, 10, 48, '2016-10-23 10:52:21');
INSERT INTO `vote` VALUES(74, 10, 48, '2016-10-23 10:52:21');
INSERT INTO `vote` VALUES(75, 10, 52, '2016-10-23 10:52:21');
INSERT INTO `vote` VALUES(76, 10, 48, '2016-10-23 10:52:21');
INSERT INTO `vote` VALUES(77, 10, 53, '2016-10-23 10:52:27');
INSERT INTO `vote` VALUES(78, 10, 50, '2016-10-23 10:52:33');
INSERT INTO `vote` VALUES(79, 10, 53, '2016-10-23 10:52:38');
INSERT INTO `vote` VALUES(80, 10, 52, '2016-10-23 10:53:45');
INSERT INTO `vote` VALUES(81, 10, 48, '2016-10-23 10:54:06');
INSERT INTO `vote` VALUES(82, 11, 56, '2016-10-23 10:55:13');
INSERT INTO `vote` VALUES(83, 11, 56, '2016-10-23 10:55:15');
INSERT INTO `vote` VALUES(84, 11, 55, '2016-10-23 10:55:15');
INSERT INTO `vote` VALUES(85, 11, 56, '2016-10-23 10:55:16');
INSERT INTO `vote` VALUES(86, 11, 59, '2016-10-23 10:55:18');
INSERT INTO `vote` VALUES(87, 11, 56, '2016-10-23 10:55:22');
INSERT INTO `vote` VALUES(88, 11, 55, '2016-10-23 10:55:25');
INSERT INTO `vote` VALUES(89, 11, 56, '2016-10-23 10:55:25');
INSERT INTO `vote` VALUES(90, 11, 56, '2016-10-23 10:55:26');
INSERT INTO `vote` VALUES(91, 11, 56, '2016-10-23 10:55:30');
INSERT INTO `vote` VALUES(92, 11, 55, '2016-10-23 10:55:37');
INSERT INTO `vote` VALUES(93, 11, 54, '2016-10-23 10:55:38');
INSERT INTO `vote` VALUES(94, 11, 55, '2016-10-23 10:55:38');
INSERT INTO `vote` VALUES(95, 12, 63, '2016-10-23 10:56:23');
INSERT INTO `vote` VALUES(96, 12, 60, '2016-10-23 10:56:27');
INSERT INTO `vote` VALUES(97, 12, 63, '2016-10-23 10:56:28');
INSERT INTO `vote` VALUES(98, 12, 60, '2016-10-23 10:56:29');
INSERT INTO `vote` VALUES(99, 12, 60, '2016-10-23 10:56:30');
INSERT INTO `vote` VALUES(100, 12, 63, '2016-10-23 10:56:31');
INSERT INTO `vote` VALUES(101, 12, 60, '2016-10-23 10:56:35');
INSERT INTO `vote` VALUES(102, 12, 60, '2016-10-23 10:56:35');
INSERT INTO `vote` VALUES(103, 12, 63, '2016-10-23 10:56:38');
INSERT INTO `vote` VALUES(104, 12, 60, '2016-10-23 10:56:44');
INSERT INTO `vote` VALUES(105, 12, 60, '2016-10-23 10:56:48');
INSERT INTO `vote` VALUES(106, 12, 61, '2016-10-23 10:56:57');
INSERT INTO `vote` VALUES(107, 12, 61, '2016-10-23 10:57:20');
INSERT INTO `vote` VALUES(108, 13, 65, '2016-10-23 10:58:59');
INSERT INTO `vote` VALUES(109, 13, 67, '2016-10-23 10:59:22');
INSERT INTO `vote` VALUES(110, 13, 67, '2016-10-23 10:59:26');
INSERT INTO `vote` VALUES(111, 13, 66, '2016-10-23 10:59:28');
INSERT INTO `vote` VALUES(112, 13, 67, '2016-10-23 10:59:30');
INSERT INTO `vote` VALUES(113, 13, 65, '2016-10-23 10:59:33');
INSERT INTO `vote` VALUES(114, 13, 67, '2016-10-23 10:59:34');
INSERT INTO `vote` VALUES(115, 13, 66, '2016-10-23 10:59:35');
INSERT INTO `vote` VALUES(116, 13, 68, '2016-10-23 10:59:37');
INSERT INTO `vote` VALUES(117, 13, 65, '2016-10-23 10:59:37');
INSERT INTO `vote` VALUES(118, 13, 66, '2016-10-23 10:59:43');
INSERT INTO `vote` VALUES(119, 13, 69, '2016-10-23 10:59:58');
INSERT INTO `vote` VALUES(120, 13, 65, '2016-10-23 10:59:59');
INSERT INTO `vote` VALUES(121, 14, 70, '2016-10-23 11:01:18');
INSERT INTO `vote` VALUES(122, 14, 70, '2016-10-23 11:01:20');
INSERT INTO `vote` VALUES(123, 14, 70, '2016-10-23 11:01:21');
INSERT INTO `vote` VALUES(124, 14, 71, '2016-10-23 11:01:22');
INSERT INTO `vote` VALUES(125, 14, 72, '2016-10-23 11:01:22');
INSERT INTO `vote` VALUES(126, 14, 70, '2016-10-23 11:01:26');
INSERT INTO `vote` VALUES(127, 14, 71, '2016-10-23 11:01:29');
INSERT INTO `vote` VALUES(128, 14, 72, '2016-10-23 11:01:30');
INSERT INTO `vote` VALUES(129, 14, 70, '2016-10-23 11:01:31');
INSERT INTO `vote` VALUES(130, 14, 71, '2016-10-23 11:01:33');
INSERT INTO `vote` VALUES(131, 14, 71, '2016-10-23 11:01:35');
INSERT INTO `vote` VALUES(132, 14, 70, '2016-10-23 11:02:03');
INSERT INTO `vote` VALUES(133, 14, 71, '2016-10-23 11:02:16');
INSERT INTO `vote` VALUES(134, 15, 74, '2016-10-24 07:22:21');
INSERT INTO `vote` VALUES(135, 15, 73, '2016-11-06 07:19:50');
INSERT INTO `vote` VALUES(136, 15, 75, '2016-11-06 07:23:28');
INSERT INTO `vote` VALUES(137, 15, 73, '2016-11-06 07:24:34');
INSERT INTO `vote` VALUES(138, 15, 73, '2016-11-06 07:27:01');
INSERT INTO `vote` VALUES(139, 15, 75, '2016-11-06 07:29:44');
INSERT INTO `vote` VALUES(140, 15, 73, '2016-11-06 07:30:18');
INSERT INTO `vote` VALUES(141, 15, 73, '2016-11-06 07:30:31');
INSERT INTO `vote` VALUES(142, 15, 75, '2016-11-06 07:31:31');
INSERT INTO `vote` VALUES(143, 15, 75, '2016-11-06 07:33:56');
INSERT INTO `vote` VALUES(144, 15, 75, '2016-11-06 07:36:53');
INSERT INTO `vote` VALUES(145, 16, 76, '2016-11-06 08:49:48');
INSERT INTO `vote` VALUES(146, 17, 85, '2016-11-06 08:50:58');
INSERT INTO `vote` VALUES(147, 17, 85, '2016-11-06 08:51:02');
INSERT INTO `vote` VALUES(148, 17, 85, '2016-11-06 08:51:02');
INSERT INTO `vote` VALUES(149, 17, 85, '2016-11-06 08:51:04');
INSERT INTO `vote` VALUES(150, 17, 86, '2016-11-06 08:51:15');
INSERT INTO `vote` VALUES(151, 17, 85, '2016-11-06 08:51:22');
INSERT INTO `vote` VALUES(152, 17, 89, '2016-11-06 08:51:33');
INSERT INTO `vote` VALUES(153, 17, 89, '2016-11-06 08:51:39');
INSERT INTO `vote` VALUES(154, 17, 89, '2016-11-06 08:52:09');
INSERT INTO `vote` VALUES(155, 17, 86, '2016-11-06 08:52:54');
INSERT INTO `vote` VALUES(156, 17, 85, '2016-11-06 08:53:14');
INSERT INTO `vote` VALUES(157, 18, 96, '2016-11-06 08:54:19');
INSERT INTO `vote` VALUES(158, 18, 91, '2016-11-06 08:54:21');
INSERT INTO `vote` VALUES(159, 18, 96, '2016-11-06 08:54:24');
INSERT INTO `vote` VALUES(160, 18, 94, '2016-11-06 08:54:27');
INSERT INTO `vote` VALUES(161, 18, 91, '2016-11-06 08:54:28');
INSERT INTO `vote` VALUES(162, 18, 91, '2016-11-06 08:54:36');
INSERT INTO `vote` VALUES(163, 18, 94, '2016-11-06 08:54:37');
INSERT INTO `vote` VALUES(164, 18, 96, '2016-11-06 08:54:40');
INSERT INTO `vote` VALUES(165, 18, 93, '2016-11-06 08:54:41');
INSERT INTO `vote` VALUES(166, 18, 92, '2016-11-06 08:54:50');
INSERT INTO `vote` VALUES(167, 18, 94, '2016-11-06 08:55:01');
INSERT INTO `vote` VALUES(168, 19, 99, '2016-11-06 08:55:55');
INSERT INTO `vote` VALUES(169, 19, 98, '2016-11-06 08:55:55');
INSERT INTO `vote` VALUES(170, 19, 97, '2016-11-06 08:55:59');
INSERT INTO `vote` VALUES(171, 19, 99, '2016-11-06 08:56:00');
INSERT INTO `vote` VALUES(172, 19, 98, '2016-11-06 08:56:07');
INSERT INTO `vote` VALUES(173, 19, 97, '2016-11-06 08:56:08');
INSERT INTO `vote` VALUES(174, 19, 99, '2016-11-06 08:56:09');
INSERT INTO `vote` VALUES(175, 19, 99, '2016-11-06 08:56:15');
INSERT INTO `vote` VALUES(176, 19, 98, '2016-11-06 08:56:21');
INSERT INTO `vote` VALUES(177, 19, 97, '2016-11-06 08:56:39');
INSERT INTO `vote` VALUES(178, 19, 99, '2016-11-06 08:57:16');
INSERT INTO `vote` VALUES(179, 20, 100, '2016-11-06 08:57:45');
INSERT INTO `vote` VALUES(180, 20, 102, '2016-11-06 08:57:45');
INSERT INTO `vote` VALUES(181, 20, 101, '2016-11-06 08:57:51');
INSERT INTO `vote` VALUES(182, 20, 103, '2016-11-06 08:57:54');
INSERT INTO `vote` VALUES(183, 20, 100, '2016-11-06 08:57:59');
INSERT INTO `vote` VALUES(184, 20, 101, '2016-11-06 08:57:59');
INSERT INTO `vote` VALUES(185, 20, 102, '2016-11-06 08:58:06');
INSERT INTO `vote` VALUES(186, 20, 101, '2016-11-06 08:58:22');
INSERT INTO `vote` VALUES(187, 20, 101, '2016-11-06 08:58:50');
INSERT INTO `vote` VALUES(188, 20, 100, '2016-11-06 08:59:01');
INSERT INTO `vote` VALUES(189, 20, 102, '2016-11-06 08:59:19');
INSERT INTO `vote` VALUES(190, 22, 113, '2016-11-06 09:13:31');
INSERT INTO `vote` VALUES(191, 22, 113, '2016-11-06 09:13:33');
INSERT INTO `vote` VALUES(192, 22, 113, '2016-11-06 09:13:34');
INSERT INTO `vote` VALUES(193, 22, 113, '2016-11-06 09:13:36');
INSERT INTO `vote` VALUES(194, 22, 113, '2016-11-06 09:13:38');
INSERT INTO `vote` VALUES(195, 22, 113, '2016-11-06 09:13:43');
INSERT INTO `vote` VALUES(196, 22, 110, '2016-11-06 09:13:44');
INSERT INTO `vote` VALUES(197, 22, 112, '2016-11-06 09:13:46');
INSERT INTO `vote` VALUES(198, 22, 113, '2016-11-06 09:13:47');
INSERT INTO `vote` VALUES(199, 22, 112, '2016-11-06 09:13:48');
INSERT INTO `vote` VALUES(200, 22, 113, '2016-11-06 09:13:50');
INSERT INTO `vote` VALUES(201, 23, 117, '2016-11-06 09:34:29');
INSERT INTO `vote` VALUES(202, 23, 114, '2016-11-06 09:34:36');
INSERT INTO `vote` VALUES(203, 23, 114, '2016-11-06 09:35:02');
INSERT INTO `vote` VALUES(204, 23, 114, '2016-11-06 09:35:14');
INSERT INTO `vote` VALUES(205, 23, 114, '2016-11-06 09:35:15');
INSERT INTO `vote` VALUES(206, 23, 114, '2016-11-06 09:35:36');
INSERT INTO `vote` VALUES(207, 23, 114, '2016-11-06 09:35:42');
INSERT INTO `vote` VALUES(208, 23, 114, '2016-11-06 09:35:43');
INSERT INTO `vote` VALUES(209, 23, 114, '2016-11-06 09:35:53');
INSERT INTO `vote` VALUES(210, 23, 114, '2016-11-06 09:35:53');
INSERT INTO `vote` VALUES(211, 23, 117, '2016-11-06 09:35:57');
INSERT INTO `vote` VALUES(212, 24, 119, '2016-11-06 09:37:18');
INSERT INTO `vote` VALUES(213, 24, 119, '2016-11-06 09:37:19');
INSERT INTO `vote` VALUES(214, 24, 119, '2016-11-06 09:37:20');
INSERT INTO `vote` VALUES(215, 24, 119, '2016-11-06 09:37:24');
INSERT INTO `vote` VALUES(216, 24, 119, '2016-11-06 09:37:24');
INSERT INTO `vote` VALUES(217, 24, 119, '2016-11-06 09:37:25');
INSERT INTO `vote` VALUES(218, 24, 120, '2016-11-06 09:37:29');
INSERT INTO `vote` VALUES(219, 24, 119, '2016-11-06 09:37:30');
INSERT INTO `vote` VALUES(220, 24, 119, '2016-11-06 09:37:36');
INSERT INTO `vote` VALUES(221, 24, 119, '2016-11-06 09:37:38');
INSERT INTO `vote` VALUES(222, 24, 119, '2016-11-06 09:37:41');
INSERT INTO `vote` VALUES(223, 25, 123, '2016-11-06 10:43:47');
INSERT INTO `vote` VALUES(224, 25, 123, '2016-11-06 10:43:49');
INSERT INTO `vote` VALUES(225, 25, 123, '2016-11-06 10:43:50');
INSERT INTO `vote` VALUES(226, 25, 123, '2016-11-06 10:43:53');
INSERT INTO `vote` VALUES(227, 25, 122, '2016-11-06 10:43:56');
INSERT INTO `vote` VALUES(228, 25, 123, '2016-11-06 10:44:01');
INSERT INTO `vote` VALUES(229, 25, 123, '2016-11-06 10:44:05');
INSERT INTO `vote` VALUES(230, 25, 123, '2016-11-06 10:44:16');
INSERT INTO `vote` VALUES(231, 25, 123, '2016-11-06 10:44:31');
INSERT INTO `vote` VALUES(232, 25, 123, '2016-11-06 10:45:09');
INSERT INTO `vote` VALUES(233, 25, 123, '2016-11-06 10:46:35');
INSERT INTO `vote` VALUES(234, 26, 125, '2016-11-06 11:14:23');
INSERT INTO `vote` VALUES(235, 26, 125, '2016-11-06 11:14:35');
INSERT INTO `vote` VALUES(236, 26, 125, '2016-11-06 11:14:42');
INSERT INTO `vote` VALUES(237, 26, 128, '2016-11-06 11:14:53');
INSERT INTO `vote` VALUES(238, 26, 125, '2016-11-06 11:14:57');
INSERT INTO `vote` VALUES(239, 26, 125, '2016-11-06 11:15:14');
INSERT INTO `vote` VALUES(240, 26, 125, '2016-11-06 11:15:17');
INSERT INTO `vote` VALUES(241, 26, 125, '2016-11-06 11:15:33');
INSERT INTO `vote` VALUES(242, 26, 125, '2016-11-06 11:15:47');
INSERT INTO `vote` VALUES(243, 26, 125, '2016-11-06 11:16:25');
INSERT INTO `vote` VALUES(244, 26, 125, '2016-11-06 11:16:34');
INSERT INTO `vote` VALUES(245, 27, 131, '2016-11-06 11:19:02');
INSERT INTO `vote` VALUES(246, 27, 131, '2016-11-06 11:19:06');
INSERT INTO `vote` VALUES(247, 27, 131, '2016-11-06 11:19:07');
INSERT INTO `vote` VALUES(248, 27, 131, '2016-11-06 11:19:08');
INSERT INTO `vote` VALUES(249, 27, 131, '2016-11-06 11:19:12');
INSERT INTO `vote` VALUES(250, 27, 131, '2016-11-06 11:19:13');
INSERT INTO `vote` VALUES(251, 27, 131, '2016-11-06 11:19:15');
INSERT INTO `vote` VALUES(252, 27, 131, '2016-11-06 11:19:20');
INSERT INTO `vote` VALUES(253, 27, 130, '2016-11-06 11:19:20');
INSERT INTO `vote` VALUES(254, 27, 130, '2016-11-06 11:19:20');
INSERT INTO `vote` VALUES(255, 27, 130, '2016-11-06 11:19:23');
INSERT INTO `vote` VALUES(256, 28, 133, '2016-11-06 11:27:55');
INSERT INTO `vote` VALUES(257, 28, 135, '2016-11-06 11:28:22');
INSERT INTO `vote` VALUES(258, 28, 135, '2016-11-06 11:29:18');
INSERT INTO `vote` VALUES(259, 28, 135, '2016-11-06 11:29:19');
INSERT INTO `vote` VALUES(260, 29, 140, '2016-11-06 11:29:27');
INSERT INTO `vote` VALUES(261, 29, 140, '2016-11-06 11:29:30');
INSERT INTO `vote` VALUES(262, 29, 140, '2016-11-06 11:29:31');
INSERT INTO `vote` VALUES(263, 29, 140, '2016-11-06 11:29:32');
INSERT INTO `vote` VALUES(264, 29, 140, '2016-11-06 11:29:33');
INSERT INTO `vote` VALUES(265, 28, 135, '2016-11-06 11:29:35');
INSERT INTO `vote` VALUES(266, 29, 140, '2016-11-06 11:29:40');
INSERT INTO `vote` VALUES(267, 29, 137, '2016-11-06 11:29:43');
INSERT INTO `vote` VALUES(268, 29, 140, '2016-11-06 11:30:00');
INSERT INTO `vote` VALUES(269, 29, 137, '2016-11-06 11:30:04');
INSERT INTO `vote` VALUES(270, 29, 140, '2016-11-06 11:30:14');
INSERT INTO `vote` VALUES(271, 29, 137, '2016-11-06 11:30:28');
INSERT INTO `vote` VALUES(272, 30, 142, '2016-11-06 11:57:01');
INSERT INTO `vote` VALUES(273, 30, 142, '2016-11-06 11:57:06');
INSERT INTO `vote` VALUES(274, 30, 142, '2016-11-06 11:57:06');
INSERT INTO `vote` VALUES(275, 30, 141, '2016-11-06 11:57:07');
INSERT INTO `vote` VALUES(276, 30, 142, '2016-11-06 11:57:09');
INSERT INTO `vote` VALUES(277, 30, 141, '2016-11-06 11:57:09');
INSERT INTO `vote` VALUES(278, 30, 142, '2016-11-06 11:57:15');
INSERT INTO `vote` VALUES(279, 30, 143, '2016-11-06 11:57:16');
INSERT INTO `vote` VALUES(280, 30, 141, '2016-11-06 11:57:20');
INSERT INTO `vote` VALUES(281, 30, 143, '2016-11-06 11:57:42');
INSERT INTO `vote` VALUES(282, 30, 142, '2016-11-06 11:57:47');
INSERT INTO `vote` VALUES(283, 31, 145, '2016-11-06 12:00:14');
INSERT INTO `vote` VALUES(284, 31, 145, '2016-11-06 12:00:15');
INSERT INTO `vote` VALUES(285, 31, 147, '2016-11-06 12:00:17');
INSERT INTO `vote` VALUES(286, 31, 147, '2016-11-06 12:00:24');
INSERT INTO `vote` VALUES(287, 31, 147, '2016-11-06 12:00:27');
INSERT INTO `vote` VALUES(288, 31, 147, '2016-11-06 12:00:30');
INSERT INTO `vote` VALUES(289, 31, 147, '2016-11-06 12:00:31');
INSERT INTO `vote` VALUES(290, 31, 147, '2016-11-06 12:00:34');
INSERT INTO `vote` VALUES(291, 31, 147, '2016-11-06 12:00:53');
INSERT INTO `vote` VALUES(292, 31, 147, '2016-11-06 12:00:57');
INSERT INTO `vote` VALUES(293, 31, 147, '2016-11-06 12:01:11');
INSERT INTO `vote` VALUES(294, 32, 148, '2016-11-06 12:04:18');
INSERT INTO `vote` VALUES(295, 32, 149, '2016-11-06 12:04:22');
INSERT INTO `vote` VALUES(296, 32, 149, '2016-11-06 12:04:22');
INSERT INTO `vote` VALUES(297, 32, 148, '2016-11-06 12:04:26');
INSERT INTO `vote` VALUES(298, 32, 149, '2016-11-06 12:04:28');
INSERT INTO `vote` VALUES(299, 32, 149, '2016-11-06 12:04:32');
INSERT INTO `vote` VALUES(300, 32, 149, '2016-11-06 12:04:35');
INSERT INTO `vote` VALUES(301, 32, 149, '2016-11-06 12:04:37');
INSERT INTO `vote` VALUES(302, 32, 149, '2016-11-06 12:04:55');
INSERT INTO `vote` VALUES(303, 32, 148, '2016-11-06 12:05:14');
INSERT INTO `vote` VALUES(304, 32, 148, '2016-11-06 12:05:34');
INSERT INTO `vote` VALUES(305, 33, 150, '2016-11-13 08:41:51');
INSERT INTO `vote` VALUES(306, 33, 151, '2016-11-13 08:48:24');
INSERT INTO `vote` VALUES(307, 33, 151, '2016-11-13 08:49:06');
INSERT INTO `vote` VALUES(308, 33, 150, '2016-11-13 09:24:16');
INSERT INTO `vote` VALUES(309, 33, 151, '2016-11-13 09:25:21');
INSERT INTO `vote` VALUES(310, 33, 150, '2016-11-13 09:29:23');
INSERT INTO `vote` VALUES(311, 33, 151, '2016-11-13 10:05:49');
INSERT INTO `vote` VALUES(312, 34, 157, '2016-11-13 10:06:33');
INSERT INTO `vote` VALUES(313, 34, 153, '2016-11-13 10:06:35');
INSERT INTO `vote` VALUES(314, 34, 153, '2016-11-13 10:06:53');
INSERT INTO `vote` VALUES(315, 34, 153, '2016-11-13 10:06:59');
INSERT INTO `vote` VALUES(316, 34, 154, '2016-11-13 10:07:00');
INSERT INTO `vote` VALUES(317, 34, 157, '2016-11-13 10:07:01');
INSERT INTO `vote` VALUES(318, 34, 153, '2016-11-13 10:07:10');
INSERT INTO `vote` VALUES(319, 34, 153, '2016-11-13 10:07:10');
INSERT INTO `vote` VALUES(320, 34, 153, '2016-11-13 10:07:16');
INSERT INTO `vote` VALUES(321, 34, 153, '2016-11-13 10:08:10');
INSERT INTO `vote` VALUES(322, 34, 153, '2016-11-13 10:08:43');
INSERT INTO `vote` VALUES(323, 34, 157, '2016-11-13 10:10:16');
INSERT INTO `vote` VALUES(324, 34, 153, '2016-11-13 10:11:03');
INSERT INTO `vote` VALUES(325, 35, 159, '2016-11-13 10:13:22');
INSERT INTO `vote` VALUES(326, 35, 161, '2016-11-13 10:13:23');
INSERT INTO `vote` VALUES(327, 35, 162, '2016-11-13 10:13:25');
INSERT INTO `vote` VALUES(328, 35, 159, '2016-11-13 10:13:26');
INSERT INTO `vote` VALUES(329, 35, 159, '2016-11-13 10:13:31');
INSERT INTO `vote` VALUES(330, 35, 161, '2016-11-13 10:13:36');
INSERT INTO `vote` VALUES(331, 35, 160, '2016-11-13 10:13:37');
INSERT INTO `vote` VALUES(332, 35, 161, '2016-11-13 10:13:38');
INSERT INTO `vote` VALUES(333, 35, 161, '2016-11-13 10:13:44');
INSERT INTO `vote` VALUES(334, 35, 161, '2016-11-13 10:13:57');
INSERT INTO `vote` VALUES(335, 35, 160, '2016-11-13 10:14:01');
INSERT INTO `vote` VALUES(336, 35, 164, '2016-11-13 10:14:47');
INSERT INTO `vote` VALUES(337, 35, 162, '2016-11-13 10:16:06');
INSERT INTO `vote` VALUES(338, 36, 168, '2016-11-13 11:06:25');
INSERT INTO `vote` VALUES(339, 36, 165, '2016-11-13 11:06:30');
INSERT INTO `vote` VALUES(340, 36, 165, '2016-11-13 11:06:34');
INSERT INTO `vote` VALUES(341, 36, 165, '2016-11-13 11:06:35');
INSERT INTO `vote` VALUES(342, 36, 165, '2016-11-13 11:06:35');
INSERT INTO `vote` VALUES(343, 36, 165, '2016-11-13 11:06:53');
INSERT INTO `vote` VALUES(344, 36, 165, '2016-11-13 11:06:54');
INSERT INTO `vote` VALUES(345, 36, 165, '2016-11-13 11:06:59');
INSERT INTO `vote` VALUES(346, 36, 165, '2016-11-13 11:07:01');
INSERT INTO `vote` VALUES(347, 36, 167, '2016-11-13 11:07:05');
INSERT INTO `vote` VALUES(348, 36, 166, '2016-11-13 11:07:18');
INSERT INTO `vote` VALUES(349, 36, 165, '2016-11-13 11:07:25');
INSERT INTO `vote` VALUES(350, 36, 165, '2016-11-13 11:08:23');
INSERT INTO `vote` VALUES(351, 37, 175, '2016-11-13 11:09:46');
INSERT INTO `vote` VALUES(352, 37, 174, '2016-11-13 11:09:50');
INSERT INTO `vote` VALUES(353, 37, 174, '2016-11-13 11:09:51');
INSERT INTO `vote` VALUES(354, 37, 171, '2016-11-13 11:10:00');
INSERT INTO `vote` VALUES(355, 37, 172, '2016-11-13 11:10:01');
INSERT INTO `vote` VALUES(356, 37, 171, '2016-11-13 11:10:02');
INSERT INTO `vote` VALUES(357, 37, 171, '2016-11-13 11:10:04');
INSERT INTO `vote` VALUES(358, 37, 171, '2016-11-13 11:10:17');
INSERT INTO `vote` VALUES(359, 37, 171, '2016-11-13 11:10:23');
INSERT INTO `vote` VALUES(360, 37, 173, '2016-11-13 11:10:29');
INSERT INTO `vote` VALUES(361, 37, 175, '2016-11-13 11:10:33');
INSERT INTO `vote` VALUES(362, 37, 174, '2016-11-13 11:10:46');
INSERT INTO `vote` VALUES(363, 37, 174, '2016-11-13 11:11:00');
INSERT INTO `vote` VALUES(364, 38, 181, '2016-11-13 11:37:43');
INSERT INTO `vote` VALUES(365, 38, 176, '2016-11-13 11:37:47');
INSERT INTO `vote` VALUES(366, 38, 176, '2016-11-13 11:37:53');
INSERT INTO `vote` VALUES(367, 38, 181, '2016-11-13 11:37:54');
INSERT INTO `vote` VALUES(368, 38, 176, '2016-11-13 11:37:56');
INSERT INTO `vote` VALUES(369, 38, 176, '2016-11-13 11:38:16');
INSERT INTO `vote` VALUES(370, 38, 181, '2016-11-13 11:38:20');
INSERT INTO `vote` VALUES(371, 38, 176, '2016-11-13 11:38:23');
INSERT INTO `vote` VALUES(372, 38, 176, '2016-11-13 11:38:35');
INSERT INTO `vote` VALUES(373, 38, 181, '2016-11-13 11:38:37');
INSERT INTO `vote` VALUES(374, 38, 181, '2016-11-13 11:38:46');
INSERT INTO `vote` VALUES(375, 38, 176, '2016-11-13 11:38:47');
INSERT INTO `vote` VALUES(376, 38, 181, '2016-11-13 11:38:53');
INSERT INTO `vote` VALUES(377, 39, 182, '2016-11-13 11:40:18');
INSERT INTO `vote` VALUES(378, 39, 182, '2016-11-13 11:40:22');
INSERT INTO `vote` VALUES(379, 39, 186, '2016-11-13 11:40:23');
INSERT INTO `vote` VALUES(380, 39, 186, '2016-11-13 11:40:23');
INSERT INTO `vote` VALUES(381, 39, 186, '2016-11-13 11:40:29');
INSERT INTO `vote` VALUES(382, 39, 182, '2016-11-13 11:40:30');
INSERT INTO `vote` VALUES(383, 39, 186, '2016-11-13 11:40:35');
INSERT INTO `vote` VALUES(384, 39, 182, '2016-11-13 11:40:36');
INSERT INTO `vote` VALUES(385, 39, 184, '2016-11-13 11:40:40');
INSERT INTO `vote` VALUES(386, 39, 183, '2016-11-13 11:40:41');
INSERT INTO `vote` VALUES(387, 39, 182, '2016-11-13 11:40:45');
INSERT INTO `vote` VALUES(388, 39, 183, '2016-11-13 11:41:14');
INSERT INTO `vote` VALUES(389, 39, 183, '2016-11-13 11:41:39');
INSERT INTO `vote` VALUES(390, 40, 190, '2016-11-13 12:53:39');
INSERT INTO `vote` VALUES(391, 40, 190, '2016-11-13 12:53:40');
INSERT INTO `vote` VALUES(392, 40, 188, '2016-11-13 12:53:41');
INSERT INTO `vote` VALUES(393, 40, 191, '2016-11-13 12:53:41');
INSERT INTO `vote` VALUES(394, 40, 188, '2016-11-13 12:53:47');
INSERT INTO `vote` VALUES(395, 40, 188, '2016-11-13 12:53:49');
INSERT INTO `vote` VALUES(396, 40, 188, '2016-11-13 12:53:51');
INSERT INTO `vote` VALUES(397, 40, 188, '2016-11-13 12:53:55');
INSERT INTO `vote` VALUES(398, 40, 188, '2016-11-13 12:54:00');
INSERT INTO `vote` VALUES(399, 40, 188, '2016-11-13 12:54:01');
INSERT INTO `vote` VALUES(400, 40, 196, '2016-11-13 12:54:20');
INSERT INTO `vote` VALUES(401, 40, 188, '2016-11-13 12:54:44');
INSERT INTO `vote` VALUES(402, 40, 188, '2016-11-13 12:56:32');
INSERT INTO `vote` VALUES(403, 41, 203, '2016-11-13 13:23:36');
INSERT INTO `vote` VALUES(404, 41, 197, '2016-11-13 13:23:37');
INSERT INTO `vote` VALUES(405, 41, 203, '2016-11-13 13:23:37');
INSERT INTO `vote` VALUES(406, 41, 201, '2016-11-13 13:23:44');
INSERT INTO `vote` VALUES(407, 41, 201, '2016-11-13 13:23:51');
INSERT INTO `vote` VALUES(408, 41, 203, '2016-11-13 13:23:52');
INSERT INTO `vote` VALUES(409, 41, 203, '2016-11-13 13:23:57');
INSERT INTO `vote` VALUES(410, 41, 203, '2016-11-13 13:24:01');
INSERT INTO `vote` VALUES(411, 41, 197, '2016-11-13 13:24:24');
INSERT INTO `vote` VALUES(412, 41, 197, '2016-11-13 13:24:28');
INSERT INTO `vote` VALUES(413, 41, 197, '2016-11-13 13:24:33');
INSERT INTO `vote` VALUES(414, 41, 197, '2016-11-13 13:24:38');
INSERT INTO `vote` VALUES(415, 41, 197, '2016-11-13 13:24:43');
INSERT INTO `vote` VALUES(416, 42, 210, '2016-11-13 13:38:04');
INSERT INTO `vote` VALUES(417, 42, 211, '2016-11-13 13:38:09');
INSERT INTO `vote` VALUES(418, 42, 211, '2016-11-13 13:38:13');
INSERT INTO `vote` VALUES(419, 42, 210, '2016-11-13 13:38:15');
INSERT INTO `vote` VALUES(420, 42, 210, '2016-11-13 13:38:16');
INSERT INTO `vote` VALUES(421, 42, 211, '2016-11-13 13:38:17');
INSERT INTO `vote` VALUES(422, 42, 210, '2016-11-13 13:38:17');
INSERT INTO `vote` VALUES(423, 42, 210, '2016-11-13 13:38:19');
INSERT INTO `vote` VALUES(424, 42, 210, '2016-11-13 13:38:24');
INSERT INTO `vote` VALUES(425, 42, 209, '2016-11-13 13:38:26');
INSERT INTO `vote` VALUES(426, 42, 209, '2016-11-13 13:38:31');
INSERT INTO `vote` VALUES(427, 42, 210, '2016-11-13 13:38:38');
INSERT INTO `vote` VALUES(428, 42, 210, '2016-11-13 13:39:03');
INSERT INTO `vote` VALUES(429, 43, 216, '2016-11-13 13:52:43');
INSERT INTO `vote` VALUES(430, 43, 214, '2016-11-13 13:52:43');
INSERT INTO `vote` VALUES(431, 43, 214, '2016-11-13 13:52:45');
INSERT INTO `vote` VALUES(432, 43, 212, '2016-11-13 13:52:47');
INSERT INTO `vote` VALUES(433, 43, 215, '2016-11-13 13:52:52');
INSERT INTO `vote` VALUES(434, 43, 213, '2016-11-13 13:52:53');
INSERT INTO `vote` VALUES(435, 43, 214, '2016-11-13 13:52:54');
INSERT INTO `vote` VALUES(436, 43, 214, '2016-11-13 13:52:59');
INSERT INTO `vote` VALUES(437, 43, 213, '2016-11-13 13:53:00');
INSERT INTO `vote` VALUES(438, 43, 215, '2016-11-13 13:53:17');
INSERT INTO `vote` VALUES(439, 43, 213, '2016-11-13 13:53:28');
INSERT INTO `vote` VALUES(440, 43, 213, '2016-11-13 13:53:28');
INSERT INTO `vote` VALUES(441, 43, 214, '2016-11-13 13:54:06');
INSERT INTO `vote` VALUES(442, 44, 217, '2016-11-13 14:02:07');
INSERT INTO `vote` VALUES(443, 44, 219, '2016-11-13 14:02:08');
INSERT INTO `vote` VALUES(444, 44, 219, '2016-11-13 14:02:10');
INSERT INTO `vote` VALUES(445, 44, 217, '2016-11-13 14:02:10');
INSERT INTO `vote` VALUES(446, 44, 217, '2016-11-13 14:02:12');
INSERT INTO `vote` VALUES(447, 44, 217, '2016-11-13 14:02:14');
INSERT INTO `vote` VALUES(448, 44, 218, '2016-11-13 14:02:15');
INSERT INTO `vote` VALUES(449, 44, 217, '2016-11-13 14:02:17');
INSERT INTO `vote` VALUES(450, 44, 217, '2016-11-13 14:02:17');
INSERT INTO `vote` VALUES(451, 44, 217, '2016-11-13 14:02:17');
INSERT INTO `vote` VALUES(452, 44, 220, '2016-11-13 14:02:22');
INSERT INTO `vote` VALUES(453, 44, 217, '2016-11-13 14:02:32');
INSERT INTO `vote` VALUES(454, 44, 217, '2016-11-13 14:02:51');
INSERT INTO `vote` VALUES(455, 45, 222, '2016-11-13 14:05:32');
INSERT INTO `vote` VALUES(456, 45, 223, '2016-11-13 14:05:34');
INSERT INTO `vote` VALUES(457, 45, 221, '2016-11-13 14:05:35');
INSERT INTO `vote` VALUES(458, 45, 223, '2016-11-13 14:05:36');
INSERT INTO `vote` VALUES(459, 45, 222, '2016-11-13 14:05:38');
INSERT INTO `vote` VALUES(460, 45, 222, '2016-11-13 14:05:39');
INSERT INTO `vote` VALUES(461, 45, 223, '2016-11-13 14:05:40');
INSERT INTO `vote` VALUES(462, 45, 222, '2016-11-13 14:05:43');
INSERT INTO `vote` VALUES(463, 45, 221, '2016-11-13 14:05:45');
INSERT INTO `vote` VALUES(464, 45, 222, '2016-11-13 14:05:46');
INSERT INTO `vote` VALUES(465, 45, 223, '2016-11-13 14:05:54');
INSERT INTO `vote` VALUES(466, 45, 221, '2016-11-13 14:05:54');
INSERT INTO `vote` VALUES(467, 45, 221, '2016-11-13 14:07:04');
INSERT INTO `vote` VALUES(468, 46, 224, '2016-11-13 14:25:14');
INSERT INTO `vote` VALUES(469, 46, 226, '2016-11-13 14:25:16');
INSERT INTO `vote` VALUES(470, 46, 225, '2016-11-13 14:25:19');
INSERT INTO `vote` VALUES(471, 46, 224, '2016-11-13 14:25:20');
INSERT INTO `vote` VALUES(472, 46, 224, '2016-11-13 14:25:20');
INSERT INTO `vote` VALUES(473, 46, 224, '2016-11-13 14:25:20');
INSERT INTO `vote` VALUES(474, 46, 225, '2016-11-13 14:25:26');
INSERT INTO `vote` VALUES(475, 46, 224, '2016-11-13 14:25:32');
INSERT INTO `vote` VALUES(476, 46, 224, '2016-11-13 14:25:34');
INSERT INTO `vote` VALUES(477, 46, 224, '2016-11-13 14:25:37');
INSERT INTO `vote` VALUES(478, 46, 224, '2016-11-13 14:25:56');
INSERT INTO `vote` VALUES(479, 46, 224, '2016-11-13 14:25:58');
INSERT INTO `vote` VALUES(480, 46, 226, '2016-11-13 14:26:11');
INSERT INTO `vote` VALUES(481, 47, 229, '2016-11-13 14:26:58');
INSERT INTO `vote` VALUES(482, 47, 230, '2016-11-13 14:27:06');
INSERT INTO `vote` VALUES(483, 47, 229, '2016-11-13 14:27:07');
INSERT INTO `vote` VALUES(484, 47, 228, '2016-11-13 14:27:07');
INSERT INTO `vote` VALUES(485, 47, 228, '2016-11-13 14:27:08');
INSERT INTO `vote` VALUES(486, 47, 228, '2016-11-13 14:27:10');
INSERT INTO `vote` VALUES(487, 47, 229, '2016-11-13 14:27:17');
INSERT INTO `vote` VALUES(488, 47, 228, '2016-11-13 14:27:18');
INSERT INTO `vote` VALUES(489, 47, 229, '2016-11-13 14:27:51');
INSERT INTO `vote` VALUES(490, 47, 228, '2016-11-13 14:28:07');
INSERT INTO `vote` VALUES(491, 47, 228, '2016-11-13 14:28:24');
INSERT INTO `vote` VALUES(492, 47, 228, '2016-11-13 14:28:50');
INSERT INTO `vote` VALUES(493, 47, 229, '2016-11-13 14:28:57');
INSERT INTO `vote` VALUES(494, 48, 231, '2016-11-13 14:39:05');
INSERT INTO `vote` VALUES(495, 48, 231, '2016-11-13 14:39:10');
INSERT INTO `vote` VALUES(496, 48, 234, '2016-11-13 14:39:11');
INSERT INTO `vote` VALUES(497, 48, 234, '2016-11-13 14:39:12');
INSERT INTO `vote` VALUES(498, 48, 231, '2016-11-13 14:39:14');
INSERT INTO `vote` VALUES(499, 48, 232, '2016-11-13 14:39:14');
INSERT INTO `vote` VALUES(500, 48, 233, '2016-11-13 14:39:15');
INSERT INTO `vote` VALUES(501, 48, 234, '2016-11-13 14:39:16');
INSERT INTO `vote` VALUES(502, 48, 232, '2016-11-13 14:39:17');
INSERT INTO `vote` VALUES(503, 48, 231, '2016-11-13 14:39:22');
INSERT INTO `vote` VALUES(504, 48, 231, '2016-11-13 14:39:30');
INSERT INTO `vote` VALUES(505, 48, 231, '2016-11-13 14:39:33');
INSERT INTO `vote` VALUES(506, 48, 232, '2016-11-13 14:39:58');
INSERT INTO `vote` VALUES(507, 49, 236, '2016-11-13 14:41:01');
INSERT INTO `vote` VALUES(508, 49, 236, '2016-11-13 14:41:04');
INSERT INTO `vote` VALUES(509, 49, 236, '2016-11-13 14:41:06');
INSERT INTO `vote` VALUES(510, 49, 236, '2016-11-13 14:41:09');
INSERT INTO `vote` VALUES(511, 49, 236, '2016-11-13 14:41:10');
INSERT INTO `vote` VALUES(512, 49, 237, '2016-11-13 14:41:10');
INSERT INTO `vote` VALUES(513, 49, 237, '2016-11-13 14:41:10');
INSERT INTO `vote` VALUES(514, 49, 236, '2016-11-13 14:41:11');
INSERT INTO `vote` VALUES(515, 49, 236, '2016-11-13 14:41:11');
INSERT INTO `vote` VALUES(516, 49, 237, '2016-11-13 14:41:11');
INSERT INTO `vote` VALUES(517, 49, 236, '2016-11-13 14:41:15');
INSERT INTO `vote` VALUES(518, 49, 237, '2016-11-13 14:41:30');
INSERT INTO `vote` VALUES(519, 49, 237, '2016-11-13 14:41:45');
INSERT INTO `vote` VALUES(520, 50, 238, '2016-11-13 15:14:37');
INSERT INTO `vote` VALUES(521, 50, 238, '2016-11-13 15:14:39');
INSERT INTO `vote` VALUES(522, 50, 238, '2016-11-13 15:14:39');
INSERT INTO `vote` VALUES(523, 50, 238, '2016-11-13 15:14:43');
INSERT INTO `vote` VALUES(524, 50, 238, '2016-11-13 15:14:46');
INSERT INTO `vote` VALUES(525, 50, 241, '2016-11-13 15:14:47');
INSERT INTO `vote` VALUES(526, 50, 238, '2016-11-13 15:14:48');
INSERT INTO `vote` VALUES(527, 50, 238, '2016-11-13 15:14:48');
INSERT INTO `vote` VALUES(528, 50, 241, '2016-11-13 15:14:52');
INSERT INTO `vote` VALUES(529, 50, 240, '2016-11-13 15:14:54');
INSERT INTO `vote` VALUES(530, 50, 240, '2016-11-13 15:14:55');
INSERT INTO `vote` VALUES(531, 50, 238, '2016-11-13 15:14:58');
INSERT INTO `vote` VALUES(532, 50, 238, '2016-11-13 15:14:59');
INSERT INTO `vote` VALUES(533, 51, 245, '2016-11-13 15:16:10');
INSERT INTO `vote` VALUES(534, 51, 248, '2016-11-13 15:16:10');
INSERT INTO `vote` VALUES(535, 51, 245, '2016-11-13 15:16:11');
INSERT INTO `vote` VALUES(536, 51, 248, '2016-11-13 15:16:13');
INSERT INTO `vote` VALUES(537, 51, 245, '2016-11-13 15:16:15');
INSERT INTO `vote` VALUES(538, 51, 245, '2016-11-13 15:16:16');
INSERT INTO `vote` VALUES(539, 51, 245, '2016-11-13 15:16:16');
INSERT INTO `vote` VALUES(540, 51, 244, '2016-11-13 15:16:19');
INSERT INTO `vote` VALUES(541, 51, 247, '2016-11-13 15:16:19');
INSERT INTO `vote` VALUES(542, 51, 245, '2016-11-13 15:16:20');
INSERT INTO `vote` VALUES(543, 51, 247, '2016-11-13 15:16:26');
INSERT INTO `vote` VALUES(544, 51, 245, '2016-11-13 15:16:27');
INSERT INTO `vote` VALUES(545, 51, 248, '2016-11-13 15:17:05');
INSERT INTO `vote` VALUES(546, 52, 250, '2016-11-13 15:18:22');
INSERT INTO `vote` VALUES(547, 52, 250, '2016-11-13 15:18:27');
INSERT INTO `vote` VALUES(548, 52, 250, '2016-11-13 15:18:29');
INSERT INTO `vote` VALUES(549, 52, 250, '2016-11-13 15:18:30');
INSERT INTO `vote` VALUES(550, 52, 249, '2016-11-13 15:18:31');
INSERT INTO `vote` VALUES(551, 52, 249, '2016-11-13 15:18:31');
INSERT INTO `vote` VALUES(552, 52, 249, '2016-11-13 15:18:32');
INSERT INTO `vote` VALUES(553, 52, 250, '2016-11-13 15:18:32');
INSERT INTO `vote` VALUES(554, 52, 249, '2016-11-13 15:18:34');
INSERT INTO `vote` VALUES(555, 52, 251, '2016-11-13 15:18:36');
INSERT INTO `vote` VALUES(556, 52, 250, '2016-11-13 15:18:39');
INSERT INTO `vote` VALUES(557, 52, 252, '2016-11-13 15:18:41');
INSERT INTO `vote` VALUES(558, 52, 249, '2016-11-13 15:18:47');
INSERT INTO `vote` VALUES(559, 53, 254, '2016-11-13 15:26:37');
INSERT INTO `vote` VALUES(560, 53, 254, '2016-11-13 15:26:38');
INSERT INTO `vote` VALUES(561, 53, 254, '2016-11-13 15:26:38');
INSERT INTO `vote` VALUES(562, 53, 254, '2016-11-13 15:26:39');
INSERT INTO `vote` VALUES(563, 53, 254, '2016-11-13 15:26:39');
INSERT INTO `vote` VALUES(564, 53, 254, '2016-11-13 15:26:40');
INSERT INTO `vote` VALUES(565, 53, 253, '2016-11-13 15:26:43');
INSERT INTO `vote` VALUES(566, 53, 254, '2016-11-13 15:26:46');
INSERT INTO `vote` VALUES(567, 53, 256, '2016-11-13 15:26:47');
INSERT INTO `vote` VALUES(568, 53, 254, '2016-11-13 15:26:52');
INSERT INTO `vote` VALUES(569, 53, 254, '2016-11-13 15:26:53');
INSERT INTO `vote` VALUES(570, 53, 254, '2016-11-13 15:27:04');
INSERT INTO `vote` VALUES(571, 54, 261, '2016-11-13 15:37:03');
INSERT INTO `vote` VALUES(572, 54, 261, '2016-11-13 15:37:05');
INSERT INTO `vote` VALUES(573, 54, 261, '2016-11-13 15:37:07');
INSERT INTO `vote` VALUES(574, 54, 260, '2016-11-13 15:37:12');
INSERT INTO `vote` VALUES(575, 54, 260, '2016-11-13 15:37:14');
INSERT INTO `vote` VALUES(576, 54, 259, '2016-11-13 15:37:15');
INSERT INTO `vote` VALUES(577, 54, 260, '2016-11-13 15:37:16');
INSERT INTO `vote` VALUES(578, 54, 260, '2016-11-13 15:37:18');
INSERT INTO `vote` VALUES(579, 54, 260, '2016-11-13 15:37:18');
INSERT INTO `vote` VALUES(580, 54, 260, '2016-11-13 15:37:20');
INSERT INTO `vote` VALUES(581, 54, 261, '2016-11-13 15:37:25');
INSERT INTO `vote` VALUES(582, 54, 260, '2016-11-13 15:37:48');
INSERT INTO `vote` VALUES(583, 55, 262, '2016-11-13 15:38:56');
INSERT INTO `vote` VALUES(584, 55, 264, '2016-11-13 15:39:02');
INSERT INTO `vote` VALUES(585, 55, 262, '2016-11-13 15:39:05');
INSERT INTO `vote` VALUES(586, 55, 263, '2016-11-13 15:39:07');
INSERT INTO `vote` VALUES(587, 55, 264, '2016-11-13 15:39:09');
INSERT INTO `vote` VALUES(588, 55, 264, '2016-11-13 15:39:12');
INSERT INTO `vote` VALUES(589, 55, 263, '2016-11-13 15:39:17');
INSERT INTO `vote` VALUES(590, 55, 264, '2016-11-13 15:39:18');
INSERT INTO `vote` VALUES(591, 55, 262, '2016-11-13 15:39:19');
INSERT INTO `vote` VALUES(592, 55, 264, '2016-11-13 15:39:19');
INSERT INTO `vote` VALUES(593, 55, 264, '2016-11-13 15:39:36');
INSERT INTO `vote` VALUES(594, 55, 262, '2016-11-13 15:40:44');
INSERT INTO `vote` VALUES(595, 56, 266, '2016-11-13 15:58:40');
INSERT INTO `vote` VALUES(596, 56, 266, '2016-11-13 15:58:42');
INSERT INTO `vote` VALUES(597, 56, 266, '2016-11-13 15:58:48');
INSERT INTO `vote` VALUES(598, 56, 268, '2016-11-13 15:58:51');
INSERT INTO `vote` VALUES(599, 56, 267, '2016-11-13 15:58:54');
INSERT INTO `vote` VALUES(600, 56, 266, '2016-11-13 15:58:54');
INSERT INTO `vote` VALUES(601, 56, 266, '2016-11-13 15:58:54');
INSERT INTO `vote` VALUES(602, 56, 266, '2016-11-13 15:58:55');
INSERT INTO `vote` VALUES(603, 56, 267, '2016-11-13 15:59:00');
INSERT INTO `vote` VALUES(604, 56, 268, '2016-11-13 15:59:01');
INSERT INTO `vote` VALUES(605, 56, 267, '2016-11-13 15:59:05');
INSERT INTO `vote` VALUES(606, 56, 268, '2016-11-13 15:59:15');
INSERT INTO `vote` VALUES(607, 57, 274, '2016-11-13 16:07:30');
INSERT INTO `vote` VALUES(608, 57, 271, '2016-11-13 16:07:36');
INSERT INTO `vote` VALUES(609, 57, 274, '2016-11-13 16:07:38');
INSERT INTO `vote` VALUES(610, 57, 274, '2016-11-13 16:07:39');
INSERT INTO `vote` VALUES(611, 57, 274, '2016-11-13 16:07:44');
INSERT INTO `vote` VALUES(612, 57, 274, '2016-11-13 16:07:46');
INSERT INTO `vote` VALUES(613, 57, 274, '2016-11-13 16:07:47');
INSERT INTO `vote` VALUES(614, 57, 274, '2016-11-13 16:07:54');
INSERT INTO `vote` VALUES(615, 57, 274, '2016-11-13 16:07:55');
INSERT INTO `vote` VALUES(616, 57, 274, '2016-11-13 16:07:58');
INSERT INTO `vote` VALUES(617, 57, 274, '2016-11-13 16:08:02');
INSERT INTO `vote` VALUES(618, 57, 274, '2016-11-13 16:08:04');
INSERT INTO `vote` VALUES(619, 58, 276, '2016-11-13 16:09:17');
INSERT INTO `vote` VALUES(620, 58, 276, '2016-11-13 16:09:18');
INSERT INTO `vote` VALUES(621, 58, 278, '2016-11-13 16:09:21');
INSERT INTO `vote` VALUES(622, 58, 276, '2016-11-13 16:09:21');
INSERT INTO `vote` VALUES(623, 58, 275, '2016-11-13 16:09:23');
INSERT INTO `vote` VALUES(624, 58, 277, '2016-11-13 16:09:50');
INSERT INTO `vote` VALUES(625, 59, 282, '2016-11-13 16:09:52');
INSERT INTO `vote` VALUES(626, 59, 283, '2016-11-13 16:09:54');
INSERT INTO `vote` VALUES(627, 59, 280, '2016-11-13 16:09:55');
INSERT INTO `vote` VALUES(628, 58, 276, '2016-11-13 16:09:56');
INSERT INTO `vote` VALUES(629, 59, 279, '2016-11-13 16:09:56');
INSERT INTO `vote` VALUES(630, 59, 279, '2016-11-13 16:09:57');
INSERT INTO `vote` VALUES(631, 59, 279, '2016-11-13 16:09:59');
INSERT INTO `vote` VALUES(632, 59, 283, '2016-11-13 16:10:00');
INSERT INTO `vote` VALUES(633, 59, 280, '2016-11-13 16:10:00');
INSERT INTO `vote` VALUES(634, 59, 282, '2016-11-13 16:10:05');
INSERT INTO `vote` VALUES(635, 59, 283, '2016-11-13 16:10:13');
INSERT INTO `vote` VALUES(636, 59, 282, '2016-11-13 16:10:21');
INSERT INTO `vote` VALUES(637, 59, 281, '2016-11-13 16:10:29');
INSERT INTO `vote` VALUES(638, 60, 285, '2016-11-13 16:11:03');
INSERT INTO `vote` VALUES(639, 60, 286, '2016-11-13 16:11:04');
INSERT INTO `vote` VALUES(640, 60, 286, '2016-11-13 16:11:05');
INSERT INTO `vote` VALUES(641, 60, 285, '2016-11-13 16:11:09');
INSERT INTO `vote` VALUES(642, 60, 285, '2016-11-13 16:11:10');
INSERT INTO `vote` VALUES(643, 60, 284, '2016-11-13 16:11:11');
INSERT INTO `vote` VALUES(644, 60, 284, '2016-11-13 16:11:12');
INSERT INTO `vote` VALUES(645, 60, 286, '2016-11-13 16:11:16');
INSERT INTO `vote` VALUES(646, 60, 285, '2016-11-13 16:11:16');
INSERT INTO `vote` VALUES(647, 60, 286, '2016-11-13 16:11:18');
INSERT INTO `vote` VALUES(648, 60, 285, '2016-11-13 16:11:25');
INSERT INTO `vote` VALUES(649, 60, 285, '2016-11-13 16:11:26');
INSERT INTO `vote` VALUES(650, 61, 288, '2016-11-13 16:24:23');
INSERT INTO `vote` VALUES(651, 61, 287, '2016-11-13 16:24:29');
INSERT INTO `vote` VALUES(652, 61, 287, '2016-11-13 16:24:35');
INSERT INTO `vote` VALUES(653, 61, 287, '2016-11-13 16:24:38');
INSERT INTO `vote` VALUES(654, 61, 288, '2016-11-13 16:24:44');
INSERT INTO `vote` VALUES(655, 61, 288, '2016-11-13 16:24:47');
INSERT INTO `vote` VALUES(656, 61, 288, '2016-11-13 16:24:47');
INSERT INTO `vote` VALUES(657, 61, 287, '2016-11-13 16:24:49');
INSERT INTO `vote` VALUES(658, 61, 287, '2016-11-13 16:25:00');
INSERT INTO `vote` VALUES(659, 61, 288, '2016-11-13 16:25:02');
INSERT INTO `vote` VALUES(660, 61, 288, '2016-11-13 16:25:07');
INSERT INTO `vote` VALUES(661, 61, 287, '2016-11-13 16:25:23');
INSERT INTO `vote` VALUES(662, 62, 290, '2016-11-13 16:28:07');
INSERT INTO `vote` VALUES(663, 62, 289, '2016-11-13 16:28:15');
INSERT INTO `vote` VALUES(664, 62, 291, '2017-11-12 18:55:25');
INSERT INTO `vote` VALUES(665, 63, 293, '2017-11-19 08:27:00');
INSERT INTO `vote` VALUES(666, 63, 293, '2017-11-19 08:27:36');
INSERT INTO `vote` VALUES(667, 63, 294, '2017-11-19 08:27:43');
INSERT INTO `vote` VALUES(668, 63, 295, '2017-11-19 08:28:49');
INSERT INTO `vote` VALUES(669, 63, 295, '2017-11-19 08:30:02');
INSERT INTO `vote` VALUES(670, 63, 295, '2017-11-19 08:30:28');
INSERT INTO `vote` VALUES(671, 63, 294, '2017-11-19 08:30:41');
INSERT INTO `vote` VALUES(672, 63, 295, '2017-11-19 08:33:25');
INSERT INTO `vote` VALUES(673, 63, 293, '2017-11-19 08:36:24');
INSERT INTO `vote` VALUES(674, 64, 296, '2017-11-19 10:04:51');
INSERT INTO `vote` VALUES(675, 64, 296, '2017-11-19 10:04:51');
INSERT INTO `vote` VALUES(676, 64, 296, '2017-11-19 10:04:53');
INSERT INTO `vote` VALUES(677, 64, 298, '2017-11-19 10:04:56');
INSERT INTO `vote` VALUES(678, 64, 296, '2017-11-19 10:04:59');
INSERT INTO `vote` VALUES(679, 64, 297, '2017-11-19 10:05:36');
INSERT INTO `vote` VALUES(680, 64, 300, '2017-11-19 10:05:40');
INSERT INTO `vote` VALUES(681, 64, 298, '2017-11-19 10:06:10');
INSERT INTO `vote` VALUES(682, 64, 297, '2017-11-19 10:07:30');
INSERT INTO `vote` VALUES(683, 65, 304, '2017-11-19 10:08:38');
INSERT INTO `vote` VALUES(684, 65, 304, '2017-11-19 10:08:40');
INSERT INTO `vote` VALUES(685, 65, 305, '2017-11-19 10:08:58');
INSERT INTO `vote` VALUES(686, 65, 304, '2017-11-19 10:09:03');
INSERT INTO `vote` VALUES(687, 65, 304, '2017-11-19 10:09:11');
INSERT INTO `vote` VALUES(688, 65, 305, '2017-11-19 10:09:31');
INSERT INTO `vote` VALUES(689, 65, 304, '2017-11-19 10:09:50');
INSERT INTO `vote` VALUES(690, 65, 305, '2017-11-19 10:10:21');
INSERT INTO `vote` VALUES(691, 65, 305, '2017-11-19 10:10:43');
INSERT INTO `vote` VALUES(692, 66, 310, '2017-11-19 10:11:48');
INSERT INTO `vote` VALUES(693, 66, 310, '2017-11-19 10:11:51');
INSERT INTO `vote` VALUES(694, 66, 312, '2017-11-19 10:12:05');
INSERT INTO `vote` VALUES(695, 66, 311, '2017-11-19 10:12:10');
INSERT INTO `vote` VALUES(696, 66, 311, '2017-11-19 10:12:15');
INSERT INTO `vote` VALUES(697, 66, 310, '2017-11-19 10:12:24');
INSERT INTO `vote` VALUES(698, 66, 310, '2017-11-19 10:12:24');
INSERT INTO `vote` VALUES(699, 66, 310, '2017-11-19 10:12:35');
INSERT INTO `vote` VALUES(700, 66, 310, '2017-11-19 10:14:27');
INSERT INTO `vote` VALUES(701, 67, 317, '2017-11-19 10:14:54');
INSERT INTO `vote` VALUES(702, 67, 320, '2017-11-19 10:14:58');
INSERT INTO `vote` VALUES(703, 67, 319, '2017-11-19 10:14:59');
INSERT INTO `vote` VALUES(704, 67, 316, '2017-11-19 10:14:59');
INSERT INTO `vote` VALUES(705, 67, 320, '2017-11-19 10:15:00');
INSERT INTO `vote` VALUES(706, 67, 318, '2017-11-19 10:15:08');
INSERT INTO `vote` VALUES(707, 67, 320, '2017-11-19 10:15:09');
INSERT INTO `vote` VALUES(708, 67, 317, '2017-11-19 10:15:10');
INSERT INTO `vote` VALUES(709, 67, 320, '2017-11-19 10:15:28');
INSERT INTO `vote` VALUES(710, 68, 322, '2017-11-19 10:16:59');
INSERT INTO `vote` VALUES(711, 68, 322, '2017-11-19 10:17:10');
INSERT INTO `vote` VALUES(712, 68, 322, '2017-11-19 10:17:21');
INSERT INTO `vote` VALUES(713, 68, 323, '2017-11-19 10:17:32');
INSERT INTO `vote` VALUES(714, 68, 321, '2017-11-19 10:17:32');
INSERT INTO `vote` VALUES(715, 68, 321, '2017-11-19 10:17:36');
INSERT INTO `vote` VALUES(716, 68, 323, '2017-11-19 10:17:44');
INSERT INTO `vote` VALUES(717, 68, 322, '2017-11-19 10:17:47');
INSERT INTO `vote` VALUES(718, 68, 321, '2017-11-19 10:17:57');
INSERT INTO `vote` VALUES(719, 69, 328, '2017-11-19 11:09:21');
INSERT INTO `vote` VALUES(720, 69, 326, '2017-11-19 11:09:25');
INSERT INTO `vote` VALUES(721, 69, 326, '2017-11-19 11:09:25');
INSERT INTO `vote` VALUES(722, 69, 326, '2017-11-19 11:09:32');
INSERT INTO `vote` VALUES(723, 69, 328, '2017-11-19 11:09:41');
INSERT INTO `vote` VALUES(724, 69, 326, '2017-11-19 11:09:50');
INSERT INTO `vote` VALUES(725, 69, 326, '2017-11-19 11:10:02');
INSERT INTO `vote` VALUES(726, 69, 328, '2017-11-19 11:10:09');
INSERT INTO `vote` VALUES(727, 69, 326, '2017-11-19 11:10:43');
INSERT INTO `vote` VALUES(728, 69, 326, '2017-11-19 11:10:45');
INSERT INTO `vote` VALUES(729, 70, 330, '2017-11-19 11:28:29');
INSERT INTO `vote` VALUES(730, 70, 331, '2017-11-19 11:28:30');
INSERT INTO `vote` VALUES(731, 71, 332, '2017-11-19 11:28:35');
INSERT INTO `vote` VALUES(732, 71, 333, '2017-11-19 11:28:39');
INSERT INTO `vote` VALUES(733, 71, 332, '2017-11-19 11:28:44');
INSERT INTO `vote` VALUES(734, 71, 332, '2017-11-19 11:28:44');
INSERT INTO `vote` VALUES(735, 71, 332, '2017-11-19 11:28:48');
INSERT INTO `vote` VALUES(736, 71, 332, '2017-11-19 11:28:55');
INSERT INTO `vote` VALUES(737, 71, 332, '2017-11-19 11:29:00');
INSERT INTO `vote` VALUES(738, 71, 332, '2017-11-19 11:29:03');
INSERT INTO `vote` VALUES(739, 71, 332, '2017-11-19 11:29:10');
INSERT INTO `vote` VALUES(740, 71, 332, '2017-11-19 11:29:36');
INSERT INTO `vote` VALUES(741, 72, 334, '2017-11-19 11:56:12');
INSERT INTO `vote` VALUES(742, 72, 336, '2017-11-19 11:56:14');
INSERT INTO `vote` VALUES(743, 72, 334, '2017-11-19 11:56:14');
INSERT INTO `vote` VALUES(744, 72, 334, '2017-11-19 11:56:16');
INSERT INTO `vote` VALUES(745, 72, 334, '2017-11-19 11:56:18');
INSERT INTO `vote` VALUES(746, 72, 334, '2017-11-19 11:56:18');
INSERT INTO `vote` VALUES(747, 72, 334, '2017-11-19 11:56:22');
INSERT INTO `vote` VALUES(748, 72, 335, '2017-11-19 11:56:22');
INSERT INTO `vote` VALUES(749, 72, 336, '2017-11-19 11:56:26');
INSERT INTO `vote` VALUES(750, 72, 338, '2017-11-19 11:56:31');
INSERT INTO `vote` VALUES(751, 73, 344, '2017-11-19 12:07:58');
INSERT INTO `vote` VALUES(752, 73, 347, '2017-11-19 12:08:01');
INSERT INTO `vote` VALUES(753, 73, 344, '2017-11-19 12:08:05');
INSERT INTO `vote` VALUES(754, 73, 344, '2017-11-19 12:08:12');
INSERT INTO `vote` VALUES(755, 73, 345, '2017-11-19 12:08:15');
INSERT INTO `vote` VALUES(756, 73, 345, '2017-11-19 12:08:22');
INSERT INTO `vote` VALUES(757, 73, 343, '2017-11-19 12:08:27');
INSERT INTO `vote` VALUES(758, 73, 342, '2017-11-19 12:08:41');
INSERT INTO `vote` VALUES(759, 73, 344, '2017-11-19 12:08:54');
INSERT INTO `vote` VALUES(760, 73, 342, '2017-11-19 12:09:18');
INSERT INTO `vote` VALUES(761, 74, 350, '2017-11-19 12:10:09');
INSERT INTO `vote` VALUES(762, 74, 349, '2017-11-19 12:10:10');
INSERT INTO `vote` VALUES(763, 74, 348, '2017-11-19 12:10:11');
INSERT INTO `vote` VALUES(764, 74, 350, '2017-11-19 12:10:12');
INSERT INTO `vote` VALUES(765, 74, 348, '2017-11-19 12:10:12');
INSERT INTO `vote` VALUES(766, 74, 350, '2017-11-19 12:10:13');
INSERT INTO `vote` VALUES(767, 74, 348, '2017-11-19 12:10:17');
INSERT INTO `vote` VALUES(768, 74, 349, '2017-11-19 12:10:23');
INSERT INTO `vote` VALUES(769, 74, 348, '2017-11-19 12:10:43');
INSERT INTO `vote` VALUES(770, 74, 348, '2017-11-19 12:11:18');
INSERT INTO `vote` VALUES(771, 75, 354, '2017-11-19 12:56:54');
INSERT INTO `vote` VALUES(772, 75, 355, '2017-11-19 12:56:57');
INSERT INTO `vote` VALUES(773, 75, 358, '2017-11-19 12:57:12');
INSERT INTO `vote` VALUES(774, 75, 358, '2017-11-19 12:57:16');
INSERT INTO `vote` VALUES(775, 75, 353, '2017-11-19 12:57:16');
INSERT INTO `vote` VALUES(776, 75, 358, '2017-11-19 12:57:17');
INSERT INTO `vote` VALUES(777, 75, 356, '2017-11-19 12:57:24');
INSERT INTO `vote` VALUES(778, 75, 356, '2017-11-19 12:57:33');
INSERT INTO `vote` VALUES(779, 75, 352, '2017-11-19 12:57:46');
INSERT INTO `vote` VALUES(780, 75, 356, '2017-11-19 12:58:05');
INSERT INTO `vote` VALUES(781, 76, 361, '2017-11-19 12:58:34');
INSERT INTO `vote` VALUES(782, 76, 361, '2017-11-19 12:58:42');
INSERT INTO `vote` VALUES(783, 76, 361, '2017-11-19 12:58:43');
INSERT INTO `vote` VALUES(784, 76, 362, '2017-11-19 12:58:43');
INSERT INTO `vote` VALUES(785, 76, 362, '2017-11-19 12:58:44');
INSERT INTO `vote` VALUES(786, 76, 361, '2017-11-19 12:58:45');
INSERT INTO `vote` VALUES(787, 76, 361, '2017-11-19 12:58:46');
INSERT INTO `vote` VALUES(788, 76, 362, '2017-11-19 12:58:47');
INSERT INTO `vote` VALUES(789, 76, 361, '2017-11-19 12:58:51');
INSERT INTO `vote` VALUES(790, 76, 361, '2017-11-19 12:59:21');
INSERT INTO `vote` VALUES(791, 77, 364, '2017-11-19 13:00:22');
INSERT INTO `vote` VALUES(792, 77, 364, '2017-11-19 13:00:25');
INSERT INTO `vote` VALUES(793, 77, 370, '2017-11-19 13:00:26');
INSERT INTO `vote` VALUES(794, 77, 363, '2017-11-19 13:00:27');
INSERT INTO `vote` VALUES(795, 77, 364, '2017-11-19 13:00:40');
INSERT INTO `vote` VALUES(796, 77, 363, '2017-11-19 13:00:43');
INSERT INTO `vote` VALUES(797, 77, 370, '2017-11-19 13:00:43');
INSERT INTO `vote` VALUES(798, 77, 364, '2017-11-19 13:00:46');
INSERT INTO `vote` VALUES(799, 77, 364, '2017-11-19 13:01:06');
INSERT INTO `vote` VALUES(800, 77, 370, '2017-11-19 13:01:22');
INSERT INTO `vote` VALUES(801, 78, 371, '2017-11-19 13:02:33');
INSERT INTO `vote` VALUES(802, 78, 373, '2017-11-19 13:02:34');
INSERT INTO `vote` VALUES(803, 78, 375, '2017-11-19 13:02:34');
INSERT INTO `vote` VALUES(804, 78, 374, '2017-11-19 13:02:35');
INSERT INTO `vote` VALUES(805, 78, 371, '2017-11-19 13:02:39');
INSERT INTO `vote` VALUES(806, 78, 373, '2017-11-19 13:02:42');
INSERT INTO `vote` VALUES(807, 78, 371, '2017-11-19 13:02:43');
INSERT INTO `vote` VALUES(808, 78, 373, '2017-11-19 13:02:55');
INSERT INTO `vote` VALUES(809, 78, 375, '2017-11-19 13:03:14');
INSERT INTO `vote` VALUES(810, 78, 374, '2017-11-19 13:03:21');
INSERT INTO `vote` VALUES(811, 79, 379, '2017-11-19 13:04:00');
INSERT INTO `vote` VALUES(812, 79, 378, '2017-11-19 13:04:01');
INSERT INTO `vote` VALUES(813, 79, 378, '2017-11-19 13:04:03');
INSERT INTO `vote` VALUES(814, 79, 379, '2017-11-19 13:04:07');
INSERT INTO `vote` VALUES(815, 79, 378, '2017-11-19 13:04:07');
INSERT INTO `vote` VALUES(816, 79, 379, '2017-11-19 13:04:09');
INSERT INTO `vote` VALUES(817, 79, 378, '2017-11-19 13:04:11');
INSERT INTO `vote` VALUES(818, 79, 379, '2017-11-19 13:04:16');
INSERT INTO `vote` VALUES(819, 79, 379, '2017-11-19 13:04:21');
INSERT INTO `vote` VALUES(820, 79, 378, '2017-11-19 13:04:52');
INSERT INTO `vote` VALUES(821, 80, 383, '2017-11-19 13:07:39');
INSERT INTO `vote` VALUES(822, 80, 383, '2017-11-19 13:07:54');
INSERT INTO `vote` VALUES(823, 80, 384, '2017-11-19 13:07:56');
INSERT INTO `vote` VALUES(824, 80, 380, '2017-11-19 13:08:01');
INSERT INTO `vote` VALUES(825, 80, 384, '2017-11-19 13:08:11');
INSERT INTO `vote` VALUES(826, 80, 384, '2017-11-19 13:08:12');
INSERT INTO `vote` VALUES(827, 80, 384, '2017-11-19 13:08:17');
INSERT INTO `vote` VALUES(828, 80, 384, '2017-11-19 13:08:21');
INSERT INTO `vote` VALUES(829, 80, 384, '2017-11-19 13:08:21');
INSERT INTO `vote` VALUES(830, 80, 384, '2017-11-19 13:08:28');
INSERT INTO `vote` VALUES(831, 81, 387, '2017-11-19 13:09:13');
INSERT INTO `vote` VALUES(832, 81, 386, '2017-11-19 13:09:13');
INSERT INTO `vote` VALUES(833, 81, 387, '2017-11-19 13:09:14');
INSERT INTO `vote` VALUES(834, 81, 386, '2017-11-19 13:09:21');
INSERT INTO `vote` VALUES(835, 81, 386, '2017-11-19 13:09:23');
INSERT INTO `vote` VALUES(836, 81, 385, '2017-11-19 13:09:27');
INSERT INTO `vote` VALUES(837, 81, 385, '2017-11-19 13:09:31');
INSERT INTO `vote` VALUES(838, 81, 385, '2017-11-19 13:09:36');
INSERT INTO `vote` VALUES(839, 81, 385, '2017-11-19 13:09:36');
INSERT INTO `vote` VALUES(840, 81, 385, '2017-11-19 13:10:04');
INSERT INTO `vote` VALUES(841, 83, 402, '2017-11-19 13:35:37');
INSERT INTO `vote` VALUES(842, 83, 402, '2017-11-19 13:35:42');
INSERT INTO `vote` VALUES(843, 83, 398, '2017-11-19 13:35:42');
INSERT INTO `vote` VALUES(844, 83, 398, '2017-11-19 13:35:42');
INSERT INTO `vote` VALUES(845, 83, 402, '2017-11-19 13:35:45');
INSERT INTO `vote` VALUES(846, 83, 402, '2017-11-19 13:35:45');
INSERT INTO `vote` VALUES(847, 83, 402, '2017-11-19 13:35:45');
INSERT INTO `vote` VALUES(848, 83, 402, '2017-11-19 13:35:49');
INSERT INTO `vote` VALUES(849, 83, 402, '2017-11-19 13:35:50');
INSERT INTO `vote` VALUES(850, 83, 402, '2017-11-19 13:36:04');
INSERT INTO `vote` VALUES(851, 84, 408, '2017-11-19 13:37:46');
INSERT INTO `vote` VALUES(852, 84, 408, '2017-11-19 13:37:50');
INSERT INTO `vote` VALUES(853, 84, 408, '2017-11-19 13:37:52');
INSERT INTO `vote` VALUES(854, 84, 411, '2017-11-19 13:37:54');
INSERT INTO `vote` VALUES(855, 84, 407, '2017-11-19 13:37:58');
INSERT INTO `vote` VALUES(856, 84, 408, '2017-11-19 13:38:18');
INSERT INTO `vote` VALUES(857, 84, 408, '2017-11-19 13:38:19');
INSERT INTO `vote` VALUES(858, 84, 408, '2017-11-19 13:38:36');
INSERT INTO `vote` VALUES(859, 84, 408, '2017-11-19 13:39:15');
INSERT INTO `vote` VALUES(860, 84, 411, '2017-11-19 13:42:14');
INSERT INTO `vote` VALUES(861, 85, 417, '2017-11-19 13:43:19');
INSERT INTO `vote` VALUES(862, 85, 418, '2017-11-19 13:43:24');
INSERT INTO `vote` VALUES(863, 85, 416, '2017-11-19 13:43:34');
INSERT INTO `vote` VALUES(864, 85, 417, '2017-11-19 13:44:03');
INSERT INTO `vote` VALUES(865, 85, 417, '2017-11-19 13:44:07');
INSERT INTO `vote` VALUES(866, 85, 417, '2017-11-19 13:44:10');
INSERT INTO `vote` VALUES(867, 85, 416, '2017-11-19 13:44:23');
INSERT INTO `vote` VALUES(868, 85, 422, '2017-11-19 13:44:24');
INSERT INTO `vote` VALUES(869, 85, 417, '2017-11-19 13:44:29');
INSERT INTO `vote` VALUES(870, 85, 416, '2017-11-19 13:44:47');
INSERT INTO `vote` VALUES(871, 86, 424, '2017-11-19 13:45:35');
INSERT INTO `vote` VALUES(872, 86, 424, '2017-11-19 13:45:36');
INSERT INTO `vote` VALUES(873, 86, 425, '2017-11-19 13:45:37');
INSERT INTO `vote` VALUES(874, 86, 425, '2017-11-19 13:45:39');
INSERT INTO `vote` VALUES(875, 86, 426, '2017-11-19 13:45:39');
INSERT INTO `vote` VALUES(876, 86, 427, '2017-11-19 13:45:42');
INSERT INTO `vote` VALUES(877, 86, 424, '2017-11-19 13:45:43');
INSERT INTO `vote` VALUES(878, 86, 427, '2017-11-19 13:45:45');
INSERT INTO `vote` VALUES(879, 86, 424, '2017-11-19 13:45:47');
INSERT INTO `vote` VALUES(880, 86, 427, '2017-11-19 13:45:51');
INSERT INTO `vote` VALUES(881, 87, 432, '2017-11-19 13:46:39');
INSERT INTO `vote` VALUES(882, 87, 433, '2017-11-19 13:46:41');
INSERT INTO `vote` VALUES(883, 87, 431, '2017-11-19 13:46:41');
INSERT INTO `vote` VALUES(884, 87, 431, '2017-11-19 13:46:42');
INSERT INTO `vote` VALUES(885, 87, 433, '2017-11-19 13:46:42');
INSERT INTO `vote` VALUES(886, 87, 432, '2017-11-19 13:46:46');
INSERT INTO `vote` VALUES(887, 87, 433, '2017-11-19 13:46:48');
INSERT INTO `vote` VALUES(888, 87, 433, '2017-11-19 13:46:49');
INSERT INTO `vote` VALUES(889, 87, 432, '2017-11-19 13:46:49');
INSERT INTO `vote` VALUES(890, 87, 433, '2017-11-19 13:47:03');
INSERT INTO `vote` VALUES(891, 88, 437, '2017-11-19 13:48:00');
INSERT INTO `vote` VALUES(892, 88, 438, '2017-11-19 13:48:00');
INSERT INTO `vote` VALUES(893, 88, 437, '2017-11-19 13:48:01');
INSERT INTO `vote` VALUES(894, 88, 438, '2017-11-19 13:48:02');
INSERT INTO `vote` VALUES(895, 88, 437, '2017-11-19 13:48:06');
INSERT INTO `vote` VALUES(896, 88, 439, '2017-11-19 13:48:11');
INSERT INTO `vote` VALUES(897, 88, 438, '2017-11-19 13:48:13');
INSERT INTO `vote` VALUES(898, 88, 441, '2017-11-19 13:48:20');
INSERT INTO `vote` VALUES(899, 88, 441, '2017-11-19 13:48:26');
INSERT INTO `vote` VALUES(900, 88, 438, '2017-11-19 13:48:38');
INSERT INTO `vote` VALUES(901, 89, 447, '2017-11-19 13:52:51');
INSERT INTO `vote` VALUES(902, 89, 442, '2017-11-19 13:52:53');
INSERT INTO `vote` VALUES(903, 89, 447, '2017-11-19 13:52:53');
INSERT INTO `vote` VALUES(904, 89, 442, '2017-11-19 13:52:56');
INSERT INTO `vote` VALUES(905, 89, 442, '2017-11-19 13:52:58');
INSERT INTO `vote` VALUES(906, 89, 445, '2017-11-19 13:52:59');
INSERT INTO `vote` VALUES(907, 89, 442, '2017-11-19 13:53:00');
INSERT INTO `vote` VALUES(908, 89, 447, '2017-11-19 13:53:05');
INSERT INTO `vote` VALUES(909, 89, 442, '2017-11-19 13:53:07');
INSERT INTO `vote` VALUES(910, 89, 446, '2017-11-19 13:53:12');
INSERT INTO `vote` VALUES(911, 90, 448, '2017-11-19 13:54:12');
INSERT INTO `vote` VALUES(912, 90, 449, '2017-11-19 13:54:15');
INSERT INTO `vote` VALUES(913, 90, 451, '2017-11-19 13:54:15');
INSERT INTO `vote` VALUES(914, 90, 449, '2017-11-19 13:54:18');
INSERT INTO `vote` VALUES(915, 90, 449, '2017-11-19 13:54:19');
INSERT INTO `vote` VALUES(916, 90, 448, '2017-11-19 13:54:20');
INSERT INTO `vote` VALUES(917, 90, 449, '2017-11-19 13:54:20');
INSERT INTO `vote` VALUES(918, 90, 450, '2017-11-19 13:54:26');
INSERT INTO `vote` VALUES(919, 90, 450, '2017-11-19 13:54:26');
INSERT INTO `vote` VALUES(920, 90, 449, '2017-11-19 13:54:37');
INSERT INTO `vote` VALUES(921, 91, 456, '2017-11-19 13:55:20');
INSERT INTO `vote` VALUES(922, 91, 453, '2017-11-19 13:55:23');
INSERT INTO `vote` VALUES(923, 91, 454, '2017-11-19 13:55:26');
INSERT INTO `vote` VALUES(924, 91, 453, '2017-11-19 13:55:27');
INSERT INTO `vote` VALUES(925, 91, 454, '2017-11-19 13:55:28');
INSERT INTO `vote` VALUES(926, 91, 453, '2017-11-19 13:55:28');
INSERT INTO `vote` VALUES(927, 91, 453, '2017-11-19 13:55:32');
INSERT INTO `vote` VALUES(928, 91, 456, '2017-11-19 13:55:33');
INSERT INTO `vote` VALUES(929, 91, 455, '2017-11-19 13:55:39');
INSERT INTO `vote` VALUES(930, 91, 454, '2017-11-19 13:55:42');
INSERT INTO `vote` VALUES(931, 92, 457, '2017-11-19 14:06:51');
INSERT INTO `vote` VALUES(932, 92, 457, '2017-11-19 14:06:53');
INSERT INTO `vote` VALUES(933, 92, 457, '2017-11-19 14:06:54');
INSERT INTO `vote` VALUES(934, 92, 462, '2017-11-19 14:06:57');
INSERT INTO `vote` VALUES(935, 92, 462, '2017-11-19 14:07:00');
INSERT INTO `vote` VALUES(936, 92, 461, '2017-11-19 14:07:01');
INSERT INTO `vote` VALUES(937, 92, 461, '2017-11-19 14:07:10');
INSERT INTO `vote` VALUES(938, 92, 461, '2017-11-19 14:07:21');
INSERT INTO `vote` VALUES(939, 92, 457, '2017-11-19 14:07:22');
INSERT INTO `vote` VALUES(940, 92, 457, '2017-11-19 14:07:25');
INSERT INTO `vote` VALUES(941, 93, 463, '2017-11-19 14:08:15');
INSERT INTO `vote` VALUES(942, 93, 464, '2017-11-19 14:08:15');
INSERT INTO `vote` VALUES(943, 93, 463, '2017-11-19 14:08:16');
INSERT INTO `vote` VALUES(944, 93, 465, '2017-11-19 14:08:17');
INSERT INTO `vote` VALUES(945, 93, 464, '2017-11-19 14:08:18');
INSERT INTO `vote` VALUES(946, 93, 463, '2017-11-19 14:08:19');
INSERT INTO `vote` VALUES(947, 93, 464, '2017-11-19 14:08:21');
INSERT INTO `vote` VALUES(948, 93, 463, '2017-11-19 14:08:22');
INSERT INTO `vote` VALUES(949, 93, 463, '2017-11-19 14:08:26');
INSERT INTO `vote` VALUES(950, 93, 465, '2017-11-19 14:08:45');
INSERT INTO `vote` VALUES(951, 94, 468, '2017-11-19 14:29:25');
INSERT INTO `vote` VALUES(952, 94, 473, '2017-11-19 14:29:26');
INSERT INTO `vote` VALUES(953, 94, 468, '2017-11-19 14:29:28');
INSERT INTO `vote` VALUES(954, 94, 468, '2017-11-19 14:29:30');
INSERT INTO `vote` VALUES(955, 94, 471, '2017-11-19 14:29:33');
INSERT INTO `vote` VALUES(956, 94, 468, '2017-11-19 14:29:37');
INSERT INTO `vote` VALUES(957, 94, 468, '2017-11-19 14:29:52');
INSERT INTO `vote` VALUES(958, 94, 468, '2017-11-19 14:29:53');
INSERT INTO `vote` VALUES(959, 94, 468, '2017-11-19 14:30:38');
INSERT INTO `vote` VALUES(960, 94, 468, '2017-11-19 14:31:00');
INSERT INTO `vote` VALUES(961, 95, 477, '2017-11-19 14:32:13');
INSERT INTO `vote` VALUES(962, 95, 478, '2017-11-19 14:32:17');
INSERT INTO `vote` VALUES(963, 95, 477, '2017-11-19 14:32:21');
INSERT INTO `vote` VALUES(964, 95, 477, '2017-11-19 14:32:24');
INSERT INTO `vote` VALUES(965, 95, 478, '2017-11-19 14:32:24');
INSERT INTO `vote` VALUES(966, 95, 477, '2017-11-19 14:32:35');
INSERT INTO `vote` VALUES(967, 95, 481, '2017-11-19 14:32:37');
INSERT INTO `vote` VALUES(968, 95, 477, '2017-11-19 14:33:03');
INSERT INTO `vote` VALUES(969, 95, 478, '2017-11-19 14:33:23');
INSERT INTO `vote` VALUES(970, 95, 477, '2017-11-19 14:34:16');
INSERT INTO `vote` VALUES(971, 96, 488, '2017-11-19 14:35:20');
INSERT INTO `vote` VALUES(972, 96, 484, '2017-11-19 14:35:22');
INSERT INTO `vote` VALUES(973, 96, 484, '2017-11-19 14:35:22');
INSERT INTO `vote` VALUES(974, 96, 486, '2017-11-19 14:35:26');
INSERT INTO `vote` VALUES(975, 96, 484, '2017-11-19 14:35:26');
INSERT INTO `vote` VALUES(976, 96, 484, '2017-11-19 14:35:26');
INSERT INTO `vote` VALUES(977, 96, 484, '2017-11-19 14:35:27');
INSERT INTO `vote` VALUES(978, 96, 484, '2017-11-19 14:35:29');
INSERT INTO `vote` VALUES(979, 96, 488, '2017-11-19 14:35:32');
INSERT INTO `vote` VALUES(980, 96, 484, '2017-11-19 14:35:36');
INSERT INTO `vote` VALUES(981, 97, 491, '2017-11-19 15:08:12');
INSERT INTO `vote` VALUES(982, 97, 492, '2017-11-19 15:08:17');
INSERT INTO `vote` VALUES(983, 97, 491, '2017-11-19 15:08:19');
INSERT INTO `vote` VALUES(984, 97, 493, '2017-11-19 15:08:22');
INSERT INTO `vote` VALUES(985, 97, 491, '2017-11-19 15:08:22');
INSERT INTO `vote` VALUES(986, 97, 490, '2017-11-19 15:08:23');
INSERT INTO `vote` VALUES(987, 97, 492, '2017-11-19 15:08:26');
INSERT INTO `vote` VALUES(988, 97, 493, '2017-11-19 15:08:30');
INSERT INTO `vote` VALUES(989, 97, 489, '2017-11-19 15:08:36');
INSERT INTO `vote` VALUES(990, 97, 491, '2017-11-19 15:08:38');
INSERT INTO `vote` VALUES(991, 98, 497, '2017-11-19 15:09:38');
INSERT INTO `vote` VALUES(992, 98, 498, '2017-11-19 15:09:40');
INSERT INTO `vote` VALUES(993, 98, 499, '2017-11-19 15:09:42');
INSERT INTO `vote` VALUES(994, 98, 498, '2017-11-19 15:09:44');
INSERT INTO `vote` VALUES(995, 98, 501, '2017-11-19 15:09:46');
INSERT INTO `vote` VALUES(996, 98, 498, '2017-11-19 15:09:50');
INSERT INTO `vote` VALUES(997, 98, 498, '2017-11-19 15:09:58');
INSERT INTO `vote` VALUES(998, 98, 498, '2017-11-19 15:10:05');
INSERT INTO `vote` VALUES(999, 98, 498, '2017-11-19 15:10:16');
INSERT INTO `vote` VALUES(1000, 98, 498, '2017-11-19 15:10:26');
INSERT INTO `vote` VALUES(1001, 99, 503, '2017-11-19 15:32:19');
INSERT INTO `vote` VALUES(1002, 100, 506, '2017-11-19 15:40:19');
INSERT INTO `vote` VALUES(1003, 100, 508, '2017-11-19 15:40:21');
INSERT INTO `vote` VALUES(1004, 100, 508, '2017-11-19 15:40:22');
INSERT INTO `vote` VALUES(1005, 100, 506, '2017-11-19 15:40:23');
INSERT INTO `vote` VALUES(1006, 100, 506, '2017-11-19 15:40:24');
INSERT INTO `vote` VALUES(1007, 100, 506, '2017-11-19 15:40:26');
INSERT INTO `vote` VALUES(1008, 100, 506, '2017-11-19 15:40:27');
INSERT INTO `vote` VALUES(1009, 100, 506, '2017-11-19 15:40:30');
INSERT INTO `vote` VALUES(1010, 100, 508, '2017-11-19 15:40:38');
INSERT INTO `vote` VALUES(1011, 100, 506, '2017-11-19 15:40:53');
INSERT INTO `vote` VALUES(1012, 102, 516, '2017-11-22 20:04:30');
INSERT INTO `vote` VALUES(1013, 104, 524, '2017-11-22 20:08:47');
INSERT INTO `vote` VALUES(1014, 105, 527, '2017-11-22 20:09:55');
INSERT INTO `vote` VALUES(1015, 106, 532, '2017-11-22 20:13:20');
INSERT INTO `vote` VALUES(1016, 107, 537, '2017-11-22 20:13:50');
INSERT INTO `vote` VALUES(1017, 108, 541, '2017-11-22 20:14:14');
INSERT INTO `vote` VALUES(1018, 108, 540, '2017-11-24 17:47:19');
INSERT INTO `vote` VALUES(1019, 108, 539, '2017-11-24 17:47:26');
INSERT INTO `vote` VALUES(1020, 108, 538, '2017-11-24 17:47:35');
INSERT INTO `vote` VALUES(1021, 108, 538, '2017-11-24 17:48:26');
INSERT INTO `vote` VALUES(1022, 110, 545, '2017-11-24 18:58:55');
INSERT INTO `vote` VALUES(1023, 110, 543, '2017-11-24 18:59:01');
INSERT INTO `vote` VALUES(1024, 110, 544, '2017-11-24 18:59:06');
INSERT INTO `vote` VALUES(1025, 110, 543, '2017-11-24 18:59:11');
INSERT INTO `vote` VALUES(1026, 110, 546, '2017-11-24 18:59:11');
INSERT INTO `vote` VALUES(1027, 110, 544, '2017-11-24 18:59:12');
INSERT INTO `vote` VALUES(1028, 115, 548, '2017-12-01 17:51:14');
INSERT INTO `vote` VALUES(1029, 115, 548, '2017-12-01 17:51:16');
INSERT INTO `vote` VALUES(1030, 115, 549, '2017-12-01 17:51:58');
INSERT INTO `vote` VALUES(1031, 115, 555, '2017-12-01 17:52:00');
INSERT INTO `vote` VALUES(1032, 115, 548, '2017-12-01 17:52:14');
INSERT INTO `vote` VALUES(1033, 115, 548, '2017-12-01 17:52:18');
INSERT INTO `vote` VALUES(1034, 115, 553, '2017-12-01 17:52:48');
INSERT INTO `vote` VALUES(1035, 115, 548, '2017-12-01 17:54:35');
INSERT INTO `vote` VALUES(1036, 115, 555, '2017-12-01 17:55:11');
INSERT INTO `vote` VALUES(1037, 116, 557, '2017-12-01 18:03:29');
INSERT INTO `vote` VALUES(1038, 116, 556, '2017-12-01 18:03:39');
INSERT INTO `vote` VALUES(1039, 116, 557, '2017-12-01 18:03:46');
INSERT INTO `vote` VALUES(1040, 116, 558, '2017-12-01 18:03:51');
INSERT INTO `vote` VALUES(1041, 116, 556, '2017-12-01 18:03:57');
INSERT INTO `vote` VALUES(1042, 116, 558, '2017-12-01 18:04:10');
INSERT INTO `vote` VALUES(1043, 116, 556, '2017-12-01 18:04:15');
INSERT INTO `vote` VALUES(1044, 116, 557, '2017-12-01 18:04:45');
INSERT INTO `vote` VALUES(1045, 116, 556, '2017-12-01 18:04:47');
INSERT INTO `vote` VALUES(1046, 117, 561, '2017-12-01 18:06:08');
INSERT INTO `vote` VALUES(1047, 117, 561, '2017-12-01 18:06:12');
INSERT INTO `vote` VALUES(1048, 117, 561, '2017-12-01 18:06:14');
INSERT INTO `vote` VALUES(1049, 117, 563, '2017-12-01 18:06:16');
INSERT INTO `vote` VALUES(1050, 117, 562, '2017-12-01 18:06:17');
INSERT INTO `vote` VALUES(1051, 117, 561, '2017-12-01 18:06:21');
INSERT INTO `vote` VALUES(1052, 117, 561, '2017-12-01 18:06:40');
INSERT INTO `vote` VALUES(1053, 117, 563, '2017-12-01 18:06:56');
INSERT INTO `vote` VALUES(1054, 117, 562, '2017-12-01 18:07:07');
INSERT INTO `vote` VALUES(1055, 118, 566, '2017-12-01 18:19:34');
INSERT INTO `vote` VALUES(1056, 118, 565, '2017-12-01 18:19:52');
INSERT INTO `vote` VALUES(1057, 118, 567, '2017-12-01 18:19:53');
INSERT INTO `vote` VALUES(1058, 118, 566, '2017-12-01 18:19:53');
INSERT INTO `vote` VALUES(1059, 118, 567, '2017-12-01 18:19:54');
INSERT INTO `vote` VALUES(1060, 118, 567, '2017-12-01 18:19:57');
INSERT INTO `vote` VALUES(1061, 118, 567, '2017-12-01 18:20:00');
INSERT INTO `vote` VALUES(1062, 118, 567, '2017-12-01 18:20:10');
INSERT INTO `vote` VALUES(1063, 118, 565, '2017-12-01 18:20:11');
INSERT INTO `vote` VALUES(1064, 119, 569, '2017-12-01 18:21:00');
INSERT INTO `vote` VALUES(1065, 119, 568, '2017-12-01 18:21:01');
INSERT INTO `vote` VALUES(1066, 119, 569, '2017-12-01 18:21:02');
INSERT INTO `vote` VALUES(1067, 119, 569, '2017-12-01 18:21:04');
INSERT INTO `vote` VALUES(1068, 119, 569, '2017-12-01 18:21:04');
INSERT INTO `vote` VALUES(1069, 119, 568, '2017-12-01 18:21:05');
INSERT INTO `vote` VALUES(1070, 119, 568, '2017-12-01 18:21:11');
INSERT INTO `vote` VALUES(1071, 119, 568, '2017-12-01 18:21:17');
INSERT INTO `vote` VALUES(1072, 119, 568, '2017-12-01 18:21:22');
INSERT INTO `vote` VALUES(1073, 120, 570, '2017-12-01 18:51:20');
INSERT INTO `vote` VALUES(1074, 120, 571, '2017-12-01 18:51:20');
INSERT INTO `vote` VALUES(1075, 120, 571, '2017-12-01 18:51:22');
INSERT INTO `vote` VALUES(1076, 120, 570, '2017-12-01 18:51:23');
INSERT INTO `vote` VALUES(1077, 120, 570, '2017-12-01 18:51:25');
INSERT INTO `vote` VALUES(1078, 120, 571, '2017-12-01 18:51:37');
INSERT INTO `vote` VALUES(1079, 120, 570, '2017-12-01 18:51:41');
INSERT INTO `vote` VALUES(1080, 120, 570, '2017-12-01 18:51:42');
INSERT INTO `vote` VALUES(1081, 120, 570, '2017-12-01 18:51:43');
INSERT INTO `vote` VALUES(1082, 121, 572, '2017-12-01 19:02:06');
INSERT INTO `vote` VALUES(1083, 121, 572, '2017-12-01 19:02:11');
INSERT INTO `vote` VALUES(1084, 121, 574, '2017-12-01 19:02:12');
INSERT INTO `vote` VALUES(1085, 121, 572, '2017-12-01 19:02:14');
INSERT INTO `vote` VALUES(1086, 121, 574, '2017-12-01 19:02:20');
INSERT INTO `vote` VALUES(1087, 121, 572, '2017-12-01 19:02:20');
INSERT INTO `vote` VALUES(1088, 121, 575, '2017-12-01 19:02:27');
INSERT INTO `vote` VALUES(1089, 121, 572, '2017-12-01 19:02:30');
INSERT INTO `vote` VALUES(1090, 121, 572, '2017-12-01 19:02:42');
INSERT INTO `vote` VALUES(1091, 122, 579, '2017-12-01 19:04:56');
INSERT INTO `vote` VALUES(1092, 122, 580, '2017-12-01 19:04:56');
INSERT INTO `vote` VALUES(1093, 122, 579, '2017-12-01 19:05:01');
INSERT INTO `vote` VALUES(1094, 122, 578, '2017-12-01 19:05:02');
INSERT INTO `vote` VALUES(1095, 122, 580, '2017-12-01 19:05:06');
INSERT INTO `vote` VALUES(1096, 122, 580, '2017-12-01 19:05:14');
INSERT INTO `vote` VALUES(1097, 122, 580, '2017-12-01 19:05:20');
INSERT INTO `vote` VALUES(1098, 122, 578, '2017-12-01 19:05:23');
INSERT INTO `vote` VALUES(1099, 122, 578, '2017-12-01 19:06:06');
INSERT INTO `vote` VALUES(1100, 123, 583, '2017-12-01 19:06:47');
INSERT INTO `vote` VALUES(1101, 123, 584, '2017-12-01 19:06:49');
INSERT INTO `vote` VALUES(1102, 123, 583, '2017-12-01 19:06:49');
INSERT INTO `vote` VALUES(1103, 123, 583, '2017-12-01 19:06:50');
INSERT INTO `vote` VALUES(1104, 123, 584, '2017-12-01 19:06:54');
INSERT INTO `vote` VALUES(1105, 123, 584, '2017-12-01 19:06:55');
INSERT INTO `vote` VALUES(1106, 123, 583, '2017-12-01 19:06:56');
INSERT INTO `vote` VALUES(1107, 123, 585, '2017-12-01 19:06:59');
INSERT INTO `vote` VALUES(1108, 123, 583, '2017-12-01 19:07:15');
INSERT INTO `vote` VALUES(1109, 124, 587, '2017-12-01 19:20:28');
INSERT INTO `vote` VALUES(1110, 124, 587, '2017-12-01 19:20:29');
INSERT INTO `vote` VALUES(1111, 124, 587, '2017-12-01 19:20:33');
INSERT INTO `vote` VALUES(1112, 124, 590, '2017-12-01 19:20:39');
INSERT INTO `vote` VALUES(1113, 124, 590, '2017-12-01 19:20:58');
INSERT INTO `vote` VALUES(1114, 124, 590, '2017-12-01 19:21:07');
INSERT INTO `vote` VALUES(1115, 124, 587, '2017-12-01 19:21:08');
INSERT INTO `vote` VALUES(1116, 124, 589, '2017-12-01 19:21:17');
INSERT INTO `vote` VALUES(1117, 124, 590, '2017-12-01 19:21:27');
INSERT INTO `vote` VALUES(1118, 125, 591, '2017-12-01 19:22:25');
INSERT INTO `vote` VALUES(1119, 125, 591, '2017-12-01 19:22:27');
INSERT INTO `vote` VALUES(1120, 125, 591, '2017-12-01 19:22:30');
INSERT INTO `vote` VALUES(1121, 125, 591, '2017-12-01 19:22:30');
INSERT INTO `vote` VALUES(1122, 125, 592, '2017-12-01 19:22:32');
INSERT INTO `vote` VALUES(1123, 125, 592, '2017-12-01 19:22:35');
INSERT INTO `vote` VALUES(1124, 125, 592, '2017-12-01 19:22:43');
INSERT INTO `vote` VALUES(1125, 125, 592, '2017-12-01 19:22:54');
INSERT INTO `vote` VALUES(1126, 125, 592, '2017-12-01 19:23:30');
INSERT INTO `vote` VALUES(1127, 126, 593, '2017-12-01 19:59:22');
INSERT INTO `vote` VALUES(1128, 126, 597, '2017-12-01 19:59:22');
INSERT INTO `vote` VALUES(1129, 126, 597, '2017-12-01 19:59:24');
INSERT INTO `vote` VALUES(1130, 126, 597, '2017-12-01 19:59:26');
INSERT INTO `vote` VALUES(1131, 126, 593, '2017-12-01 19:59:27');
INSERT INTO `vote` VALUES(1132, 126, 597, '2017-12-01 19:59:28');
INSERT INTO `vote` VALUES(1133, 126, 593, '2017-12-01 19:59:39');
INSERT INTO `vote` VALUES(1134, 126, 594, '2017-12-01 19:59:51');
INSERT INTO `vote` VALUES(1135, 126, 597, '2017-12-01 19:59:53');
INSERT INTO `vote` VALUES(1136, 127, 599, '2017-12-01 20:00:49');
INSERT INTO `vote` VALUES(1137, 127, 599, '2017-12-01 20:00:50');
INSERT INTO `vote` VALUES(1138, 127, 601, '2017-12-01 20:00:52');
INSERT INTO `vote` VALUES(1139, 127, 599, '2017-12-01 20:00:53');
INSERT INTO `vote` VALUES(1140, 127, 600, '2017-12-01 20:00:54');
INSERT INTO `vote` VALUES(1141, 127, 599, '2017-12-01 20:00:59');
INSERT INTO `vote` VALUES(1142, 127, 601, '2017-12-01 20:01:00');
INSERT INTO `vote` VALUES(1143, 127, 600, '2017-12-01 20:01:03');
INSERT INTO `vote` VALUES(1144, 127, 601, '2017-12-01 20:01:16');
INSERT INTO `vote` VALUES(1145, 130, 604, '2017-12-01 20:13:37');
INSERT INTO `vote` VALUES(1146, 130, 607, '2017-12-01 20:13:40');
INSERT INTO `vote` VALUES(1147, 130, 604, '2017-12-01 20:13:42');
INSERT INTO `vote` VALUES(1148, 130, 606, '2017-12-01 20:13:48');
INSERT INTO `vote` VALUES(1149, 130, 604, '2017-12-01 20:13:50');
INSERT INTO `vote` VALUES(1150, 130, 606, '2017-12-01 20:13:52');
INSERT INTO `vote` VALUES(1151, 130, 605, '2017-12-01 20:13:57');
INSERT INTO `vote` VALUES(1152, 130, 604, '2017-12-01 20:13:58');
INSERT INTO `vote` VALUES(1153, 130, 604, '2017-12-01 20:14:11');

-- --------------------------------------------------------

--
-- Table structure for table `vote_user`
--

CREATE TABLE `vote_user` (
  `vote_id` int(11) NOT NULL AUTO_INCREMENT,
  `department_id` int(11) NOT NULL,
  `user_id` int(11) NOT NULL,
  PRIMARY KEY (`vote_id`)
) ENGINE=InnoDB  DEFAULT CHARSET=latin1 AUTO_INCREMENT=1154 ;

--
-- Dumping data for table `vote_user`
--

INSERT INTO `vote_user` VALUES(1, 1, 1);
INSERT INTO `vote_user` VALUES(2, 2, 1);
INSERT INTO `vote_user` VALUES(3, 2, 2);
INSERT INTO `vote_user` VALUES(4, 2, 9);
INSERT INTO `vote_user` VALUES(5, 2, 13);
INSERT INTO `vote_user` VALUES(6, 2, 11);
INSERT INTO `vote_user` VALUES(7, 3, 4);
INSERT INTO `vote_user` VALUES(8, 3, 2);
INSERT INTO `vote_user` VALUES(9, 3, 1);
INSERT INTO `vote_user` VALUES(10, 3, 9);
INSERT INTO `vote_user` VALUES(11, 3, 11);
INSERT INTO `vote_user` VALUES(12, 4, 11);
INSERT INTO `vote_user` VALUES(13, 4, 2);
INSERT INTO `vote_user` VALUES(14, 4, 8);
INSERT INTO `vote_user` VALUES(15, 4, 7);
INSERT INTO `vote_user` VALUES(16, 4, 5);
INSERT INTO `vote_user` VALUES(17, 4, 12);
INSERT INTO `vote_user` VALUES(18, 4, 1);
INSERT INTO `vote_user` VALUES(19, 4, 6);
INSERT INTO `vote_user` VALUES(20, 4, 13);
INSERT INTO `vote_user` VALUES(21, 4, 9);
INSERT INTO `vote_user` VALUES(22, 4, 10);
INSERT INTO `vote_user` VALUES(23, 4, 3);
INSERT INTO `vote_user` VALUES(24, 4, 4);
INSERT INTO `vote_user` VALUES(27, 5, 5);
INSERT INTO `vote_user` VALUES(28, 6, 2);
INSERT INTO `vote_user` VALUES(29, 5, 11);
INSERT INTO `vote_user` VALUES(30, 6, 13);
INSERT INTO `vote_user` VALUES(31, 6, 9);
INSERT INTO `vote_user` VALUES(32, 6, 5);
INSERT INTO `vote_user` VALUES(33, 6, 12);
INSERT INTO `vote_user` VALUES(34, 6, 8);
INSERT INTO `vote_user` VALUES(35, 5, 10);
INSERT INTO `vote_user` VALUES(36, 6, 6);
INSERT INTO `vote_user` VALUES(37, 6, 1);
INSERT INTO `vote_user` VALUES(38, 6, 3);
INSERT INTO `vote_user` VALUES(39, 6, 4);
INSERT INTO `vote_user` VALUES(40, 6, 7);
INSERT INTO `vote_user` VALUES(41, 6, 11);
INSERT INTO `vote_user` VALUES(42, 6, 10);
INSERT INTO `vote_user` VALUES(43, 8, 1);
INSERT INTO `vote_user` VALUES(44, 8, 2);
INSERT INTO `vote_user` VALUES(45, 8, 12);
INSERT INTO `vote_user` VALUES(46, 8, 3);
INSERT INTO `vote_user` VALUES(47, 8, 9);
INSERT INTO `vote_user` VALUES(48, 8, 11);
INSERT INTO `vote_user` VALUES(49, 8, 8);
INSERT INTO `vote_user` VALUES(50, 8, 6);
INSERT INTO `vote_user` VALUES(51, 8, 13);
INSERT INTO `vote_user` VALUES(52, 8, 10);
INSERT INTO `vote_user` VALUES(53, 8, 7);
INSERT INTO `vote_user` VALUES(54, 8, 4);
INSERT INTO `vote_user` VALUES(55, 8, 5);
INSERT INTO `vote_user` VALUES(56, 9, 2);
INSERT INTO `vote_user` VALUES(57, 9, 12);
INSERT INTO `vote_user` VALUES(58, 9, 11);
INSERT INTO `vote_user` VALUES(59, 9, 13);
INSERT INTO `vote_user` VALUES(60, 9, 8);
INSERT INTO `vote_user` VALUES(61, 9, 5);
INSERT INTO `vote_user` VALUES(62, 9, 7);
INSERT INTO `vote_user` VALUES(63, 9, 10);
INSERT INTO `vote_user` VALUES(64, 9, 9);
INSERT INTO `vote_user` VALUES(65, 9, 3);
INSERT INTO `vote_user` VALUES(66, 9, 6);
INSERT INTO `vote_user` VALUES(67, 9, 1);
INSERT INTO `vote_user` VALUES(68, 9, 4);
INSERT INTO `vote_user` VALUES(69, 10, 2);
INSERT INTO `vote_user` VALUES(70, 10, 9);
INSERT INTO `vote_user` VALUES(71, 10, 11);
INSERT INTO `vote_user` VALUES(72, 10, 12);
INSERT INTO `vote_user` VALUES(73, 10, 5);
INSERT INTO `vote_user` VALUES(74, 10, 4);
INSERT INTO `vote_user` VALUES(75, 10, 13);
INSERT INTO `vote_user` VALUES(76, 10, 10);
INSERT INTO `vote_user` VALUES(77, 10, 8);
INSERT INTO `vote_user` VALUES(78, 10, 7);
INSERT INTO `vote_user` VALUES(79, 10, 3);
INSERT INTO `vote_user` VALUES(80, 10, 6);
INSERT INTO `vote_user` VALUES(81, 10, 1);
INSERT INTO `vote_user` VALUES(82, 11, 1);
INSERT INTO `vote_user` VALUES(83, 11, 9);
INSERT INTO `vote_user` VALUES(84, 11, 11);
INSERT INTO `vote_user` VALUES(85, 11, 4);
INSERT INTO `vote_user` VALUES(86, 11, 2);
INSERT INTO `vote_user` VALUES(87, 11, 10);
INSERT INTO `vote_user` VALUES(88, 11, 6);
INSERT INTO `vote_user` VALUES(89, 11, 13);
INSERT INTO `vote_user` VALUES(90, 11, 8);
INSERT INTO `vote_user` VALUES(91, 11, 5);
INSERT INTO `vote_user` VALUES(92, 11, 3);
INSERT INTO `vote_user` VALUES(93, 11, 7);
INSERT INTO `vote_user` VALUES(94, 11, 12);
INSERT INTO `vote_user` VALUES(95, 12, 2);
INSERT INTO `vote_user` VALUES(96, 12, 4);
INSERT INTO `vote_user` VALUES(97, 12, 8);
INSERT INTO `vote_user` VALUES(98, 12, 1);
INSERT INTO `vote_user` VALUES(99, 12, 11);
INSERT INTO `vote_user` VALUES(100, 12, 9);
INSERT INTO `vote_user` VALUES(101, 12, 12);
INSERT INTO `vote_user` VALUES(102, 12, 10);
INSERT INTO `vote_user` VALUES(103, 12, 5);
INSERT INTO `vote_user` VALUES(104, 12, 13);
INSERT INTO `vote_user` VALUES(105, 12, 3);
INSERT INTO `vote_user` VALUES(106, 12, 7);
INSERT INTO `vote_user` VALUES(107, 12, 6);
INSERT INTO `vote_user` VALUES(108, 13, 4);
INSERT INTO `vote_user` VALUES(109, 13, 10);
INSERT INTO `vote_user` VALUES(110, 13, 2);
INSERT INTO `vote_user` VALUES(111, 13, 9);
INSERT INTO `vote_user` VALUES(112, 13, 1);
INSERT INTO `vote_user` VALUES(113, 13, 13);
INSERT INTO `vote_user` VALUES(114, 13, 8);
INSERT INTO `vote_user` VALUES(115, 13, 12);
INSERT INTO `vote_user` VALUES(116, 13, 5);
INSERT INTO `vote_user` VALUES(117, 13, 6);
INSERT INTO `vote_user` VALUES(118, 13, 7);
INSERT INTO `vote_user` VALUES(119, 13, 11);
INSERT INTO `vote_user` VALUES(120, 13, 3);
INSERT INTO `vote_user` VALUES(121, 14, 2);
INSERT INTO `vote_user` VALUES(122, 14, 8);
INSERT INTO `vote_user` VALUES(123, 14, 1);
INSERT INTO `vote_user` VALUES(124, 14, 13);
INSERT INTO `vote_user` VALUES(125, 14, 10);
INSERT INTO `vote_user` VALUES(126, 14, 11);
INSERT INTO `vote_user` VALUES(127, 14, 5);
INSERT INTO `vote_user` VALUES(128, 14, 9);
INSERT INTO `vote_user` VALUES(129, 14, 12);
INSERT INTO `vote_user` VALUES(130, 14, 4);
INSERT INTO `vote_user` VALUES(131, 14, 3);
INSERT INTO `vote_user` VALUES(132, 14, 7);
INSERT INTO `vote_user` VALUES(133, 14, 6);
INSERT INTO `vote_user` VALUES(134, 15, 1);
INSERT INTO `vote_user` VALUES(135, 15, 9);
INSERT INTO `vote_user` VALUES(136, 15, 4);
INSERT INTO `vote_user` VALUES(137, 15, 10);
INSERT INTO `vote_user` VALUES(138, 15, 13);
INSERT INTO `vote_user` VALUES(139, 15, 11);
INSERT INTO `vote_user` VALUES(140, 15, 14);
INSERT INTO `vote_user` VALUES(141, 15, 8);
INSERT INTO `vote_user` VALUES(142, 15, 3);
INSERT INTO `vote_user` VALUES(143, 15, 12);
INSERT INTO `vote_user` VALUES(144, 15, 7);
INSERT INTO `vote_user` VALUES(145, 16, 14);
INSERT INTO `vote_user` VALUES(146, 17, 1);
INSERT INTO `vote_user` VALUES(147, 17, 9);
INSERT INTO `vote_user` VALUES(148, 17, 11);
INSERT INTO `vote_user` VALUES(149, 17, 8);
INSERT INTO `vote_user` VALUES(150, 17, 3);
INSERT INTO `vote_user` VALUES(151, 17, 4);
INSERT INTO `vote_user` VALUES(152, 17, 12);
INSERT INTO `vote_user` VALUES(153, 17, 13);
INSERT INTO `vote_user` VALUES(154, 17, 10);
INSERT INTO `vote_user` VALUES(155, 17, 14);
INSERT INTO `vote_user` VALUES(156, 17, 7);
INSERT INTO `vote_user` VALUES(157, 18, 11);
INSERT INTO `vote_user` VALUES(158, 18, 1);
INSERT INTO `vote_user` VALUES(159, 18, 13);
INSERT INTO `vote_user` VALUES(160, 18, 9);
INSERT INTO `vote_user` VALUES(161, 18, 4);
INSERT INTO `vote_user` VALUES(162, 18, 14);
INSERT INTO `vote_user` VALUES(163, 18, 7);
INSERT INTO `vote_user` VALUES(164, 18, 12);
INSERT INTO `vote_user` VALUES(165, 18, 10);
INSERT INTO `vote_user` VALUES(166, 18, 8);
INSERT INTO `vote_user` VALUES(167, 18, 3);
INSERT INTO `vote_user` VALUES(168, 19, 1);
INSERT INTO `vote_user` VALUES(169, 19, 8);
INSERT INTO `vote_user` VALUES(170, 19, 11);
INSERT INTO `vote_user` VALUES(171, 19, 9);
INSERT INTO `vote_user` VALUES(172, 19, 12);
INSERT INTO `vote_user` VALUES(173, 19, 13);
INSERT INTO `vote_user` VALUES(174, 19, 4);
INSERT INTO `vote_user` VALUES(175, 19, 3);
INSERT INTO `vote_user` VALUES(176, 19, 7);
INSERT INTO `vote_user` VALUES(177, 19, 10);
INSERT INTO `vote_user` VALUES(178, 19, 14);
INSERT INTO `vote_user` VALUES(179, 20, 11);
INSERT INTO `vote_user` VALUES(180, 20, 1);
INSERT INTO `vote_user` VALUES(181, 20, 9);
INSERT INTO `vote_user` VALUES(182, 20, 8);
INSERT INTO `vote_user` VALUES(183, 20, 10);
INSERT INTO `vote_user` VALUES(184, 20, 12);
INSERT INTO `vote_user` VALUES(185, 20, 4);
INSERT INTO `vote_user` VALUES(186, 20, 3);
INSERT INTO `vote_user` VALUES(187, 20, 7);
INSERT INTO `vote_user` VALUES(188, 20, 14);
INSERT INTO `vote_user` VALUES(189, 20, 13);
INSERT INTO `vote_user` VALUES(190, 22, 9);
INSERT INTO `vote_user` VALUES(191, 22, 13);
INSERT INTO `vote_user` VALUES(192, 22, 1);
INSERT INTO `vote_user` VALUES(193, 22, 8);
INSERT INTO `vote_user` VALUES(194, 22, 4);
INSERT INTO `vote_user` VALUES(195, 22, 3);
INSERT INTO `vote_user` VALUES(196, 22, 11);
INSERT INTO `vote_user` VALUES(197, 22, 10);
INSERT INTO `vote_user` VALUES(198, 22, 12);
INSERT INTO `vote_user` VALUES(199, 22, 7);
INSERT INTO `vote_user` VALUES(200, 22, 14);
INSERT INTO `vote_user` VALUES(201, 23, 1);
INSERT INTO `vote_user` VALUES(202, 23, 8);
INSERT INTO `vote_user` VALUES(203, 23, 9);
INSERT INTO `vote_user` VALUES(204, 23, 10);
INSERT INTO `vote_user` VALUES(205, 23, 11);
INSERT INTO `vote_user` VALUES(206, 23, 4);
INSERT INTO `vote_user` VALUES(207, 23, 14);
INSERT INTO `vote_user` VALUES(208, 23, 7);
INSERT INTO `vote_user` VALUES(209, 23, 3);
INSERT INTO `vote_user` VALUES(210, 23, 13);
INSERT INTO `vote_user` VALUES(211, 23, 12);
INSERT INTO `vote_user` VALUES(212, 24, 11);
INSERT INTO `vote_user` VALUES(213, 24, 12);
INSERT INTO `vote_user` VALUES(214, 24, 8);
INSERT INTO `vote_user` VALUES(215, 24, 1);
INSERT INTO `vote_user` VALUES(216, 24, 13);
INSERT INTO `vote_user` VALUES(217, 24, 9);
INSERT INTO `vote_user` VALUES(218, 24, 10);
INSERT INTO `vote_user` VALUES(219, 24, 14);
INSERT INTO `vote_user` VALUES(220, 24, 3);
INSERT INTO `vote_user` VALUES(221, 24, 4);
INSERT INTO `vote_user` VALUES(222, 24, 7);
INSERT INTO `vote_user` VALUES(223, 25, 11);
INSERT INTO `vote_user` VALUES(224, 25, 8);
INSERT INTO `vote_user` VALUES(225, 25, 4);
INSERT INTO `vote_user` VALUES(226, 25, 13);
INSERT INTO `vote_user` VALUES(227, 25, 1);
INSERT INTO `vote_user` VALUES(228, 25, 10);
INSERT INTO `vote_user` VALUES(229, 25, 3);
INSERT INTO `vote_user` VALUES(230, 25, 7);
INSERT INTO `vote_user` VALUES(231, 25, 12);
INSERT INTO `vote_user` VALUES(232, 25, 9);
INSERT INTO `vote_user` VALUES(233, 25, 14);
INSERT INTO `vote_user` VALUES(234, 26, 10);
INSERT INTO `vote_user` VALUES(235, 26, 1);
INSERT INTO `vote_user` VALUES(236, 26, 8);
INSERT INTO `vote_user` VALUES(237, 26, 11);
INSERT INTO `vote_user` VALUES(238, 26, 9);
INSERT INTO `vote_user` VALUES(239, 26, 3);
INSERT INTO `vote_user` VALUES(240, 26, 13);
INSERT INTO `vote_user` VALUES(241, 26, 12);
INSERT INTO `vote_user` VALUES(242, 26, 7);
INSERT INTO `vote_user` VALUES(243, 26, 14);
INSERT INTO `vote_user` VALUES(244, 26, 4);
INSERT INTO `vote_user` VALUES(245, 27, 9);
INSERT INTO `vote_user` VALUES(246, 27, 13);
INSERT INTO `vote_user` VALUES(247, 27, 11);
INSERT INTO `vote_user` VALUES(248, 27, 14);
INSERT INTO `vote_user` VALUES(249, 27, 10);
INSERT INTO `vote_user` VALUES(250, 27, 1);
INSERT INTO `vote_user` VALUES(251, 27, 8);
INSERT INTO `vote_user` VALUES(252, 27, 3);
INSERT INTO `vote_user` VALUES(253, 27, 12);
INSERT INTO `vote_user` VALUES(254, 27, 4);
INSERT INTO `vote_user` VALUES(255, 27, 7);
INSERT INTO `vote_user` VALUES(256, 28, 10);
INSERT INTO `vote_user` VALUES(257, 28, 11);
INSERT INTO `vote_user` VALUES(258, 28, 8);
INSERT INTO `vote_user` VALUES(259, 28, 9);
INSERT INTO `vote_user` VALUES(260, 29, 14);
INSERT INTO `vote_user` VALUES(261, 29, 7);
INSERT INTO `vote_user` VALUES(262, 29, 9);
INSERT INTO `vote_user` VALUES(263, 29, 11);
INSERT INTO `vote_user` VALUES(264, 29, 12);
INSERT INTO `vote_user` VALUES(265, 28, 4);
INSERT INTO `vote_user` VALUES(266, 29, 1);
INSERT INTO `vote_user` VALUES(267, 29, 13);
INSERT INTO `vote_user` VALUES(268, 29, 4);
INSERT INTO `vote_user` VALUES(269, 29, 10);
INSERT INTO `vote_user` VALUES(270, 29, 8);
INSERT INTO `vote_user` VALUES(271, 29, 3);
INSERT INTO `vote_user` VALUES(272, 30, 11);
INSERT INTO `vote_user` VALUES(273, 30, 8);
INSERT INTO `vote_user` VALUES(274, 30, 12);
INSERT INTO `vote_user` VALUES(275, 30, 9);
INSERT INTO `vote_user` VALUES(276, 30, 14);
INSERT INTO `vote_user` VALUES(277, 30, 13);
INSERT INTO `vote_user` VALUES(278, 30, 10);
INSERT INTO `vote_user` VALUES(279, 30, 1);
INSERT INTO `vote_user` VALUES(280, 30, 7);
INSERT INTO `vote_user` VALUES(281, 30, 4);
INSERT INTO `vote_user` VALUES(282, 30, 3);
INSERT INTO `vote_user` VALUES(283, 31, 4);
INSERT INTO `vote_user` VALUES(284, 31, 1);
INSERT INTO `vote_user` VALUES(285, 31, 11);
INSERT INTO `vote_user` VALUES(286, 31, 12);
INSERT INTO `vote_user` VALUES(287, 31, 9);
INSERT INTO `vote_user` VALUES(288, 31, 7);
INSERT INTO `vote_user` VALUES(289, 31, 10);
INSERT INTO `vote_user` VALUES(290, 31, 13);
INSERT INTO `vote_user` VALUES(291, 31, 8);
INSERT INTO `vote_user` VALUES(292, 31, 3);
INSERT INTO `vote_user` VALUES(293, 31, 14);
INSERT INTO `vote_user` VALUES(294, 32, 11);
INSERT INTO `vote_user` VALUES(295, 32, 9);
INSERT INTO `vote_user` VALUES(296, 32, 8);
INSERT INTO `vote_user` VALUES(297, 32, 7);
INSERT INTO `vote_user` VALUES(298, 32, 14);
INSERT INTO `vote_user` VALUES(299, 32, 4);
INSERT INTO `vote_user` VALUES(300, 32, 3);
INSERT INTO `vote_user` VALUES(301, 32, 12);
INSERT INTO `vote_user` VALUES(302, 32, 13);
INSERT INTO `vote_user` VALUES(303, 32, 1);
INSERT INTO `vote_user` VALUES(304, 32, 10);
INSERT INTO `vote_user` VALUES(305, 33, 9);
INSERT INTO `vote_user` VALUES(306, 33, 16);
INSERT INTO `vote_user` VALUES(307, 33, 1);
INSERT INTO `vote_user` VALUES(308, 33, 11);
INSERT INTO `vote_user` VALUES(309, 33, 12);
INSERT INTO `vote_user` VALUES(310, 33, 7);
INSERT INTO `vote_user` VALUES(311, 33, 13);
INSERT INTO `vote_user` VALUES(312, 34, 9);
INSERT INTO `vote_user` VALUES(313, 34, 11);
INSERT INTO `vote_user` VALUES(314, 34, 12);
INSERT INTO `vote_user` VALUES(315, 34, 10);
INSERT INTO `vote_user` VALUES(316, 34, 1);
INSERT INTO `vote_user` VALUES(317, 34, 4);
INSERT INTO `vote_user` VALUES(318, 34, 16);
INSERT INTO `vote_user` VALUES(319, 34, 7);
INSERT INTO `vote_user` VALUES(320, 34, 13);
INSERT INTO `vote_user` VALUES(321, 34, 8);
INSERT INTO `vote_user` VALUES(322, 34, 3);
INSERT INTO `vote_user` VALUES(323, 34, 14);
INSERT INTO `vote_user` VALUES(324, 34, 15);
INSERT INTO `vote_user` VALUES(325, 35, 4);
INSERT INTO `vote_user` VALUES(326, 35, 16);
INSERT INTO `vote_user` VALUES(327, 35, 10);
INSERT INTO `vote_user` VALUES(328, 35, 11);
INSERT INTO `vote_user` VALUES(329, 35, 1);
INSERT INTO `vote_user` VALUES(330, 35, 13);
INSERT INTO `vote_user` VALUES(331, 35, 3);
INSERT INTO `vote_user` VALUES(332, 35, 7);
INSERT INTO `vote_user` VALUES(333, 35, 9);
INSERT INTO `vote_user` VALUES(334, 35, 12);
INSERT INTO `vote_user` VALUES(335, 35, 8);
INSERT INTO `vote_user` VALUES(336, 35, 14);
INSERT INTO `vote_user` VALUES(337, 35, 15);
INSERT INTO `vote_user` VALUES(338, 36, 11);
INSERT INTO `vote_user` VALUES(339, 36, 4);
INSERT INTO `vote_user` VALUES(340, 36, 16);
INSERT INTO `vote_user` VALUES(341, 36, 9);
INSERT INTO `vote_user` VALUES(342, 36, 1);
INSERT INTO `vote_user` VALUES(343, 36, 10);
INSERT INTO `vote_user` VALUES(344, 36, 12);
INSERT INTO `vote_user` VALUES(345, 36, 14);
INSERT INTO `vote_user` VALUES(346, 36, 13);
INSERT INTO `vote_user` VALUES(347, 36, 7);
INSERT INTO `vote_user` VALUES(348, 36, 3);
INSERT INTO `vote_user` VALUES(349, 36, 8);
INSERT INTO `vote_user` VALUES(350, 36, 15);
INSERT INTO `vote_user` VALUES(351, 37, 9);
INSERT INTO `vote_user` VALUES(352, 37, 1);
INSERT INTO `vote_user` VALUES(353, 37, 14);
INSERT INTO `vote_user` VALUES(354, 37, 4);
INSERT INTO `vote_user` VALUES(355, 37, 16);
INSERT INTO `vote_user` VALUES(356, 37, 15);
INSERT INTO `vote_user` VALUES(357, 37, 3);
INSERT INTO `vote_user` VALUES(358, 37, 7);
INSERT INTO `vote_user` VALUES(359, 37, 11);
INSERT INTO `vote_user` VALUES(360, 37, 13);
INSERT INTO `vote_user` VALUES(361, 37, 10);
INSERT INTO `vote_user` VALUES(362, 37, 8);
INSERT INTO `vote_user` VALUES(363, 37, 12);
INSERT INTO `vote_user` VALUES(364, 38, 16);
INSERT INTO `vote_user` VALUES(365, 38, 1);
INSERT INTO `vote_user` VALUES(366, 38, 7);
INSERT INTO `vote_user` VALUES(367, 38, 12);
INSERT INTO `vote_user` VALUES(368, 38, 10);
INSERT INTO `vote_user` VALUES(369, 38, 9);
INSERT INTO `vote_user` VALUES(370, 38, 13);
INSERT INTO `vote_user` VALUES(371, 38, 11);
INSERT INTO `vote_user` VALUES(372, 38, 3);
INSERT INTO `vote_user` VALUES(373, 38, 14);
INSERT INTO `vote_user` VALUES(374, 38, 8);
INSERT INTO `vote_user` VALUES(375, 38, 4);
INSERT INTO `vote_user` VALUES(376, 38, 15);
INSERT INTO `vote_user` VALUES(377, 39, 16);
INSERT INTO `vote_user` VALUES(378, 39, 15);
INSERT INTO `vote_user` VALUES(379, 39, 9);
INSERT INTO `vote_user` VALUES(380, 39, 1);
INSERT INTO `vote_user` VALUES(381, 39, 4);
INSERT INTO `vote_user` VALUES(382, 39, 3);
INSERT INTO `vote_user` VALUES(383, 39, 11);
INSERT INTO `vote_user` VALUES(384, 39, 13);
INSERT INTO `vote_user` VALUES(385, 39, 12);
INSERT INTO `vote_user` VALUES(386, 39, 10);
INSERT INTO `vote_user` VALUES(387, 39, 7);
INSERT INTO `vote_user` VALUES(388, 39, 14);
INSERT INTO `vote_user` VALUES(389, 39, 8);
INSERT INTO `vote_user` VALUES(390, 40, 1);
INSERT INTO `vote_user` VALUES(391, 40, 11);
INSERT INTO `vote_user` VALUES(392, 40, 9);
INSERT INTO `vote_user` VALUES(393, 40, 10);
INSERT INTO `vote_user` VALUES(394, 40, 4);
INSERT INTO `vote_user` VALUES(395, 40, 7);
INSERT INTO `vote_user` VALUES(396, 40, 3);
INSERT INTO `vote_user` VALUES(397, 40, 8);
INSERT INTO `vote_user` VALUES(398, 40, 16);
INSERT INTO `vote_user` VALUES(399, 40, 12);
INSERT INTO `vote_user` VALUES(400, 40, 13);
INSERT INTO `vote_user` VALUES(401, 40, 14);
INSERT INTO `vote_user` VALUES(402, 40, 15);
INSERT INTO `vote_user` VALUES(403, 41, 9);
INSERT INTO `vote_user` VALUES(404, 41, 11);
INSERT INTO `vote_user` VALUES(405, 41, 1);
INSERT INTO `vote_user` VALUES(406, 41, 16);
INSERT INTO `vote_user` VALUES(407, 41, 15);
INSERT INTO `vote_user` VALUES(408, 41, 14);
INSERT INTO `vote_user` VALUES(409, 41, 8);
INSERT INTO `vote_user` VALUES(410, 41, 10);
INSERT INTO `vote_user` VALUES(411, 41, 3);
INSERT INTO `vote_user` VALUES(412, 41, 12);
INSERT INTO `vote_user` VALUES(413, 41, 13);
INSERT INTO `vote_user` VALUES(414, 41, 4);
INSERT INTO `vote_user` VALUES(415, 41, 7);
INSERT INTO `vote_user` VALUES(416, 42, 11);
INSERT INTO `vote_user` VALUES(417, 42, 1);
INSERT INTO `vote_user` VALUES(418, 42, 12);
INSERT INTO `vote_user` VALUES(419, 42, 9);
INSERT INTO `vote_user` VALUES(420, 42, 4);
INSERT INTO `vote_user` VALUES(421, 42, 3);
INSERT INTO `vote_user` VALUES(422, 42, 15);
INSERT INTO `vote_user` VALUES(423, 42, 16);
INSERT INTO `vote_user` VALUES(424, 42, 10);
INSERT INTO `vote_user` VALUES(425, 42, 14);
INSERT INTO `vote_user` VALUES(426, 42, 13);
INSERT INTO `vote_user` VALUES(427, 42, 7);
INSERT INTO `vote_user` VALUES(428, 42, 8);
INSERT INTO `vote_user` VALUES(429, 43, 12);
INSERT INTO `vote_user` VALUES(430, 43, 11);
INSERT INTO `vote_user` VALUES(431, 43, 9);
INSERT INTO `vote_user` VALUES(432, 43, 10);
INSERT INTO `vote_user` VALUES(433, 43, 1);
INSERT INTO `vote_user` VALUES(434, 43, 8);
INSERT INTO `vote_user` VALUES(435, 43, 3);
INSERT INTO `vote_user` VALUES(436, 43, 4);
INSERT INTO `vote_user` VALUES(437, 43, 14);
INSERT INTO `vote_user` VALUES(438, 43, 7);
INSERT INTO `vote_user` VALUES(439, 43, 13);
INSERT INTO `vote_user` VALUES(440, 43, 16);
INSERT INTO `vote_user` VALUES(441, 43, 15);
INSERT INTO `vote_user` VALUES(442, 44, 9);
INSERT INTO `vote_user` VALUES(443, 44, 11);
INSERT INTO `vote_user` VALUES(444, 44, 13);
INSERT INTO `vote_user` VALUES(445, 44, 16);
INSERT INTO `vote_user` VALUES(446, 44, 1);
INSERT INTO `vote_user` VALUES(447, 44, 8);
INSERT INTO `vote_user` VALUES(448, 44, 3);
INSERT INTO `vote_user` VALUES(449, 44, 14);
INSERT INTO `vote_user` VALUES(450, 44, 4);
INSERT INTO `vote_user` VALUES(451, 44, 15);
INSERT INTO `vote_user` VALUES(452, 44, 7);
INSERT INTO `vote_user` VALUES(453, 44, 12);
INSERT INTO `vote_user` VALUES(454, 44, 10);
INSERT INTO `vote_user` VALUES(455, 45, 11);
INSERT INTO `vote_user` VALUES(456, 45, 1);
INSERT INTO `vote_user` VALUES(457, 45, 4);
INSERT INTO `vote_user` VALUES(458, 45, 8);
INSERT INTO `vote_user` VALUES(459, 45, 13);
INSERT INTO `vote_user` VALUES(460, 45, 12);
INSERT INTO `vote_user` VALUES(461, 45, 3);
INSERT INTO `vote_user` VALUES(462, 45, 16);
INSERT INTO `vote_user` VALUES(463, 45, 15);
INSERT INTO `vote_user` VALUES(464, 45, 14);
INSERT INTO `vote_user` VALUES(465, 45, 7);
INSERT INTO `vote_user` VALUES(466, 45, 9);
INSERT INTO `vote_user` VALUES(467, 45, 10);
INSERT INTO `vote_user` VALUES(468, 46, 11);
INSERT INTO `vote_user` VALUES(469, 46, 1);
INSERT INTO `vote_user` VALUES(470, 46, 8);
INSERT INTO `vote_user` VALUES(471, 46, 7);
INSERT INTO `vote_user` VALUES(472, 46, 16);
INSERT INTO `vote_user` VALUES(473, 46, 3);
INSERT INTO `vote_user` VALUES(474, 46, 15);
INSERT INTO `vote_user` VALUES(475, 46, 13);
INSERT INTO `vote_user` VALUES(476, 46, 12);
INSERT INTO `vote_user` VALUES(477, 46, 4);
INSERT INTO `vote_user` VALUES(478, 46, 14);
INSERT INTO `vote_user` VALUES(479, 46, 10);
INSERT INTO `vote_user` VALUES(480, 46, 9);
INSERT INTO `vote_user` VALUES(481, 47, 9);
INSERT INTO `vote_user` VALUES(482, 47, 11);
INSERT INTO `vote_user` VALUES(483, 47, 4);
INSERT INTO `vote_user` VALUES(484, 47, 14);
INSERT INTO `vote_user` VALUES(485, 47, 16);
INSERT INTO `vote_user` VALUES(486, 47, 3);
INSERT INTO `vote_user` VALUES(487, 47, 1);
INSERT INTO `vote_user` VALUES(488, 47, 8);
INSERT INTO `vote_user` VALUES(489, 47, 10);
INSERT INTO `vote_user` VALUES(490, 47, 12);
INSERT INTO `vote_user` VALUES(491, 47, 7);
INSERT INTO `vote_user` VALUES(492, 47, 15);
INSERT INTO `vote_user` VALUES(493, 47, 13);
INSERT INTO `vote_user` VALUES(494, 48, 11);
INSERT INTO `vote_user` VALUES(495, 48, 3);
INSERT INTO `vote_user` VALUES(496, 48, 12);
INSERT INTO `vote_user` VALUES(497, 48, 9);
INSERT INTO `vote_user` VALUES(498, 48, 16);
INSERT INTO `vote_user` VALUES(499, 48, 13);
INSERT INTO `vote_user` VALUES(500, 48, 1);
INSERT INTO `vote_user` VALUES(501, 48, 8);
INSERT INTO `vote_user` VALUES(502, 48, 14);
INSERT INTO `vote_user` VALUES(503, 48, 4);
INSERT INTO `vote_user` VALUES(504, 48, 7);
INSERT INTO `vote_user` VALUES(505, 48, 10);
INSERT INTO `vote_user` VALUES(506, 48, 15);
INSERT INTO `vote_user` VALUES(507, 49, 9);
INSERT INTO `vote_user` VALUES(508, 49, 11);
INSERT INTO `vote_user` VALUES(509, 49, 12);
INSERT INTO `vote_user` VALUES(510, 49, 3);
INSERT INTO `vote_user` VALUES(511, 49, 16);
INSERT INTO `vote_user` VALUES(512, 49, 13);
INSERT INTO `vote_user` VALUES(513, 49, 14);
INSERT INTO `vote_user` VALUES(514, 49, 1);
INSERT INTO `vote_user` VALUES(515, 49, 8);
INSERT INTO `vote_user` VALUES(516, 49, 15);
INSERT INTO `vote_user` VALUES(517, 49, 7);
INSERT INTO `vote_user` VALUES(518, 49, 4);
INSERT INTO `vote_user` VALUES(519, 49, 10);
INSERT INTO `vote_user` VALUES(520, 50, 11);
INSERT INTO `vote_user` VALUES(521, 50, 16);
INSERT INTO `vote_user` VALUES(522, 50, 1);
INSERT INTO `vote_user` VALUES(523, 50, 13);
INSERT INTO `vote_user` VALUES(524, 50, 3);
INSERT INTO `vote_user` VALUES(525, 50, 12);
INSERT INTO `vote_user` VALUES(526, 50, 9);
INSERT INTO `vote_user` VALUES(527, 50, 8);
INSERT INTO `vote_user` VALUES(528, 50, 4);
INSERT INTO `vote_user` VALUES(529, 50, 14);
INSERT INTO `vote_user` VALUES(530, 50, 10);
INSERT INTO `vote_user` VALUES(531, 50, 7);
INSERT INTO `vote_user` VALUES(532, 50, 15);
INSERT INTO `vote_user` VALUES(533, 51, 16);
INSERT INTO `vote_user` VALUES(534, 51, 9);
INSERT INTO `vote_user` VALUES(535, 51, 11);
INSERT INTO `vote_user` VALUES(536, 51, 1);
INSERT INTO `vote_user` VALUES(537, 51, 3);
INSERT INTO `vote_user` VALUES(538, 51, 7);
INSERT INTO `vote_user` VALUES(539, 51, 13);
INSERT INTO `vote_user` VALUES(540, 51, 15);
INSERT INTO `vote_user` VALUES(541, 51, 12);
INSERT INTO `vote_user` VALUES(542, 51, 14);
INSERT INTO `vote_user` VALUES(543, 51, 8);
INSERT INTO `vote_user` VALUES(544, 51, 10);
INSERT INTO `vote_user` VALUES(545, 51, 4);
INSERT INTO `vote_user` VALUES(546, 52, 11);
INSERT INTO `vote_user` VALUES(547, 52, 1);
INSERT INTO `vote_user` VALUES(548, 52, 3);
INSERT INTO `vote_user` VALUES(549, 52, 10);
INSERT INTO `vote_user` VALUES(550, 52, 13);
INSERT INTO `vote_user` VALUES(551, 52, 12);
INSERT INTO `vote_user` VALUES(552, 52, 8);
INSERT INTO `vote_user` VALUES(553, 52, 4);
INSERT INTO `vote_user` VALUES(554, 52, 9);
INSERT INTO `vote_user` VALUES(555, 52, 14);
INSERT INTO `vote_user` VALUES(556, 52, 16);
INSERT INTO `vote_user` VALUES(557, 52, 15);
INSERT INTO `vote_user` VALUES(558, 52, 7);
INSERT INTO `vote_user` VALUES(559, 53, 8);
INSERT INTO `vote_user` VALUES(560, 53, 11);
INSERT INTO `vote_user` VALUES(561, 53, 16);
INSERT INTO `vote_user` VALUES(562, 53, 9);
INSERT INTO `vote_user` VALUES(563, 53, 10);
INSERT INTO `vote_user` VALUES(564, 53, 1);
INSERT INTO `vote_user` VALUES(565, 53, 15);
INSERT INTO `vote_user` VALUES(566, 53, 3);
INSERT INTO `vote_user` VALUES(567, 53, 7);
INSERT INTO `vote_user` VALUES(568, 53, 12);
INSERT INTO `vote_user` VALUES(569, 53, 14);
INSERT INTO `vote_user` VALUES(570, 53, 4);
INSERT INTO `vote_user` VALUES(571, 54, 1);
INSERT INTO `vote_user` VALUES(572, 54, 11);
INSERT INTO `vote_user` VALUES(573, 54, 7);
INSERT INTO `vote_user` VALUES(574, 54, 9);
INSERT INTO `vote_user` VALUES(575, 54, 16);
INSERT INTO `vote_user` VALUES(576, 54, 14);
INSERT INTO `vote_user` VALUES(577, 54, 3);
INSERT INTO `vote_user` VALUES(578, 54, 10);
INSERT INTO `vote_user` VALUES(579, 54, 12);
INSERT INTO `vote_user` VALUES(580, 54, 4);
INSERT INTO `vote_user` VALUES(581, 54, 8);
INSERT INTO `vote_user` VALUES(582, 54, 15);
INSERT INTO `vote_user` VALUES(583, 55, 11);
INSERT INTO `vote_user` VALUES(584, 55, 1);
INSERT INTO `vote_user` VALUES(585, 55, 10);
INSERT INTO `vote_user` VALUES(586, 55, 15);
INSERT INTO `vote_user` VALUES(587, 55, 4);
INSERT INTO `vote_user` VALUES(588, 55, 7);
INSERT INTO `vote_user` VALUES(589, 55, 16);
INSERT INTO `vote_user` VALUES(590, 55, 12);
INSERT INTO `vote_user` VALUES(591, 55, 3);
INSERT INTO `vote_user` VALUES(592, 55, 8);
INSERT INTO `vote_user` VALUES(593, 55, 14);
INSERT INTO `vote_user` VALUES(594, 55, 9);
INSERT INTO `vote_user` VALUES(595, 56, 11);
INSERT INTO `vote_user` VALUES(596, 56, 16);
INSERT INTO `vote_user` VALUES(597, 56, 1);
INSERT INTO `vote_user` VALUES(598, 56, 12);
INSERT INTO `vote_user` VALUES(599, 56, 10);
INSERT INTO `vote_user` VALUES(600, 56, 3);
INSERT INTO `vote_user` VALUES(601, 56, 4);
INSERT INTO `vote_user` VALUES(602, 56, 8);
INSERT INTO `vote_user` VALUES(603, 56, 7);
INSERT INTO `vote_user` VALUES(604, 56, 14);
INSERT INTO `vote_user` VALUES(605, 56, 15);
INSERT INTO `vote_user` VALUES(606, 56, 9);
INSERT INTO `vote_user` VALUES(607, 57, 16);
INSERT INTO `vote_user` VALUES(608, 57, 12);
INSERT INTO `vote_user` VALUES(609, 57, 1);
INSERT INTO `vote_user` VALUES(610, 57, 3);
INSERT INTO `vote_user` VALUES(611, 57, 10);
INSERT INTO `vote_user` VALUES(612, 57, 4);
INSERT INTO `vote_user` VALUES(613, 57, 14);
INSERT INTO `vote_user` VALUES(614, 57, 7);
INSERT INTO `vote_user` VALUES(615, 57, 9);
INSERT INTO `vote_user` VALUES(616, 57, 11);
INSERT INTO `vote_user` VALUES(617, 57, 15);
INSERT INTO `vote_user` VALUES(618, 57, 8);
INSERT INTO `vote_user` VALUES(619, 58, 11);
INSERT INTO `vote_user` VALUES(620, 58, 9);
INSERT INTO `vote_user` VALUES(621, 58, 16);
INSERT INTO `vote_user` VALUES(622, 58, 4);
INSERT INTO `vote_user` VALUES(623, 58, 14);
INSERT INTO `vote_user` VALUES(624, 58, 10);
INSERT INTO `vote_user` VALUES(625, 59, 9);
INSERT INTO `vote_user` VALUES(626, 59, 16);
INSERT INTO `vote_user` VALUES(627, 59, 14);
INSERT INTO `vote_user` VALUES(628, 58, 8);
INSERT INTO `vote_user` VALUES(629, 59, 7);
INSERT INTO `vote_user` VALUES(630, 59, 4);
INSERT INTO `vote_user` VALUES(631, 59, 11);
INSERT INTO `vote_user` VALUES(632, 59, 1);
INSERT INTO `vote_user` VALUES(633, 59, 3);
INSERT INTO `vote_user` VALUES(634, 59, 12);
INSERT INTO `vote_user` VALUES(635, 59, 15);
INSERT INTO `vote_user` VALUES(636, 59, 8);
INSERT INTO `vote_user` VALUES(637, 59, 10);
INSERT INTO `vote_user` VALUES(638, 60, 11);
INSERT INTO `vote_user` VALUES(639, 60, 1);
INSERT INTO `vote_user` VALUES(640, 60, 16);
INSERT INTO `vote_user` VALUES(641, 60, 14);
INSERT INTO `vote_user` VALUES(642, 60, 8);
INSERT INTO `vote_user` VALUES(643, 60, 12);
INSERT INTO `vote_user` VALUES(644, 60, 9);
INSERT INTO `vote_user` VALUES(645, 60, 3);
INSERT INTO `vote_user` VALUES(646, 60, 7);
INSERT INTO `vote_user` VALUES(647, 60, 15);
INSERT INTO `vote_user` VALUES(648, 60, 10);
INSERT INTO `vote_user` VALUES(649, 60, 4);
INSERT INTO `vote_user` VALUES(650, 61, 11);
INSERT INTO `vote_user` VALUES(651, 61, 1);
INSERT INTO `vote_user` VALUES(652, 61, 12);
INSERT INTO `vote_user` VALUES(653, 61, 8);
INSERT INTO `vote_user` VALUES(654, 61, 3);
INSERT INTO `vote_user` VALUES(655, 61, 16);
INSERT INTO `vote_user` VALUES(656, 61, 9);
INSERT INTO `vote_user` VALUES(657, 61, 14);
INSERT INTO `vote_user` VALUES(658, 61, 15);
INSERT INTO `vote_user` VALUES(659, 61, 10);
INSERT INTO `vote_user` VALUES(660, 61, 7);
INSERT INTO `vote_user` VALUES(661, 61, 4);
INSERT INTO `vote_user` VALUES(662, 62, 11);
INSERT INTO `vote_user` VALUES(663, 62, 12);
INSERT INTO `vote_user` VALUES(664, 62, 1);
INSERT INTO `vote_user` VALUES(665, 63, 1);
INSERT INTO `vote_user` VALUES(666, 63, 10);
INSERT INTO `vote_user` VALUES(667, 63, 13);
INSERT INTO `vote_user` VALUES(668, 63, 14);
INSERT INTO `vote_user` VALUES(669, 63, 8);
INSERT INTO `vote_user` VALUES(670, 63, 16);
INSERT INTO `vote_user` VALUES(671, 63, 15);
INSERT INTO `vote_user` VALUES(672, 63, 5);
INSERT INTO `vote_user` VALUES(673, 63, 7);
INSERT INTO `vote_user` VALUES(674, 64, 10);
INSERT INTO `vote_user` VALUES(675, 64, 16);
INSERT INTO `vote_user` VALUES(676, 64, 1);
INSERT INTO `vote_user` VALUES(677, 64, 7);
INSERT INTO `vote_user` VALUES(678, 64, 8);
INSERT INTO `vote_user` VALUES(679, 64, 14);
INSERT INTO `vote_user` VALUES(680, 64, 5);
INSERT INTO `vote_user` VALUES(681, 64, 13);
INSERT INTO `vote_user` VALUES(682, 64, 15);
INSERT INTO `vote_user` VALUES(683, 65, 1);
INSERT INTO `vote_user` VALUES(684, 65, 10);
INSERT INTO `vote_user` VALUES(685, 65, 7);
INSERT INTO `vote_user` VALUES(686, 65, 8);
INSERT INTO `vote_user` VALUES(687, 65, 15);
INSERT INTO `vote_user` VALUES(688, 65, 13);
INSERT INTO `vote_user` VALUES(689, 65, 14);
INSERT INTO `vote_user` VALUES(690, 65, 16);
INSERT INTO `vote_user` VALUES(691, 65, 5);
INSERT INTO `vote_user` VALUES(692, 66, 7);
INSERT INTO `vote_user` VALUES(693, 66, 10);
INSERT INTO `vote_user` VALUES(694, 66, 5);
INSERT INTO `vote_user` VALUES(695, 66, 1);
INSERT INTO `vote_user` VALUES(696, 66, 15);
INSERT INTO `vote_user` VALUES(697, 66, 8);
INSERT INTO `vote_user` VALUES(698, 66, 14);
INSERT INTO `vote_user` VALUES(699, 66, 13);
INSERT INTO `vote_user` VALUES(700, 66, 16);
INSERT INTO `vote_user` VALUES(701, 67, 16);
INSERT INTO `vote_user` VALUES(702, 67, 10);
INSERT INTO `vote_user` VALUES(703, 67, 1);
INSERT INTO `vote_user` VALUES(704, 67, 13);
INSERT INTO `vote_user` VALUES(705, 67, 5);
INSERT INTO `vote_user` VALUES(706, 67, 8);
INSERT INTO `vote_user` VALUES(707, 67, 15);
INSERT INTO `vote_user` VALUES(708, 67, 7);
INSERT INTO `vote_user` VALUES(709, 67, 14);
INSERT INTO `vote_user` VALUES(710, 68, 16);
INSERT INTO `vote_user` VALUES(711, 68, 8);
INSERT INTO `vote_user` VALUES(712, 68, 10);
INSERT INTO `vote_user` VALUES(713, 68, 14);
INSERT INTO `vote_user` VALUES(714, 68, 13);
INSERT INTO `vote_user` VALUES(715, 68, 7);
INSERT INTO `vote_user` VALUES(716, 68, 15);
INSERT INTO `vote_user` VALUES(717, 68, 1);
INSERT INTO `vote_user` VALUES(718, 68, 5);
INSERT INTO `vote_user` VALUES(719, 69, 10);
INSERT INTO `vote_user` VALUES(720, 69, 16);
INSERT INTO `vote_user` VALUES(721, 69, 13);
INSERT INTO `vote_user` VALUES(722, 69, 5);
INSERT INTO `vote_user` VALUES(723, 69, 8);
INSERT INTO `vote_user` VALUES(724, 69, 1);
INSERT INTO `vote_user` VALUES(725, 69, 14);
INSERT INTO `vote_user` VALUES(726, 69, 11);
INSERT INTO `vote_user` VALUES(727, 69, 7);
INSERT INTO `vote_user` VALUES(728, 69, 15);
INSERT INTO `vote_user` VALUES(729, 70, 14);
INSERT INTO `vote_user` VALUES(730, 70, 13);
INSERT INTO `vote_user` VALUES(731, 71, 16);
INSERT INTO `vote_user` VALUES(732, 71, 13);
INSERT INTO `vote_user` VALUES(733, 71, 5);
INSERT INTO `vote_user` VALUES(734, 71, 8);
INSERT INTO `vote_user` VALUES(735, 71, 10);
INSERT INTO `vote_user` VALUES(736, 71, 7);
INSERT INTO `vote_user` VALUES(737, 71, 1);
INSERT INTO `vote_user` VALUES(738, 71, 11);
INSERT INTO `vote_user` VALUES(739, 71, 14);
INSERT INTO `vote_user` VALUES(740, 71, 15);
INSERT INTO `vote_user` VALUES(741, 72, 5);
INSERT INTO `vote_user` VALUES(742, 72, 1);
INSERT INTO `vote_user` VALUES(743, 72, 13);
INSERT INTO `vote_user` VALUES(744, 72, 16);
INSERT INTO `vote_user` VALUES(745, 72, 7);
INSERT INTO `vote_user` VALUES(746, 72, 14);
INSERT INTO `vote_user` VALUES(747, 72, 8);
INSERT INTO `vote_user` VALUES(748, 72, 10);
INSERT INTO `vote_user` VALUES(749, 72, 11);
INSERT INTO `vote_user` VALUES(750, 72, 15);
INSERT INTO `vote_user` VALUES(751, 73, 11);
INSERT INTO `vote_user` VALUES(752, 73, 16);
INSERT INTO `vote_user` VALUES(753, 73, 1);
INSERT INTO `vote_user` VALUES(754, 73, 10);
INSERT INTO `vote_user` VALUES(755, 73, 8);
INSERT INTO `vote_user` VALUES(756, 73, 5);
INSERT INTO `vote_user` VALUES(757, 73, 14);
INSERT INTO `vote_user` VALUES(758, 73, 15);
INSERT INTO `vote_user` VALUES(759, 73, 7);
INSERT INTO `vote_user` VALUES(760, 73, 13);
INSERT INTO `vote_user` VALUES(761, 74, 16);
INSERT INTO `vote_user` VALUES(762, 74, 11);
INSERT INTO `vote_user` VALUES(763, 74, 13);
INSERT INTO `vote_user` VALUES(764, 74, 1);
INSERT INTO `vote_user` VALUES(765, 74, 8);
INSERT INTO `vote_user` VALUES(766, 74, 5);
INSERT INTO `vote_user` VALUES(767, 74, 15);
INSERT INTO `vote_user` VALUES(768, 74, 10);
INSERT INTO `vote_user` VALUES(769, 74, 14);
INSERT INTO `vote_user` VALUES(770, 74, 7);
INSERT INTO `vote_user` VALUES(771, 75, 16);
INSERT INTO `vote_user` VALUES(772, 75, 8);
INSERT INTO `vote_user` VALUES(773, 75, 7);
INSERT INTO `vote_user` VALUES(774, 75, 1);
INSERT INTO `vote_user` VALUES(775, 75, 15);
INSERT INTO `vote_user` VALUES(776, 75, 11);
INSERT INTO `vote_user` VALUES(777, 75, 5);
INSERT INTO `vote_user` VALUES(778, 75, 13);
INSERT INTO `vote_user` VALUES(779, 75, 10);
INSERT INTO `vote_user` VALUES(780, 75, 14);
INSERT INTO `vote_user` VALUES(781, 76, 16);
INSERT INTO `vote_user` VALUES(782, 76, 13);
INSERT INTO `vote_user` VALUES(783, 76, 11);
INSERT INTO `vote_user` VALUES(784, 76, 1);
INSERT INTO `vote_user` VALUES(785, 76, 15);
INSERT INTO `vote_user` VALUES(786, 76, 8);
INSERT INTO `vote_user` VALUES(787, 76, 14);
INSERT INTO `vote_user` VALUES(788, 76, 7);
INSERT INTO `vote_user` VALUES(789, 76, 10);
INSERT INTO `vote_user` VALUES(790, 76, 5);
INSERT INTO `vote_user` VALUES(791, 77, 1);
INSERT INTO `vote_user` VALUES(792, 77, 11);
INSERT INTO `vote_user` VALUES(793, 77, 16);
INSERT INTO `vote_user` VALUES(794, 77, 10);
INSERT INTO `vote_user` VALUES(795, 77, 7);
INSERT INTO `vote_user` VALUES(796, 77, 8);
INSERT INTO `vote_user` VALUES(797, 77, 13);
INSERT INTO `vote_user` VALUES(798, 77, 5);
INSERT INTO `vote_user` VALUES(799, 77, 14);
INSERT INTO `vote_user` VALUES(800, 77, 15);
INSERT INTO `vote_user` VALUES(801, 78, 10);
INSERT INTO `vote_user` VALUES(802, 78, 16);
INSERT INTO `vote_user` VALUES(803, 78, 1);
INSERT INTO `vote_user` VALUES(804, 78, 7);
INSERT INTO `vote_user` VALUES(805, 78, 8);
INSERT INTO `vote_user` VALUES(806, 78, 13);
INSERT INTO `vote_user` VALUES(807, 78, 15);
INSERT INTO `vote_user` VALUES(808, 78, 11);
INSERT INTO `vote_user` VALUES(809, 78, 14);
INSERT INTO `vote_user` VALUES(810, 78, 5);
INSERT INTO `vote_user` VALUES(811, 79, 10);
INSERT INTO `vote_user` VALUES(812, 79, 16);
INSERT INTO `vote_user` VALUES(813, 79, 13);
INSERT INTO `vote_user` VALUES(814, 79, 8);
INSERT INTO `vote_user` VALUES(815, 79, 1);
INSERT INTO `vote_user` VALUES(816, 79, 11);
INSERT INTO `vote_user` VALUES(817, 79, 15);
INSERT INTO `vote_user` VALUES(818, 79, 5);
INSERT INTO `vote_user` VALUES(819, 79, 14);
INSERT INTO `vote_user` VALUES(820, 79, 7);
INSERT INTO `vote_user` VALUES(821, 80, 11);
INSERT INTO `vote_user` VALUES(822, 80, 1);
INSERT INTO `vote_user` VALUES(823, 80, 7);
INSERT INTO `vote_user` VALUES(824, 80, 8);
INSERT INTO `vote_user` VALUES(825, 80, 16);
INSERT INTO `vote_user` VALUES(826, 80, 5);
INSERT INTO `vote_user` VALUES(827, 80, 15);
INSERT INTO `vote_user` VALUES(828, 80, 13);
INSERT INTO `vote_user` VALUES(829, 80, 10);
INSERT INTO `vote_user` VALUES(830, 80, 14);
INSERT INTO `vote_user` VALUES(831, 81, 1);
INSERT INTO `vote_user` VALUES(832, 81, 11);
INSERT INTO `vote_user` VALUES(833, 81, 16);
INSERT INTO `vote_user` VALUES(834, 81, 10);
INSERT INTO `vote_user` VALUES(835, 81, 8);
INSERT INTO `vote_user` VALUES(836, 81, 15);
INSERT INTO `vote_user` VALUES(837, 81, 13);
INSERT INTO `vote_user` VALUES(838, 81, 7);
INSERT INTO `vote_user` VALUES(839, 81, 14);
INSERT INTO `vote_user` VALUES(840, 81, 5);
INSERT INTO `vote_user` VALUES(841, 83, 16);
INSERT INTO `vote_user` VALUES(842, 83, 7);
INSERT INTO `vote_user` VALUES(843, 83, 10);
INSERT INTO `vote_user` VALUES(844, 83, 11);
INSERT INTO `vote_user` VALUES(845, 83, 13);
INSERT INTO `vote_user` VALUES(846, 83, 5);
INSERT INTO `vote_user` VALUES(847, 83, 1);
INSERT INTO `vote_user` VALUES(848, 83, 14);
INSERT INTO `vote_user` VALUES(849, 83, 8);
INSERT INTO `vote_user` VALUES(850, 83, 15);
INSERT INTO `vote_user` VALUES(851, 84, 1);
INSERT INTO `vote_user` VALUES(852, 84, 13);
INSERT INTO `vote_user` VALUES(853, 84, 10);
INSERT INTO `vote_user` VALUES(854, 84, 16);
INSERT INTO `vote_user` VALUES(855, 84, 15);
INSERT INTO `vote_user` VALUES(856, 84, 7);
INSERT INTO `vote_user` VALUES(857, 84, 11);
INSERT INTO `vote_user` VALUES(858, 84, 8);
INSERT INTO `vote_user` VALUES(859, 84, 14);
INSERT INTO `vote_user` VALUES(860, 84, 5);
INSERT INTO `vote_user` VALUES(861, 85, 1);
INSERT INTO `vote_user` VALUES(862, 85, 7);
INSERT INTO `vote_user` VALUES(863, 85, 10);
INSERT INTO `vote_user` VALUES(864, 85, 16);
INSERT INTO `vote_user` VALUES(865, 85, 8);
INSERT INTO `vote_user` VALUES(866, 85, 11);
INSERT INTO `vote_user` VALUES(867, 85, 13);
INSERT INTO `vote_user` VALUES(868, 85, 14);
INSERT INTO `vote_user` VALUES(869, 85, 5);
INSERT INTO `vote_user` VALUES(870, 85, 15);
INSERT INTO `vote_user` VALUES(871, 86, 7);
INSERT INTO `vote_user` VALUES(872, 86, 8);
INSERT INTO `vote_user` VALUES(873, 86, 13);
INSERT INTO `vote_user` VALUES(874, 86, 15);
INSERT INTO `vote_user` VALUES(875, 86, 10);
INSERT INTO `vote_user` VALUES(876, 86, 5);
INSERT INTO `vote_user` VALUES(877, 86, 16);
INSERT INTO `vote_user` VALUES(878, 86, 14);
INSERT INTO `vote_user` VALUES(879, 86, 1);
INSERT INTO `vote_user` VALUES(880, 86, 11);
INSERT INTO `vote_user` VALUES(881, 87, 1);
INSERT INTO `vote_user` VALUES(882, 87, 16);
INSERT INTO `vote_user` VALUES(883, 87, 13);
INSERT INTO `vote_user` VALUES(884, 87, 15);
INSERT INTO `vote_user` VALUES(885, 87, 11);
INSERT INTO `vote_user` VALUES(886, 87, 8);
INSERT INTO `vote_user` VALUES(887, 87, 14);
INSERT INTO `vote_user` VALUES(888, 87, 5);
INSERT INTO `vote_user` VALUES(889, 87, 10);
INSERT INTO `vote_user` VALUES(890, 87, 7);
INSERT INTO `vote_user` VALUES(891, 88, 13);
INSERT INTO `vote_user` VALUES(892, 88, 16);
INSERT INTO `vote_user` VALUES(893, 88, 10);
INSERT INTO `vote_user` VALUES(894, 88, 1);
INSERT INTO `vote_user` VALUES(895, 88, 15);
INSERT INTO `vote_user` VALUES(896, 88, 14);
INSERT INTO `vote_user` VALUES(897, 88, 7);
INSERT INTO `vote_user` VALUES(898, 88, 5);
INSERT INTO `vote_user` VALUES(899, 88, 11);
INSERT INTO `vote_user` VALUES(900, 88, 8);
INSERT INTO `vote_user` VALUES(901, 89, 16);
INSERT INTO `vote_user` VALUES(902, 89, 5);
INSERT INTO `vote_user` VALUES(903, 89, 8);
INSERT INTO `vote_user` VALUES(904, 89, 11);
INSERT INTO `vote_user` VALUES(905, 89, 1);
INSERT INTO `vote_user` VALUES(906, 89, 10);
INSERT INTO `vote_user` VALUES(907, 89, 7);
INSERT INTO `vote_user` VALUES(908, 89, 14);
INSERT INTO `vote_user` VALUES(909, 89, 13);
INSERT INTO `vote_user` VALUES(910, 89, 15);
INSERT INTO `vote_user` VALUES(911, 90, 7);
INSERT INTO `vote_user` VALUES(912, 90, 16);
INSERT INTO `vote_user` VALUES(913, 90, 10);
INSERT INTO `vote_user` VALUES(914, 90, 1);
INSERT INTO `vote_user` VALUES(915, 90, 8);
INSERT INTO `vote_user` VALUES(916, 90, 15);
INSERT INTO `vote_user` VALUES(917, 90, 11);
INSERT INTO `vote_user` VALUES(918, 90, 5);
INSERT INTO `vote_user` VALUES(919, 90, 13);
INSERT INTO `vote_user` VALUES(920, 90, 14);
INSERT INTO `vote_user` VALUES(921, 91, 7);
INSERT INTO `vote_user` VALUES(922, 91, 1);
INSERT INTO `vote_user` VALUES(923, 91, 8);
INSERT INTO `vote_user` VALUES(924, 91, 14);
INSERT INTO `vote_user` VALUES(925, 91, 5);
INSERT INTO `vote_user` VALUES(926, 91, 16);
INSERT INTO `vote_user` VALUES(927, 91, 10);
INSERT INTO `vote_user` VALUES(928, 91, 15);
INSERT INTO `vote_user` VALUES(929, 91, 11);
INSERT INTO `vote_user` VALUES(930, 91, 13);
INSERT INTO `vote_user` VALUES(931, 92, 1);
INSERT INTO `vote_user` VALUES(932, 92, 5);
INSERT INTO `vote_user` VALUES(933, 92, 16);
INSERT INTO `vote_user` VALUES(934, 92, 8);
INSERT INTO `vote_user` VALUES(935, 92, 11);
INSERT INTO `vote_user` VALUES(936, 92, 13);
INSERT INTO `vote_user` VALUES(937, 92, 14);
INSERT INTO `vote_user` VALUES(938, 92, 7);
INSERT INTO `vote_user` VALUES(939, 92, 10);
INSERT INTO `vote_user` VALUES(940, 92, 15);
INSERT INTO `vote_user` VALUES(941, 93, 10);
INSERT INTO `vote_user` VALUES(942, 93, 11);
INSERT INTO `vote_user` VALUES(943, 93, 13);
INSERT INTO `vote_user` VALUES(944, 93, 16);
INSERT INTO `vote_user` VALUES(945, 93, 15);
INSERT INTO `vote_user` VALUES(946, 93, 1);
INSERT INTO `vote_user` VALUES(947, 93, 8);
INSERT INTO `vote_user` VALUES(948, 93, 14);
INSERT INTO `vote_user` VALUES(949, 93, 5);
INSERT INTO `vote_user` VALUES(950, 93, 7);
INSERT INTO `vote_user` VALUES(951, 94, 5);
INSERT INTO `vote_user` VALUES(952, 94, 1);
INSERT INTO `vote_user` VALUES(953, 94, 13);
INSERT INTO `vote_user` VALUES(954, 94, 16);
INSERT INTO `vote_user` VALUES(955, 94, 11);
INSERT INTO `vote_user` VALUES(956, 94, 10);
INSERT INTO `vote_user` VALUES(957, 94, 7);
INSERT INTO `vote_user` VALUES(958, 94, 14);
INSERT INTO `vote_user` VALUES(959, 94, 15);
INSERT INTO `vote_user` VALUES(960, 94, 8);
INSERT INTO `vote_user` VALUES(961, 95, 8);
INSERT INTO `vote_user` VALUES(962, 95, 11);
INSERT INTO `vote_user` VALUES(963, 95, 10);
INSERT INTO `vote_user` VALUES(964, 95, 13);
INSERT INTO `vote_user` VALUES(965, 95, 16);
INSERT INTO `vote_user` VALUES(966, 95, 1);
INSERT INTO `vote_user` VALUES(967, 95, 7);
INSERT INTO `vote_user` VALUES(968, 95, 14);
INSERT INTO `vote_user` VALUES(969, 95, 15);
INSERT INTO `vote_user` VALUES(970, 95, 5);
INSERT INTO `vote_user` VALUES(971, 96, 5);
INSERT INTO `vote_user` VALUES(972, 96, 13);
INSERT INTO `vote_user` VALUES(973, 96, 16);
INSERT INTO `vote_user` VALUES(974, 96, 7);
INSERT INTO `vote_user` VALUES(975, 96, 14);
INSERT INTO `vote_user` VALUES(976, 96, 11);
INSERT INTO `vote_user` VALUES(977, 96, 8);
INSERT INTO `vote_user` VALUES(978, 96, 1);
INSERT INTO `vote_user` VALUES(979, 96, 10);
INSERT INTO `vote_user` VALUES(980, 96, 15);
INSERT INTO `vote_user` VALUES(981, 97, 1);
INSERT INTO `vote_user` VALUES(982, 97, 10);
INSERT INTO `vote_user` VALUES(983, 97, 13);
INSERT INTO `vote_user` VALUES(984, 97, 14);
INSERT INTO `vote_user` VALUES(985, 97, 15);
INSERT INTO `vote_user` VALUES(986, 97, 8);
INSERT INTO `vote_user` VALUES(987, 97, 5);
INSERT INTO `vote_user` VALUES(988, 97, 16);
INSERT INTO `vote_user` VALUES(989, 97, 7);
INSERT INTO `vote_user` VALUES(990, 97, 11);
INSERT INTO `vote_user` VALUES(991, 98, 11);
INSERT INTO `vote_user` VALUES(992, 98, 1);
INSERT INTO `vote_user` VALUES(993, 98, 14);
INSERT INTO `vote_user` VALUES(994, 98, 15);
INSERT INTO `vote_user` VALUES(995, 98, 13);
INSERT INTO `vote_user` VALUES(996, 98, 8);
INSERT INTO `vote_user` VALUES(997, 98, 16);
INSERT INTO `vote_user` VALUES(998, 98, 7);
INSERT INTO `vote_user` VALUES(999, 98, 10);
INSERT INTO `vote_user` VALUES(1000, 98, 5);
INSERT INTO `vote_user` VALUES(1001, 99, 14);
INSERT INTO `vote_user` VALUES(1002, 100, 16);
INSERT INTO `vote_user` VALUES(1003, 100, 11);
INSERT INTO `vote_user` VALUES(1004, 100, 1);
INSERT INTO `vote_user` VALUES(1005, 100, 8);
INSERT INTO `vote_user` VALUES(1006, 100, 10);
INSERT INTO `vote_user` VALUES(1007, 100, 14);
INSERT INTO `vote_user` VALUES(1008, 100, 13);
INSERT INTO `vote_user` VALUES(1009, 100, 7);
INSERT INTO `vote_user` VALUES(1010, 100, 15);
INSERT INTO `vote_user` VALUES(1011, 100, 5);
INSERT INTO `vote_user` VALUES(1012, 102, 17);
INSERT INTO `vote_user` VALUES(1013, 104, 17);
INSERT INTO `vote_user` VALUES(1014, 105, 17);
INSERT INTO `vote_user` VALUES(1015, 106, 17);
INSERT INTO `vote_user` VALUES(1016, 107, 17);
INSERT INTO `vote_user` VALUES(1017, 108, 17);
INSERT INTO `vote_user` VALUES(1018, 108, 13);
INSERT INTO `vote_user` VALUES(1019, 108, 8);
INSERT INTO `vote_user` VALUES(1020, 108, 15);
INSERT INTO `vote_user` VALUES(1021, 108, 5);
INSERT INTO `vote_user` VALUES(1022, 110, 17);
INSERT INTO `vote_user` VALUES(1023, 110, 10);
INSERT INTO `vote_user` VALUES(1024, 110, 7);
INSERT INTO `vote_user` VALUES(1025, 110, 13);
INSERT INTO `vote_user` VALUES(1026, 110, 8);
INSERT INTO `vote_user` VALUES(1027, 110, 11);
INSERT INTO `vote_user` VALUES(1028, 115, 13);
INSERT INTO `vote_user` VALUES(1029, 115, 1);
INSERT INTO `vote_user` VALUES(1030, 115, 11);
INSERT INTO `vote_user` VALUES(1031, 115, 10);
INSERT INTO `vote_user` VALUES(1032, 115, 17);
INSERT INTO `vote_user` VALUES(1033, 115, 8);
INSERT INTO `vote_user` VALUES(1034, 115, 7);
INSERT INTO `vote_user` VALUES(1035, 115, 15);
INSERT INTO `vote_user` VALUES(1036, 115, 16);
INSERT INTO `vote_user` VALUES(1037, 116, 11);
INSERT INTO `vote_user` VALUES(1038, 116, 13);
INSERT INTO `vote_user` VALUES(1039, 116, 7);
INSERT INTO `vote_user` VALUES(1040, 116, 17);
INSERT INTO `vote_user` VALUES(1041, 116, 8);
INSERT INTO `vote_user` VALUES(1042, 116, 16);
INSERT INTO `vote_user` VALUES(1043, 116, 15);
INSERT INTO `vote_user` VALUES(1044, 116, 10);
INSERT INTO `vote_user` VALUES(1045, 116, 1);
INSERT INTO `vote_user` VALUES(1046, 117, 13);
INSERT INTO `vote_user` VALUES(1047, 117, 11);
INSERT INTO `vote_user` VALUES(1048, 117, 7);
INSERT INTO `vote_user` VALUES(1049, 117, 1);
INSERT INTO `vote_user` VALUES(1050, 117, 10);
INSERT INTO `vote_user` VALUES(1051, 117, 8);
INSERT INTO `vote_user` VALUES(1052, 117, 16);
INSERT INTO `vote_user` VALUES(1053, 117, 15);
INSERT INTO `vote_user` VALUES(1054, 117, 17);
INSERT INTO `vote_user` VALUES(1055, 118, 7);
INSERT INTO `vote_user` VALUES(1056, 118, 17);
INSERT INTO `vote_user` VALUES(1057, 118, 11);
INSERT INTO `vote_user` VALUES(1058, 118, 10);
INSERT INTO `vote_user` VALUES(1059, 118, 1);
INSERT INTO `vote_user` VALUES(1060, 118, 15);
INSERT INTO `vote_user` VALUES(1061, 118, 13);
INSERT INTO `vote_user` VALUES(1062, 118, 8);
INSERT INTO `vote_user` VALUES(1063, 118, 16);
INSERT INTO `vote_user` VALUES(1064, 119, 7);
INSERT INTO `vote_user` VALUES(1065, 119, 11);
INSERT INTO `vote_user` VALUES(1066, 119, 10);
INSERT INTO `vote_user` VALUES(1067, 119, 13);
INSERT INTO `vote_user` VALUES(1068, 119, 8);
INSERT INTO `vote_user` VALUES(1069, 119, 1);
INSERT INTO `vote_user` VALUES(1070, 119, 15);
INSERT INTO `vote_user` VALUES(1071, 119, 16);
INSERT INTO `vote_user` VALUES(1072, 119, 17);
INSERT INTO `vote_user` VALUES(1073, 120, 1);
INSERT INTO `vote_user` VALUES(1074, 120, 10);
INSERT INTO `vote_user` VALUES(1075, 120, 11);
INSERT INTO `vote_user` VALUES(1076, 120, 13);
INSERT INTO `vote_user` VALUES(1077, 120, 7);
INSERT INTO `vote_user` VALUES(1078, 120, 8);
INSERT INTO `vote_user` VALUES(1079, 120, 16);
INSERT INTO `vote_user` VALUES(1080, 120, 17);
INSERT INTO `vote_user` VALUES(1081, 120, 15);
INSERT INTO `vote_user` VALUES(1082, 121, 10);
INSERT INTO `vote_user` VALUES(1083, 121, 13);
INSERT INTO `vote_user` VALUES(1084, 121, 1);
INSERT INTO `vote_user` VALUES(1085, 121, 11);
INSERT INTO `vote_user` VALUES(1086, 121, 17);
INSERT INTO `vote_user` VALUES(1087, 121, 16);
INSERT INTO `vote_user` VALUES(1088, 121, 15);
INSERT INTO `vote_user` VALUES(1089, 121, 8);
INSERT INTO `vote_user` VALUES(1090, 121, 7);
INSERT INTO `vote_user` VALUES(1091, 122, 1);
INSERT INTO `vote_user` VALUES(1092, 122, 13);
INSERT INTO `vote_user` VALUES(1093, 122, 11);
INSERT INTO `vote_user` VALUES(1094, 122, 8);
INSERT INTO `vote_user` VALUES(1095, 122, 15);
INSERT INTO `vote_user` VALUES(1096, 122, 10);
INSERT INTO `vote_user` VALUES(1097, 122, 7);
INSERT INTO `vote_user` VALUES(1098, 122, 17);
INSERT INTO `vote_user` VALUES(1099, 122, 16);
INSERT INTO `vote_user` VALUES(1100, 123, 1);
INSERT INTO `vote_user` VALUES(1101, 123, 11);
INSERT INTO `vote_user` VALUES(1102, 123, 8);
INSERT INTO `vote_user` VALUES(1103, 123, 13);
INSERT INTO `vote_user` VALUES(1104, 123, 15);
INSERT INTO `vote_user` VALUES(1105, 123, 10);
INSERT INTO `vote_user` VALUES(1106, 123, 7);
INSERT INTO `vote_user` VALUES(1107, 123, 16);
INSERT INTO `vote_user` VALUES(1108, 123, 17);
INSERT INTO `vote_user` VALUES(1109, 124, 10);
INSERT INTO `vote_user` VALUES(1110, 124, 1);
INSERT INTO `vote_user` VALUES(1111, 124, 11);
INSERT INTO `vote_user` VALUES(1112, 124, 15);
INSERT INTO `vote_user` VALUES(1113, 124, 7);
INSERT INTO `vote_user` VALUES(1114, 124, 13);
INSERT INTO `vote_user` VALUES(1115, 124, 8);
INSERT INTO `vote_user` VALUES(1116, 124, 17);
INSERT INTO `vote_user` VALUES(1117, 124, 16);
INSERT INTO `vote_user` VALUES(1118, 125, 10);
INSERT INTO `vote_user` VALUES(1119, 125, 11);
INSERT INTO `vote_user` VALUES(1120, 125, 1);
INSERT INTO `vote_user` VALUES(1121, 125, 8);
INSERT INTO `vote_user` VALUES(1122, 125, 16);
INSERT INTO `vote_user` VALUES(1123, 125, 13);
INSERT INTO `vote_user` VALUES(1124, 125, 7);
INSERT INTO `vote_user` VALUES(1125, 125, 17);
INSERT INTO `vote_user` VALUES(1126, 125, 15);
INSERT INTO `vote_user` VALUES(1127, 126, 8);
INSERT INTO `vote_user` VALUES(1128, 126, 11);
INSERT INTO `vote_user` VALUES(1129, 126, 1);
INSERT INTO `vote_user` VALUES(1130, 126, 16);
INSERT INTO `vote_user` VALUES(1131, 126, 13);
INSERT INTO `vote_user` VALUES(1132, 126, 15);
INSERT INTO `vote_user` VALUES(1133, 126, 17);
INSERT INTO `vote_user` VALUES(1134, 126, 10);
INSERT INTO `vote_user` VALUES(1135, 126, 7);
INSERT INTO `vote_user` VALUES(1136, 127, 1);
INSERT INTO `vote_user` VALUES(1137, 127, 13);
INSERT INTO `vote_user` VALUES(1138, 127, 11);
INSERT INTO `vote_user` VALUES(1139, 127, 10);
INSERT INTO `vote_user` VALUES(1140, 127, 7);
INSERT INTO `vote_user` VALUES(1141, 127, 16);
INSERT INTO `vote_user` VALUES(1142, 127, 17);
INSERT INTO `vote_user` VALUES(1143, 127, 8);
INSERT INTO `vote_user` VALUES(1144, 127, 15);
INSERT INTO `vote_user` VALUES(1145, 130, 11);
INSERT INTO `vote_user` VALUES(1146, 130, 1);
INSERT INTO `vote_user` VALUES(1147, 130, 13);
INSERT INTO `vote_user` VALUES(1148, 130, 10);
INSERT INTO `vote_user` VALUES(1149, 130, 17);
INSERT INTO `vote_user` VALUES(1150, 130, 15);
INSERT INTO `vote_user` VALUES(1151, 130, 7);
INSERT INTO `vote_user` VALUES(1152, 130, 8);
INSERT INTO `vote_user` VALUES(1153, 130, 16);

-- --------------------------------------------------------

--
-- Table structure for table `voucher`
--

CREATE TABLE `voucher` (
  `voucher_id` int(11) NOT NULL AUTO_INCREMENT,
  `order_id` int(11) NOT NULL,
  `code` varchar(10) NOT NULL,
  `from_name` varchar(64) NOT NULL,
  `from_email` varchar(96) NOT NULL,
  `to_name` varchar(64) NOT NULL,
  `to_email` varchar(96) NOT NULL,
  `voucher_theme_id` int(11) NOT NULL,
  `message` text NOT NULL,
  `amount` decimal(15,4) NOT NULL,
  `status` tinyint(1) NOT NULL,
  `date_added` datetime NOT NULL,
  PRIMARY KEY (`voucher_id`)
) ENGINE=MyISAM DEFAULT CHARSET=utf8 AUTO_INCREMENT=1 ;

--
-- Dumping data for table `voucher`
--


-- --------------------------------------------------------

--
-- Table structure for table `voucher_history`
--

CREATE TABLE `voucher_history` (
  `voucher_history_id` int(11) NOT NULL AUTO_INCREMENT,
  `voucher_id` int(11) NOT NULL,
  `order_id` int(11) NOT NULL,
  `amount` decimal(15,4) NOT NULL,
  `date_added` datetime NOT NULL,
  PRIMARY KEY (`voucher_history_id`)
) ENGINE=MyISAM DEFAULT CHARSET=utf8 AUTO_INCREMENT=1 ;

--
-- Dumping data for table `voucher_history`
--


-- --------------------------------------------------------

--
-- Table structure for table `voucher_theme`
--

CREATE TABLE `voucher_theme` (
  `voucher_theme_id` int(11) NOT NULL AUTO_INCREMENT,
  `image` varchar(255) NOT NULL,
  PRIMARY KEY (`voucher_theme_id`)
) ENGINE=MyISAM  DEFAULT CHARSET=utf8 AUTO_INCREMENT=9 ;

--
-- Dumping data for table `voucher_theme`
--

INSERT INTO `voucher_theme` VALUES(8, 'catalog/demo/canon_eos_5d_2.jpg');
INSERT INTO `voucher_theme` VALUES(7, 'catalog/demo/gift-voucher-birthday.jpg');
INSERT INTO `voucher_theme` VALUES(6, 'catalog/demo/apple_logo.jpg');

-- --------------------------------------------------------

--
-- Table structure for table `voucher_theme_description`
--

CREATE TABLE `voucher_theme_description` (
  `voucher_theme_id` int(11) NOT NULL,
  `language_id` int(11) NOT NULL,
  `name` varchar(32) NOT NULL,
  PRIMARY KEY (`voucher_theme_id`,`language_id`)
) ENGINE=MyISAM DEFAULT CHARSET=utf8;

--
-- Dumping data for table `voucher_theme_description`
--

INSERT INTO `voucher_theme_description` VALUES(6, 1, 'Christmas');
INSERT INTO `voucher_theme_description` VALUES(7, 1, 'Birthday');
INSERT INTO `voucher_theme_description` VALUES(8, 1, 'General');

-- --------------------------------------------------------

--
-- Table structure for table `weight_class`
--

CREATE TABLE `weight_class` (
  `weight_class_id` int(11) NOT NULL AUTO_INCREMENT,
  `value` decimal(15,8) NOT NULL DEFAULT '0.00000000',
  PRIMARY KEY (`weight_class_id`)
) ENGINE=MyISAM  DEFAULT CHARSET=utf8 AUTO_INCREMENT=7 ;

--
-- Dumping data for table `weight_class`
--

INSERT INTO `weight_class` VALUES(1, 1.00000000);
INSERT INTO `weight_class` VALUES(2, 1000.00000000);
INSERT INTO `weight_class` VALUES(5, 2.20460000);
INSERT INTO `weight_class` VALUES(6, 35.27400000);

-- --------------------------------------------------------

--
-- Table structure for table `weight_class_description`
--

CREATE TABLE `weight_class_description` (
  `weight_class_id` int(11) NOT NULL,
  `language_id` int(11) NOT NULL,
  `title` varchar(32) NOT NULL,
  `unit` varchar(4) NOT NULL,
  PRIMARY KEY (`weight_class_id`,`language_id`)
) ENGINE=MyISAM DEFAULT CHARSET=utf8;

--
-- Dumping data for table `weight_class_description`
--

INSERT INTO `weight_class_description` VALUES(1, 1, 'Kilogram', 'kg');
INSERT INTO `weight_class_description` VALUES(2, 1, 'Gram', 'g');
INSERT INTO `weight_class_description` VALUES(5, 1, 'Pound ', 'lb');
INSERT INTO `weight_class_description` VALUES(6, 1, 'Ounce', 'oz');

-- --------------------------------------------------------

--
-- Table structure for table `zone`
--

CREATE TABLE `zone` (
  `zone_id` int(11) NOT NULL AUTO_INCREMENT,
  `country_id` int(11) NOT NULL,
  `name` varchar(128) NOT NULL,
  `code` varchar(32) NOT NULL,
  `status` tinyint(1) NOT NULL DEFAULT '1',
  PRIMARY KEY (`zone_id`)
) ENGINE=MyISAM  DEFAULT CHARSET=utf8 AUTO_INCREMENT=4236 ;

--
-- Dumping data for table `zone`
--

INSERT INTO `zone` VALUES(1, 1, 'Badakhshan', 'BDS', 1);
INSERT INTO `zone` VALUES(2, 1, 'Badghis', 'BDG', 1);
INSERT INTO `zone` VALUES(3, 1, 'Baghlan', 'BGL', 1);
INSERT INTO `zone` VALUES(4, 1, 'Balkh', 'BAL', 1);
INSERT INTO `zone` VALUES(5, 1, 'Bamian', 'BAM', 1);
INSERT INTO `zone` VALUES(6, 1, 'Farah', 'FRA', 1);
INSERT INTO `zone` VALUES(7, 1, 'Faryab', 'FYB', 1);
INSERT INTO `zone` VALUES(8, 1, 'Ghazni', 'GHA', 1);
INSERT INTO `zone` VALUES(9, 1, 'Ghowr', 'GHO', 1);
INSERT INTO `zone` VALUES(10, 1, 'Helmand', 'HEL', 1);
INSERT INTO `zone` VALUES(11, 1, 'Herat', 'HER', 1);
INSERT INTO `zone` VALUES(12, 1, 'Jowzjan', 'JOW', 1);
INSERT INTO `zone` VALUES(13, 1, 'Kabul', 'KAB', 1);
INSERT INTO `zone` VALUES(14, 1, 'Kandahar', 'KAN', 1);
INSERT INTO `zone` VALUES(15, 1, 'Kapisa', 'KAP', 1);
INSERT INTO `zone` VALUES(16, 1, 'Khost', 'KHO', 1);
INSERT INTO `zone` VALUES(17, 1, 'Konar', 'KNR', 1);
INSERT INTO `zone` VALUES(18, 1, 'Kondoz', 'KDZ', 1);
INSERT INTO `zone` VALUES(19, 1, 'Laghman', 'LAG', 1);
INSERT INTO `zone` VALUES(20, 1, 'Lowgar', 'LOW', 1);
INSERT INTO `zone` VALUES(21, 1, 'Nangrahar', 'NAN', 1);
INSERT INTO `zone` VALUES(22, 1, 'Nimruz', 'NIM', 1);
INSERT INTO `zone` VALUES(23, 1, 'Nurestan', 'NUR', 1);
INSERT INTO `zone` VALUES(24, 1, 'Oruzgan', 'ORU', 1);
INSERT INTO `zone` VALUES(25, 1, 'Paktia', 'PIA', 1);
INSERT INTO `zone` VALUES(26, 1, 'Paktika', 'PKA', 1);
INSERT INTO `zone` VALUES(27, 1, 'Parwan', 'PAR', 1);
INSERT INTO `zone` VALUES(28, 1, 'Samangan', 'SAM', 1);
INSERT INTO `zone` VALUES(29, 1, 'Sar-e Pol', 'SAR', 1);
INSERT INTO `zone` VALUES(30, 1, 'Takhar', 'TAK', 1);
INSERT INTO `zone` VALUES(31, 1, 'Wardak', 'WAR', 1);
INSERT INTO `zone` VALUES(32, 1, 'Zabol', 'ZAB', 1);
INSERT INTO `zone` VALUES(33, 2, 'Berat', 'BR', 1);
INSERT INTO `zone` VALUES(34, 2, 'Bulqize', 'BU', 1);
INSERT INTO `zone` VALUES(35, 2, 'Delvine', 'DL', 1);
INSERT INTO `zone` VALUES(36, 2, 'Devoll', 'DV', 1);
INSERT INTO `zone` VALUES(37, 2, 'Diber', 'DI', 1);
INSERT INTO `zone` VALUES(38, 2, 'Durres', 'DR', 1);
INSERT INTO `zone` VALUES(39, 2, 'Elbasan', 'EL', 1);
INSERT INTO `zone` VALUES(40, 2, 'Kolonje', 'ER', 1);
INSERT INTO `zone` VALUES(41, 2, 'Fier', 'FR', 1);
INSERT INTO `zone` VALUES(42, 2, 'Gjirokaster', 'GJ', 1);
INSERT INTO `zone` VALUES(43, 2, 'Gramsh', 'GR', 1);
INSERT INTO `zone` VALUES(44, 2, 'Has', 'HA', 1);
INSERT INTO `zone` VALUES(45, 2, 'Kavaje', 'KA', 1);
INSERT INTO `zone` VALUES(46, 2, 'Kurbin', 'KB', 1);
INSERT INTO `zone` VALUES(47, 2, 'Kucove', 'KC', 1);
INSERT INTO `zone` VALUES(48, 2, 'Korce', 'KO', 1);
INSERT INTO `zone` VALUES(49, 2, 'Kruje', 'KR', 1);
INSERT INTO `zone` VALUES(50, 2, 'Kukes', 'KU', 1);
INSERT INTO `zone` VALUES(51, 2, 'Librazhd', 'LB', 1);
INSERT INTO `zone` VALUES(52, 2, 'Lezhe', 'LE', 1);
INSERT INTO `zone` VALUES(53, 2, 'Lushnje', 'LU', 1);
INSERT INTO `zone` VALUES(54, 2, 'Malesi e Madhe', 'MM', 1);
INSERT INTO `zone` VALUES(55, 2, 'Mallakaster', 'MK', 1);
INSERT INTO `zone` VALUES(56, 2, 'Mat', 'MT', 1);
INSERT INTO `zone` VALUES(57, 2, 'Mirdite', 'MR', 1);
INSERT INTO `zone` VALUES(58, 2, 'Peqin', 'PQ', 1);
INSERT INTO `zone` VALUES(59, 2, 'Permet', 'PR', 1);
INSERT INTO `zone` VALUES(60, 2, 'Pogradec', 'PG', 1);
INSERT INTO `zone` VALUES(61, 2, 'Puke', 'PU', 1);
INSERT INTO `zone` VALUES(62, 2, 'Shkoder', 'SH', 1);
INSERT INTO `zone` VALUES(63, 2, 'Skrapar', 'SK', 1);
INSERT INTO `zone` VALUES(64, 2, 'Sarande', 'SR', 1);
INSERT INTO `zone` VALUES(65, 2, 'Tepelene', 'TE', 1);
INSERT INTO `zone` VALUES(66, 2, 'Tropoje', 'TP', 1);
INSERT INTO `zone` VALUES(67, 2, 'Tirane', 'TR', 1);
INSERT INTO `zone` VALUES(68, 2, 'Vlore', 'VL', 1);
INSERT INTO `zone` VALUES(69, 3, 'Adrar', 'ADR', 1);
INSERT INTO `zone` VALUES(70, 3, 'Ain Defla', 'ADE', 1);
INSERT INTO `zone` VALUES(71, 3, 'Ain Temouchent', 'ATE', 1);
INSERT INTO `zone` VALUES(72, 3, 'Alger', 'ALG', 1);
INSERT INTO `zone` VALUES(73, 3, 'Annaba', 'ANN', 1);
INSERT INTO `zone` VALUES(74, 3, 'Batna', 'BAT', 1);
INSERT INTO `zone` VALUES(75, 3, 'Bechar', 'BEC', 1);
INSERT INTO `zone` VALUES(76, 3, 'Bejaia', 'BEJ', 1);
INSERT INTO `zone` VALUES(77, 3, 'Biskra', 'BIS', 1);
INSERT INTO `zone` VALUES(78, 3, 'Blida', 'BLI', 1);
INSERT INTO `zone` VALUES(79, 3, 'Bordj Bou Arreridj', 'BBA', 1);
INSERT INTO `zone` VALUES(80, 3, 'Bouira', 'BOA', 1);
INSERT INTO `zone` VALUES(81, 3, 'Boumerdes', 'BMD', 1);
INSERT INTO `zone` VALUES(82, 3, 'Chlef', 'CHL', 1);
INSERT INTO `zone` VALUES(83, 3, 'Constantine', 'CON', 1);
INSERT INTO `zone` VALUES(84, 3, 'Djelfa', 'DJE', 1);
INSERT INTO `zone` VALUES(85, 3, 'El Bayadh', 'EBA', 1);
INSERT INTO `zone` VALUES(86, 3, 'El Oued', 'EOU', 1);
INSERT INTO `zone` VALUES(87, 3, 'El Tarf', 'ETA', 1);
INSERT INTO `zone` VALUES(88, 3, 'Ghardaia', 'GHA', 1);
INSERT INTO `zone` VALUES(89, 3, 'Guelma', 'GUE', 1);
INSERT INTO `zone` VALUES(90, 3, 'Illizi', 'ILL', 1);
INSERT INTO `zone` VALUES(91, 3, 'Jijel', 'JIJ', 1);
INSERT INTO `zone` VALUES(92, 3, 'Khenchela', 'KHE', 1);
INSERT INTO `zone` VALUES(93, 3, 'Laghouat', 'LAG', 1);
INSERT INTO `zone` VALUES(94, 3, 'Muaskar', 'MUA', 1);
INSERT INTO `zone` VALUES(95, 3, 'Medea', 'MED', 1);
INSERT INTO `zone` VALUES(96, 3, 'Mila', 'MIL', 1);
INSERT INTO `zone` VALUES(97, 3, 'Mostaganem', 'MOS', 1);
INSERT INTO `zone` VALUES(98, 3, 'M''Sila', 'MSI', 1);
INSERT INTO `zone` VALUES(99, 3, 'Naama', 'NAA', 1);
INSERT INTO `zone` VALUES(100, 3, 'Oran', 'ORA', 1);
INSERT INTO `zone` VALUES(101, 3, 'Ouargla', 'OUA', 1);
INSERT INTO `zone` VALUES(102, 3, 'Oum el-Bouaghi', 'OEB', 1);
INSERT INTO `zone` VALUES(103, 3, 'Relizane', 'REL', 1);
INSERT INTO `zone` VALUES(104, 3, 'Saida', 'SAI', 1);
INSERT INTO `zone` VALUES(105, 3, 'Setif', 'SET', 1);
INSERT INTO `zone` VALUES(106, 3, 'Sidi Bel Abbes', 'SBA', 1);
INSERT INTO `zone` VALUES(107, 3, 'Skikda', 'SKI', 1);
INSERT INTO `zone` VALUES(108, 3, 'Souk Ahras', 'SAH', 1);
INSERT INTO `zone` VALUES(109, 3, 'Tamanghasset', 'TAM', 1);
INSERT INTO `zone` VALUES(110, 3, 'Tebessa', 'TEB', 1);
INSERT INTO `zone` VALUES(111, 3, 'Tiaret', 'TIA', 1);
INSERT INTO `zone` VALUES(112, 3, 'Tindouf', 'TIN', 1);
INSERT INTO `zone` VALUES(113, 3, 'Tipaza', 'TIP', 1);
INSERT INTO `zone` VALUES(114, 3, 'Tissemsilt', 'TIS', 1);
INSERT INTO `zone` VALUES(115, 3, 'Tizi Ouzou', 'TOU', 1);
INSERT INTO `zone` VALUES(116, 3, 'Tlemcen', 'TLE', 1);
INSERT INTO `zone` VALUES(117, 4, 'Eastern', 'E', 1);
INSERT INTO `zone` VALUES(118, 4, 'Manu''a', 'M', 1);
INSERT INTO `zone` VALUES(119, 4, 'Rose Island', 'R', 1);
INSERT INTO `zone` VALUES(120, 4, 'Swains Island', 'S', 1);
INSERT INTO `zone` VALUES(121, 4, 'Western', 'W', 1);
INSERT INTO `zone` VALUES(122, 5, 'Andorra la Vella', 'ALV', 1);
INSERT INTO `zone` VALUES(123, 5, 'Canillo', 'CAN', 1);
INSERT INTO `zone` VALUES(124, 5, 'Encamp', 'ENC', 1);
INSERT INTO `zone` VALUES(125, 5, 'Escaldes-Engordany', 'ESE', 1);
INSERT INTO `zone` VALUES(126, 5, 'La Massana', 'LMA', 1);
INSERT INTO `zone` VALUES(127, 5, 'Ordino', 'ORD', 1);
INSERT INTO `zone` VALUES(128, 5, 'Sant Julia de Loria', 'SJL', 1);
INSERT INTO `zone` VALUES(129, 6, 'Bengo', 'BGO', 1);
INSERT INTO `zone` VALUES(130, 6, 'Benguela', 'BGU', 1);
INSERT INTO `zone` VALUES(131, 6, 'Bie', 'BIE', 1);
INSERT INTO `zone` VALUES(132, 6, 'Cabinda', 'CAB', 1);
INSERT INTO `zone` VALUES(133, 6, 'Cuando-Cubango', 'CCU', 1);
INSERT INTO `zone` VALUES(134, 6, 'Cuanza Norte', 'CNO', 1);
INSERT INTO `zone` VALUES(135, 6, 'Cuanza Sul', 'CUS', 1);
INSERT INTO `zone` VALUES(136, 6, 'Cunene', 'CNN', 1);
INSERT INTO `zone` VALUES(137, 6, 'Huambo', 'HUA', 1);
INSERT INTO `zone` VALUES(138, 6, 'Huila', 'HUI', 1);
INSERT INTO `zone` VALUES(139, 6, 'Luanda', 'LUA', 1);
INSERT INTO `zone` VALUES(140, 6, 'Lunda Norte', 'LNO', 1);
INSERT INTO `zone` VALUES(141, 6, 'Lunda Sul', 'LSU', 1);
INSERT INTO `zone` VALUES(142, 6, 'Malange', 'MAL', 1);
INSERT INTO `zone` VALUES(143, 6, 'Moxico', 'MOX', 1);
INSERT INTO `zone` VALUES(144, 6, 'Namibe', 'NAM', 1);
INSERT INTO `zone` VALUES(145, 6, 'Uige', 'UIG', 1);
INSERT INTO `zone` VALUES(146, 6, 'Zaire', 'ZAI', 1);
INSERT INTO `zone` VALUES(147, 9, 'Saint George', 'ASG', 1);
INSERT INTO `zone` VALUES(148, 9, 'Saint John', 'ASJ', 1);
INSERT INTO `zone` VALUES(149, 9, 'Saint Mary', 'ASM', 1);
INSERT INTO `zone` VALUES(150, 9, 'Saint Paul', 'ASL', 1);
INSERT INTO `zone` VALUES(151, 9, 'Saint Peter', 'ASR', 1);
INSERT INTO `zone` VALUES(152, 9, 'Saint Philip', 'ASH', 1);
INSERT INTO `zone` VALUES(153, 9, 'Barbuda', 'BAR', 1);
INSERT INTO `zone` VALUES(154, 9, 'Redonda', 'RED', 1);
INSERT INTO `zone` VALUES(155, 10, 'Antartida e Islas del Atlantico', 'AN', 1);
INSERT INTO `zone` VALUES(156, 10, 'Buenos Aires', 'BA', 1);
INSERT INTO `zone` VALUES(157, 10, 'Catamarca', 'CA', 1);
INSERT INTO `zone` VALUES(158, 10, 'Chaco', 'CH', 1);
INSERT INTO `zone` VALUES(159, 10, 'Chubut', 'CU', 1);
INSERT INTO `zone` VALUES(160, 10, 'Cordoba', 'CO', 1);
INSERT INTO `zone` VALUES(161, 10, 'Corrientes', 'CR', 1);
INSERT INTO `zone` VALUES(162, 10, 'Distrito Federal', 'DF', 1);
INSERT INTO `zone` VALUES(163, 10, 'Entre Rios', 'ER', 1);
INSERT INTO `zone` VALUES(164, 10, 'Formosa', 'FO', 1);
INSERT INTO `zone` VALUES(165, 10, 'Jujuy', 'JU', 1);
INSERT INTO `zone` VALUES(166, 10, 'La Pampa', 'LP', 1);
INSERT INTO `zone` VALUES(167, 10, 'La Rioja', 'LR', 1);
INSERT INTO `zone` VALUES(168, 10, 'Mendoza', 'ME', 1);
INSERT INTO `zone` VALUES(169, 10, 'Misiones', 'MI', 1);
INSERT INTO `zone` VALUES(170, 10, 'Neuquen', 'NE', 1);
INSERT INTO `zone` VALUES(171, 10, 'Rio Negro', 'RN', 1);
INSERT INTO `zone` VALUES(172, 10, 'Salta', 'SA', 1);
INSERT INTO `zone` VALUES(173, 10, 'San Juan', 'SJ', 1);
INSERT INTO `zone` VALUES(174, 10, 'San Luis', 'SL', 1);
INSERT INTO `zone` VALUES(175, 10, 'Santa Cruz', 'SC', 1);
INSERT INTO `zone` VALUES(176, 10, 'Santa Fe', 'SF', 1);
INSERT INTO `zone` VALUES(177, 10, 'Santiago del Estero', 'SD', 1);
INSERT INTO `zone` VALUES(178, 10, 'Tierra del Fuego', 'TF', 1);
INSERT INTO `zone` VALUES(179, 10, 'Tucuman', 'TU', 1);
INSERT INTO `zone` VALUES(180, 11, 'Aragatsotn', 'AGT', 1);
INSERT INTO `zone` VALUES(181, 11, 'Ararat', 'ARR', 1);
INSERT INTO `zone` VALUES(182, 11, 'Armavir', 'ARM', 1);
INSERT INTO `zone` VALUES(183, 11, 'Geghark''unik''', 'GEG', 1);
INSERT INTO `zone` VALUES(184, 11, 'Kotayk''', 'KOT', 1);
INSERT INTO `zone` VALUES(185, 11, 'Lorri', 'LOR', 1);
INSERT INTO `zone` VALUES(186, 11, 'Shirak', 'SHI', 1);
INSERT INTO `zone` VALUES(187, 11, 'Syunik''', 'SYU', 1);
INSERT INTO `zone` VALUES(188, 11, 'Tavush', 'TAV', 1);
INSERT INTO `zone` VALUES(189, 11, 'Vayots'' Dzor', 'VAY', 1);
INSERT INTO `zone` VALUES(190, 11, 'Yerevan', 'YER', 1);
INSERT INTO `zone` VALUES(191, 13, 'Australian Capital Territory', 'ACT', 1);
INSERT INTO `zone` VALUES(192, 13, 'New South Wales', 'NSW', 1);
INSERT INTO `zone` VALUES(193, 13, 'Northern Territory', 'NT', 1);
INSERT INTO `zone` VALUES(194, 13, 'Queensland', 'QLD', 1);
INSERT INTO `zone` VALUES(195, 13, 'South Australia', 'SA', 1);
INSERT INTO `zone` VALUES(196, 13, 'Tasmania', 'TAS', 1);
INSERT INTO `zone` VALUES(197, 13, 'Victoria', 'VIC', 1);
INSERT INTO `zone` VALUES(198, 13, 'Western Australia', 'WA', 1);
INSERT INTO `zone` VALUES(199, 14, 'Burgenland', 'BUR', 1);
INSERT INTO `zone` VALUES(200, 14, 'Krnten', 'KAR', 1);
INSERT INTO `zone` VALUES(201, 14, 'Niedersterreich', 'NOS', 1);
INSERT INTO `zone` VALUES(202, 14, 'Obersterreich', 'OOS', 1);
INSERT INTO `zone` VALUES(203, 14, 'Salzburg', 'SAL', 1);
INSERT INTO `zone` VALUES(204, 14, 'Steiermark', 'STE', 1);
INSERT INTO `zone` VALUES(205, 14, 'Tirol', 'TIR', 1);
INSERT INTO `zone` VALUES(206, 14, 'Vorarlberg', 'VOR', 1);
INSERT INTO `zone` VALUES(207, 14, 'Wien', 'WIE', 1);
INSERT INTO `zone` VALUES(208, 15, 'Ali Bayramli', 'AB', 1);
INSERT INTO `zone` VALUES(209, 15, 'Abseron', 'ABS', 1);
INSERT INTO `zone` VALUES(210, 15, 'AgcabAdi', 'AGC', 1);
INSERT INTO `zone` VALUES(211, 15, 'Agdam', 'AGM', 1);
INSERT INTO `zone` VALUES(212, 15, 'Agdas', 'AGS', 1);
INSERT INTO `zone` VALUES(213, 15, 'Agstafa', 'AGA', 1);
INSERT INTO `zone` VALUES(214, 15, 'Agsu', 'AGU', 1);
INSERT INTO `zone` VALUES(215, 15, 'Astara', 'AST', 1);
INSERT INTO `zone` VALUES(216, 15, 'Baki', 'BA', 1);
INSERT INTO `zone` VALUES(217, 15, 'BabAk', 'BAB', 1);
INSERT INTO `zone` VALUES(218, 15, 'BalakAn', 'BAL', 1);
INSERT INTO `zone` VALUES(219, 15, 'BArdA', 'BAR', 1);
INSERT INTO `zone` VALUES(220, 15, 'Beylaqan', 'BEY', 1);
INSERT INTO `zone` VALUES(221, 15, 'Bilasuvar', 'BIL', 1);
INSERT INTO `zone` VALUES(222, 15, 'Cabrayil', 'CAB', 1);
INSERT INTO `zone` VALUES(223, 15, 'Calilabab', 'CAL', 1);
INSERT INTO `zone` VALUES(224, 15, 'Culfa', 'CUL', 1);
INSERT INTO `zone` VALUES(225, 15, 'Daskasan', 'DAS', 1);
INSERT INTO `zone` VALUES(226, 15, 'Davaci', 'DAV', 1);
INSERT INTO `zone` VALUES(227, 15, 'Fuzuli', 'FUZ', 1);
INSERT INTO `zone` VALUES(228, 15, 'Ganca', 'GA', 1);
INSERT INTO `zone` VALUES(229, 15, 'Gadabay', 'GAD', 1);
INSERT INTO `zone` VALUES(230, 15, 'Goranboy', 'GOR', 1);
INSERT INTO `zone` VALUES(231, 15, 'Goycay', 'GOY', 1);
INSERT INTO `zone` VALUES(232, 15, 'Haciqabul', 'HAC', 1);
INSERT INTO `zone` VALUES(233, 15, 'Imisli', 'IMI', 1);
INSERT INTO `zone` VALUES(234, 15, 'Ismayilli', 'ISM', 1);
INSERT INTO `zone` VALUES(235, 15, 'Kalbacar', 'KAL', 1);
INSERT INTO `zone` VALUES(236, 15, 'Kurdamir', 'KUR', 1);
INSERT INTO `zone` VALUES(237, 15, 'Lankaran', 'LA', 1);
INSERT INTO `zone` VALUES(238, 15, 'Lacin', 'LAC', 1);
INSERT INTO `zone` VALUES(239, 15, 'Lankaran', 'LAN', 1);
INSERT INTO `zone` VALUES(240, 15, 'Lerik', 'LER', 1);
INSERT INTO `zone` VALUES(241, 15, 'Masalli', 'MAS', 1);
INSERT INTO `zone` VALUES(242, 15, 'Mingacevir', 'MI', 1);
INSERT INTO `zone` VALUES(243, 15, 'Naftalan', 'NA', 1);
INSERT INTO `zone` VALUES(244, 15, 'Neftcala', 'NEF', 1);
INSERT INTO `zone` VALUES(245, 15, 'Oguz', 'OGU', 1);
INSERT INTO `zone` VALUES(246, 15, 'Ordubad', 'ORD', 1);
INSERT INTO `zone` VALUES(247, 15, 'Qabala', 'QAB', 1);
INSERT INTO `zone` VALUES(248, 15, 'Qax', 'QAX', 1);
INSERT INTO `zone` VALUES(249, 15, 'Qazax', 'QAZ', 1);
INSERT INTO `zone` VALUES(250, 15, 'Qobustan', 'QOB', 1);
INSERT INTO `zone` VALUES(251, 15, 'Quba', 'QBA', 1);
INSERT INTO `zone` VALUES(252, 15, 'Qubadli', 'QBI', 1);
INSERT INTO `zone` VALUES(253, 15, 'Qusar', 'QUS', 1);
INSERT INTO `zone` VALUES(254, 15, 'Saki', 'SA', 1);
INSERT INTO `zone` VALUES(255, 15, 'Saatli', 'SAT', 1);
INSERT INTO `zone` VALUES(256, 15, 'Sabirabad', 'SAB', 1);
INSERT INTO `zone` VALUES(257, 15, 'Sadarak', 'SAD', 1);
INSERT INTO `zone` VALUES(258, 15, 'Sahbuz', 'SAH', 1);
INSERT INTO `zone` VALUES(259, 15, 'Saki', 'SAK', 1);
INSERT INTO `zone` VALUES(260, 15, 'Salyan', 'SAL', 1);
INSERT INTO `zone` VALUES(261, 15, 'Sumqayit', 'SM', 1);
INSERT INTO `zone` VALUES(262, 15, 'Samaxi', 'SMI', 1);
INSERT INTO `zone` VALUES(263, 15, 'Samkir', 'SKR', 1);
INSERT INTO `zone` VALUES(264, 15, 'Samux', 'SMX', 1);
INSERT INTO `zone` VALUES(265, 15, 'Sarur', 'SAR', 1);
INSERT INTO `zone` VALUES(266, 15, 'Siyazan', 'SIY', 1);
INSERT INTO `zone` VALUES(267, 15, 'Susa', 'SS', 1);
INSERT INTO `zone` VALUES(268, 15, 'Susa', 'SUS', 1);
INSERT INTO `zone` VALUES(269, 15, 'Tartar', 'TAR', 1);
INSERT INTO `zone` VALUES(270, 15, 'Tovuz', 'TOV', 1);
INSERT INTO `zone` VALUES(271, 15, 'Ucar', 'UCA', 1);
INSERT INTO `zone` VALUES(272, 15, 'Xankandi', 'XA', 1);
INSERT INTO `zone` VALUES(273, 15, 'Xacmaz', 'XAC', 1);
INSERT INTO `zone` VALUES(274, 15, 'Xanlar', 'XAN', 1);
INSERT INTO `zone` VALUES(275, 15, 'Xizi', 'XIZ', 1);
INSERT INTO `zone` VALUES(276, 15, 'Xocali', 'XCI', 1);
INSERT INTO `zone` VALUES(277, 15, 'Xocavand', 'XVD', 1);
INSERT INTO `zone` VALUES(278, 15, 'Yardimli', 'YAR', 1);
INSERT INTO `zone` VALUES(279, 15, 'Yevlax', 'YEV', 1);
INSERT INTO `zone` VALUES(280, 15, 'Zangilan', 'ZAN', 1);
INSERT INTO `zone` VALUES(281, 15, 'Zaqatala', 'ZAQ', 1);
INSERT INTO `zone` VALUES(282, 15, 'Zardab', 'ZAR', 1);
INSERT INTO `zone` VALUES(283, 15, 'Naxcivan', 'NX', 1);
INSERT INTO `zone` VALUES(284, 16, 'Acklins', 'ACK', 1);
INSERT INTO `zone` VALUES(285, 16, 'Berry Islands', 'BER', 1);
INSERT INTO `zone` VALUES(286, 16, 'Bimini', 'BIM', 1);
INSERT INTO `zone` VALUES(287, 16, 'Black Point', 'BLK', 1);
INSERT INTO `zone` VALUES(288, 16, 'Cat Island', 'CAT', 1);
INSERT INTO `zone` VALUES(289, 16, 'Central Abaco', 'CAB', 1);
INSERT INTO `zone` VALUES(290, 16, 'Central Andros', 'CAN', 1);
INSERT INTO `zone` VALUES(291, 16, 'Central Eleuthera', 'CEL', 1);
INSERT INTO `zone` VALUES(292, 16, 'City of Freeport', 'FRE', 1);
INSERT INTO `zone` VALUES(293, 16, 'Crooked Island', 'CRO', 1);
INSERT INTO `zone` VALUES(294, 16, 'East Grand Bahama', 'EGB', 1);
INSERT INTO `zone` VALUES(295, 16, 'Exuma', 'EXU', 1);
INSERT INTO `zone` VALUES(296, 16, 'Grand Cay', 'GRD', 1);
INSERT INTO `zone` VALUES(297, 16, 'Harbour Island', 'HAR', 1);
INSERT INTO `zone` VALUES(298, 16, 'Hope Town', 'HOP', 1);
INSERT INTO `zone` VALUES(299, 16, 'Inagua', 'INA', 1);
INSERT INTO `zone` VALUES(300, 16, 'Long Island', 'LNG', 1);
INSERT INTO `zone` VALUES(301, 16, 'Mangrove Cay', 'MAN', 1);
INSERT INTO `zone` VALUES(302, 16, 'Mayaguana', 'MAY', 1);
INSERT INTO `zone` VALUES(303, 16, 'Moore''s Island', 'MOO', 1);
INSERT INTO `zone` VALUES(304, 16, 'North Abaco', 'NAB', 1);
INSERT INTO `zone` VALUES(305, 16, 'North Andros', 'NAN', 1);
INSERT INTO `zone` VALUES(306, 16, 'North Eleuthera', 'NEL', 1);
INSERT INTO `zone` VALUES(307, 16, 'Ragged Island', 'RAG', 1);
INSERT INTO `zone` VALUES(308, 16, 'Rum Cay', 'RUM', 1);
INSERT INTO `zone` VALUES(309, 16, 'San Salvador', 'SAL', 1);
INSERT INTO `zone` VALUES(310, 16, 'South Abaco', 'SAB', 1);
INSERT INTO `zone` VALUES(311, 16, 'South Andros', 'SAN', 1);
INSERT INTO `zone` VALUES(312, 16, 'South Eleuthera', 'SEL', 1);
INSERT INTO `zone` VALUES(313, 16, 'Spanish Wells', 'SWE', 1);
INSERT INTO `zone` VALUES(314, 16, 'West Grand Bahama', 'WGB', 1);
INSERT INTO `zone` VALUES(315, 17, 'Capital', 'CAP', 1);
INSERT INTO `zone` VALUES(316, 17, 'Central', 'CEN', 1);
INSERT INTO `zone` VALUES(317, 17, 'Muharraq', 'MUH', 1);
INSERT INTO `zone` VALUES(318, 17, 'Northern', 'NOR', 1);
INSERT INTO `zone` VALUES(319, 17, 'Southern', 'SOU', 1);
INSERT INTO `zone` VALUES(320, 18, 'Barisal', 'BAR', 1);
INSERT INTO `zone` VALUES(321, 18, 'Chittagong', 'CHI', 1);
INSERT INTO `zone` VALUES(322, 18, 'Dhaka', 'DHA', 1);
INSERT INTO `zone` VALUES(323, 18, 'Khulna', 'KHU', 1);
INSERT INTO `zone` VALUES(324, 18, 'Rajshahi', 'RAJ', 1);
INSERT INTO `zone` VALUES(325, 18, 'Sylhet', 'SYL', 1);
INSERT INTO `zone` VALUES(326, 19, 'Christ Church', 'CC', 1);
INSERT INTO `zone` VALUES(327, 19, 'Saint Andrew', 'AND', 1);
INSERT INTO `zone` VALUES(328, 19, 'Saint George', 'GEO', 1);
INSERT INTO `zone` VALUES(329, 19, 'Saint James', 'JAM', 1);
INSERT INTO `zone` VALUES(330, 19, 'Saint John', 'JOH', 1);
INSERT INTO `zone` VALUES(331, 19, 'Saint Joseph', 'JOS', 1);
INSERT INTO `zone` VALUES(332, 19, 'Saint Lucy', 'LUC', 1);
INSERT INTO `zone` VALUES(333, 19, 'Saint Michael', 'MIC', 1);
INSERT INTO `zone` VALUES(334, 19, 'Saint Peter', 'PET', 1);
INSERT INTO `zone` VALUES(335, 19, 'Saint Philip', 'PHI', 1);
INSERT INTO `zone` VALUES(336, 19, 'Saint Thomas', 'THO', 1);
INSERT INTO `zone` VALUES(337, 20, 'Brestskaya (Brest)', 'BR', 1);
INSERT INTO `zone` VALUES(338, 20, 'Homyel''skaya (Homyel'')', 'HO', 1);
INSERT INTO `zone` VALUES(339, 20, 'Horad Minsk', 'HM', 1);
INSERT INTO `zone` VALUES(340, 20, 'Hrodzyenskaya (Hrodna)', 'HR', 1);
INSERT INTO `zone` VALUES(341, 20, 'Mahilyowskaya (Mahilyow)', 'MA', 1);
INSERT INTO `zone` VALUES(342, 20, 'Minskaya', 'MI', 1);
INSERT INTO `zone` VALUES(343, 20, 'Vitsyebskaya (Vitsyebsk)', 'VI', 1);
INSERT INTO `zone` VALUES(344, 21, 'Antwerpen', 'VAN', 1);
INSERT INTO `zone` VALUES(345, 21, 'Brabant Wallon', 'WBR', 1);
INSERT INTO `zone` VALUES(346, 21, 'Hainaut', 'WHT', 1);
INSERT INTO `zone` VALUES(347, 21, 'Lige', 'WLG', 1);
INSERT INTO `zone` VALUES(348, 21, 'Limburg', 'VLI', 1);
INSERT INTO `zone` VALUES(349, 21, 'Luxembourg', 'WLX', 1);
INSERT INTO `zone` VALUES(350, 21, 'Namur', 'WNA', 1);
INSERT INTO `zone` VALUES(351, 21, 'Oost-Vlaanderen', 'VOV', 1);
INSERT INTO `zone` VALUES(352, 21, 'Vlaams Brabant', 'VBR', 1);
INSERT INTO `zone` VALUES(353, 21, 'West-Vlaanderen', 'VWV', 1);
INSERT INTO `zone` VALUES(354, 22, 'Belize', 'BZ', 1);
INSERT INTO `zone` VALUES(355, 22, 'Cayo', 'CY', 1);
INSERT INTO `zone` VALUES(356, 22, 'Corozal', 'CR', 1);
INSERT INTO `zone` VALUES(357, 22, 'Orange Walk', 'OW', 1);
INSERT INTO `zone` VALUES(358, 22, 'Stann Creek', 'SC', 1);
INSERT INTO `zone` VALUES(359, 22, 'Toledo', 'TO', 1);
INSERT INTO `zone` VALUES(360, 23, 'Alibori', 'AL', 1);
INSERT INTO `zone` VALUES(361, 23, 'Atakora', 'AK', 1);
INSERT INTO `zone` VALUES(362, 23, 'Atlantique', 'AQ', 1);
INSERT INTO `zone` VALUES(363, 23, 'Borgou', 'BO', 1);
INSERT INTO `zone` VALUES(364, 23, 'Collines', 'CO', 1);
INSERT INTO `zone` VALUES(365, 23, 'Donga', 'DO', 1);
INSERT INTO `zone` VALUES(366, 23, 'Kouffo', 'KO', 1);
INSERT INTO `zone` VALUES(367, 23, 'Littoral', 'LI', 1);
INSERT INTO `zone` VALUES(368, 23, 'Mono', 'MO', 1);
INSERT INTO `zone` VALUES(369, 23, 'Oueme', 'OU', 1);
INSERT INTO `zone` VALUES(370, 23, 'Plateau', 'PL', 1);
INSERT INTO `zone` VALUES(371, 23, 'Zou', 'ZO', 1);
INSERT INTO `zone` VALUES(372, 24, 'Devonshire', 'DS', 1);
INSERT INTO `zone` VALUES(373, 24, 'Hamilton City', 'HC', 1);
INSERT INTO `zone` VALUES(374, 24, 'Hamilton', 'HA', 1);
INSERT INTO `zone` VALUES(375, 24, 'Paget', 'PG', 1);
INSERT INTO `zone` VALUES(376, 24, 'Pembroke', 'PB', 1);
INSERT INTO `zone` VALUES(377, 24, 'Saint George City', 'GC', 1);
INSERT INTO `zone` VALUES(378, 24, 'Saint George''s', 'SG', 1);
INSERT INTO `zone` VALUES(379, 24, 'Sandys', 'SA', 1);
INSERT INTO `zone` VALUES(380, 24, 'Smith''s', 'SM', 1);
INSERT INTO `zone` VALUES(381, 24, 'Southampton', 'SH', 1);
INSERT INTO `zone` VALUES(382, 24, 'Warwick', 'WA', 1);
INSERT INTO `zone` VALUES(383, 25, 'Bumthang', 'BUM', 1);
INSERT INTO `zone` VALUES(384, 25, 'Chukha', 'CHU', 1);
INSERT INTO `zone` VALUES(385, 25, 'Dagana', 'DAG', 1);
INSERT INTO `zone` VALUES(386, 25, 'Gasa', 'GAS', 1);
INSERT INTO `zone` VALUES(387, 25, 'Haa', 'HAA', 1);
INSERT INTO `zone` VALUES(388, 25, 'Lhuntse', 'LHU', 1);
INSERT INTO `zone` VALUES(389, 25, 'Mongar', 'MON', 1);
INSERT INTO `zone` VALUES(390, 25, 'Paro', 'PAR', 1);
INSERT INTO `zone` VALUES(391, 25, 'Pemagatshel', 'PEM', 1);
INSERT INTO `zone` VALUES(392, 25, 'Punakha', 'PUN', 1);
INSERT INTO `zone` VALUES(393, 25, 'Samdrup Jongkhar', 'SJO', 1);
INSERT INTO `zone` VALUES(394, 25, 'Samtse', 'SAT', 1);
INSERT INTO `zone` VALUES(395, 25, 'Sarpang', 'SAR', 1);
INSERT INTO `zone` VALUES(396, 25, 'Thimphu', 'THI', 1);
INSERT INTO `zone` VALUES(397, 25, 'Trashigang', 'TRG', 1);
INSERT INTO `zone` VALUES(398, 25, 'Trashiyangste', 'TRY', 1);
INSERT INTO `zone` VALUES(399, 25, 'Trongsa', 'TRO', 1);
INSERT INTO `zone` VALUES(400, 25, 'Tsirang', 'TSI', 1);
INSERT INTO `zone` VALUES(401, 25, 'Wangdue Phodrang', 'WPH', 1);
INSERT INTO `zone` VALUES(402, 25, 'Zhemgang', 'ZHE', 1);
INSERT INTO `zone` VALUES(403, 26, 'Beni', 'BEN', 1);
INSERT INTO `zone` VALUES(404, 26, 'Chuquisaca', 'CHU', 1);
INSERT INTO `zone` VALUES(405, 26, 'Cochabamba', 'COC', 1);
INSERT INTO `zone` VALUES(406, 26, 'La Paz', 'LPZ', 1);
INSERT INTO `zone` VALUES(407, 26, 'Oruro', 'ORU', 1);
INSERT INTO `zone` VALUES(408, 26, 'Pando', 'PAN', 1);
INSERT INTO `zone` VALUES(409, 26, 'Potosi', 'POT', 1);
INSERT INTO `zone` VALUES(410, 26, 'Santa Cruz', 'SCZ', 1);
INSERT INTO `zone` VALUES(411, 26, 'Tarija', 'TAR', 1);
INSERT INTO `zone` VALUES(412, 27, 'Brcko district', 'BRO', 1);
INSERT INTO `zone` VALUES(413, 27, 'Unsko-Sanski Kanton', 'FUS', 1);
INSERT INTO `zone` VALUES(414, 27, 'Posavski Kanton', 'FPO', 1);
INSERT INTO `zone` VALUES(415, 27, 'Tuzlanski Kanton', 'FTU', 1);
INSERT INTO `zone` VALUES(416, 27, 'Zenicko-Dobojski Kanton', 'FZE', 1);
INSERT INTO `zone` VALUES(417, 27, 'Bosanskopodrinjski Kanton', 'FBP', 1);
INSERT INTO `zone` VALUES(418, 27, 'Srednjebosanski Kanton', 'FSB', 1);
INSERT INTO `zone` VALUES(419, 27, 'Hercegovacko-neretvanski Kanton', 'FHN', 1);
INSERT INTO `zone` VALUES(420, 27, 'Zapadnohercegovacka Zupanija', 'FZH', 1);
INSERT INTO `zone` VALUES(421, 27, 'Kanton Sarajevo', 'FSA', 1);
INSERT INTO `zone` VALUES(422, 27, 'Zapadnobosanska', 'FZA', 1);
INSERT INTO `zone` VALUES(423, 27, 'Banja Luka', 'SBL', 1);
INSERT INTO `zone` VALUES(424, 27, 'Doboj', 'SDO', 1);
INSERT INTO `zone` VALUES(425, 27, 'Bijeljina', 'SBI', 1);
INSERT INTO `zone` VALUES(426, 27, 'Vlasenica', 'SVL', 1);
INSERT INTO `zone` VALUES(427, 27, 'Sarajevo-Romanija or Sokolac', 'SSR', 1);
INSERT INTO `zone` VALUES(428, 27, 'Foca', 'SFO', 1);
INSERT INTO `zone` VALUES(429, 27, 'Trebinje', 'STR', 1);
INSERT INTO `zone` VALUES(430, 28, 'Central', 'CE', 1);
INSERT INTO `zone` VALUES(431, 28, 'Ghanzi', 'GH', 1);
INSERT INTO `zone` VALUES(432, 28, 'Kgalagadi', 'KD', 1);
INSERT INTO `zone` VALUES(433, 28, 'Kgatleng', 'KT', 1);
INSERT INTO `zone` VALUES(434, 28, 'Kweneng', 'KW', 1);
INSERT INTO `zone` VALUES(435, 28, 'Ngamiland', 'NG', 1);
INSERT INTO `zone` VALUES(436, 28, 'North East', 'NE', 1);
INSERT INTO `zone` VALUES(437, 28, 'North West', 'NW', 1);
INSERT INTO `zone` VALUES(438, 28, 'South East', 'SE', 1);
INSERT INTO `zone` VALUES(439, 28, 'Southern', 'SO', 1);
INSERT INTO `zone` VALUES(440, 30, 'Acre', 'AC', 1);
INSERT INTO `zone` VALUES(441, 30, 'Alagoas', 'AL', 1);
INSERT INTO `zone` VALUES(442, 30, 'Amap', 'AP', 1);
INSERT INTO `zone` VALUES(443, 30, 'Amazonas', 'AM', 1);
INSERT INTO `zone` VALUES(444, 30, 'Bahia', 'BA', 1);
INSERT INTO `zone` VALUES(445, 30, 'Cear', 'CE', 1);
INSERT INTO `zone` VALUES(446, 30, 'Distrito Federal', 'DF', 1);
INSERT INTO `zone` VALUES(447, 30, 'Esprito Santo', 'ES', 1);
INSERT INTO `zone` VALUES(448, 30, 'Gois', 'GO', 1);
INSERT INTO `zone` VALUES(449, 30, 'Maranho', 'MA', 1);
INSERT INTO `zone` VALUES(450, 30, 'Mato Grosso', 'MT', 1);
INSERT INTO `zone` VALUES(451, 30, 'Mato Grosso do Sul', 'MS', 1);
INSERT INTO `zone` VALUES(452, 30, 'Minas Gerais', 'MG', 1);
INSERT INTO `zone` VALUES(453, 30, 'Par', 'PA', 1);
INSERT INTO `zone` VALUES(454, 30, 'Paraba', 'PB', 1);
INSERT INTO `zone` VALUES(455, 30, 'Paran', 'PR', 1);
INSERT INTO `zone` VALUES(456, 30, 'Pernambuco', 'PE', 1);
INSERT INTO `zone` VALUES(457, 30, 'Piau', 'PI', 1);
INSERT INTO `zone` VALUES(458, 30, 'Rio de Janeiro', 'RJ', 1);
INSERT INTO `zone` VALUES(459, 30, 'Rio Grande do Norte', 'RN', 1);
INSERT INTO `zone` VALUES(460, 30, 'Rio Grande do Sul', 'RS', 1);
INSERT INTO `zone` VALUES(461, 30, 'Rondnia', 'RO', 1);
INSERT INTO `zone` VALUES(462, 30, 'Roraima', 'RR', 1);
INSERT INTO `zone` VALUES(463, 30, 'Santa Catarina', 'SC', 1);
INSERT INTO `zone` VALUES(464, 30, 'So Paulo', 'SP', 1);
INSERT INTO `zone` VALUES(465, 30, 'Sergipe', 'SE', 1);
INSERT INTO `zone` VALUES(466, 30, 'Tocantins', 'TO', 1);
INSERT INTO `zone` VALUES(467, 31, 'Peros Banhos', 'PB', 1);
INSERT INTO `zone` VALUES(468, 31, 'Salomon Islands', 'SI', 1);
INSERT INTO `zone` VALUES(469, 31, 'Nelsons Island', 'NI', 1);
INSERT INTO `zone` VALUES(470, 31, 'Three Brothers', 'TB', 1);
INSERT INTO `zone` VALUES(471, 31, 'Eagle Islands', 'EA', 1);
INSERT INTO `zone` VALUES(472, 31, 'Danger Island', 'DI', 1);
INSERT INTO `zone` VALUES(473, 31, 'Egmont Islands', 'EG', 1);
INSERT INTO `zone` VALUES(474, 31, 'Diego Garcia', 'DG', 1);
INSERT INTO `zone` VALUES(475, 32, 'Belait', 'BEL', 1);
INSERT INTO `zone` VALUES(476, 32, 'Brunei and Muara', 'BRM', 1);
INSERT INTO `zone` VALUES(477, 32, 'Temburong', 'TEM', 1);
INSERT INTO `zone` VALUES(478, 32, 'Tutong', 'TUT', 1);
INSERT INTO `zone` VALUES(479, 33, 'Blagoevgrad', '', 1);
INSERT INTO `zone` VALUES(480, 33, 'Burgas', '', 1);
INSERT INTO `zone` VALUES(481, 33, 'Dobrich', '', 1);
INSERT INTO `zone` VALUES(482, 33, 'Gabrovo', '', 1);
INSERT INTO `zone` VALUES(483, 33, 'Haskovo', '', 1);
INSERT INTO `zone` VALUES(484, 33, 'Kardjali', '', 1);
INSERT INTO `zone` VALUES(485, 33, 'Kyustendil', '', 1);
INSERT INTO `zone` VALUES(486, 33, 'Lovech', '', 1);
INSERT INTO `zone` VALUES(487, 33, 'Montana', '', 1);
INSERT INTO `zone` VALUES(488, 33, 'Pazardjik', '', 1);
INSERT INTO `zone` VALUES(489, 33, 'Pernik', '', 1);
INSERT INTO `zone` VALUES(490, 33, 'Pleven', '', 1);
INSERT INTO `zone` VALUES(491, 33, 'Plovdiv', '', 1);
INSERT INTO `zone` VALUES(492, 33, 'Razgrad', '', 1);
INSERT INTO `zone` VALUES(493, 33, 'Shumen', '', 1);
INSERT INTO `zone` VALUES(494, 33, 'Silistra', '', 1);
INSERT INTO `zone` VALUES(495, 33, 'Sliven', '', 1);
INSERT INTO `zone` VALUES(496, 33, 'Smolyan', '', 1);
INSERT INTO `zone` VALUES(497, 33, 'Sofia', '', 1);
INSERT INTO `zone` VALUES(498, 33, 'Sofia - town', '', 1);
INSERT INTO `zone` VALUES(499, 33, 'Stara Zagora', '', 1);
INSERT INTO `zone` VALUES(500, 33, 'Targovishte', '', 1);
INSERT INTO `zone` VALUES(501, 33, 'Varna', '', 1);
INSERT INTO `zone` VALUES(502, 33, 'Veliko Tarnovo', '', 1);
INSERT INTO `zone` VALUES(503, 33, 'Vidin', '', 1);
INSERT INTO `zone` VALUES(504, 33, 'Vratza', '', 1);
INSERT INTO `zone` VALUES(505, 33, 'Yambol', '', 1);
INSERT INTO `zone` VALUES(506, 34, 'Bale', 'BAL', 1);
INSERT INTO `zone` VALUES(507, 34, 'Bam', 'BAM', 1);
INSERT INTO `zone` VALUES(508, 34, 'Banwa', 'BAN', 1);
INSERT INTO `zone` VALUES(509, 34, 'Bazega', 'BAZ', 1);
INSERT INTO `zone` VALUES(510, 34, 'Bougouriba', 'BOR', 1);
INSERT INTO `zone` VALUES(511, 34, 'Boulgou', 'BLG', 1);
INSERT INTO `zone` VALUES(512, 34, 'Boulkiemde', 'BOK', 1);
INSERT INTO `zone` VALUES(513, 34, 'Comoe', 'COM', 1);
INSERT INTO `zone` VALUES(514, 34, 'Ganzourgou', 'GAN', 1);
INSERT INTO `zone` VALUES(515, 34, 'Gnagna', 'GNA', 1);
INSERT INTO `zone` VALUES(516, 34, 'Gourma', 'GOU', 1);
INSERT INTO `zone` VALUES(517, 34, 'Houet', 'HOU', 1);
INSERT INTO `zone` VALUES(518, 34, 'Ioba', 'IOA', 1);
INSERT INTO `zone` VALUES(519, 34, 'Kadiogo', 'KAD', 1);
INSERT INTO `zone` VALUES(520, 34, 'Kenedougou', 'KEN', 1);
INSERT INTO `zone` VALUES(521, 34, 'Komondjari', 'KOD', 1);
INSERT INTO `zone` VALUES(522, 34, 'Kompienga', 'KOP', 1);
INSERT INTO `zone` VALUES(523, 34, 'Kossi', 'KOS', 1);
INSERT INTO `zone` VALUES(524, 34, 'Koulpelogo', 'KOL', 1);
INSERT INTO `zone` VALUES(525, 34, 'Kouritenga', 'KOT', 1);
INSERT INTO `zone` VALUES(526, 34, 'Kourweogo', 'KOW', 1);
INSERT INTO `zone` VALUES(527, 34, 'Leraba', 'LER', 1);
INSERT INTO `zone` VALUES(528, 34, 'Loroum', 'LOR', 1);
INSERT INTO `zone` VALUES(529, 34, 'Mouhoun', 'MOU', 1);
INSERT INTO `zone` VALUES(530, 34, 'Nahouri', 'NAH', 1);
INSERT INTO `zone` VALUES(531, 34, 'Namentenga', 'NAM', 1);
INSERT INTO `zone` VALUES(532, 34, 'Nayala', 'NAY', 1);
INSERT INTO `zone` VALUES(533, 34, 'Noumbiel', 'NOU', 1);
INSERT INTO `zone` VALUES(534, 34, 'Oubritenga', 'OUB', 1);
INSERT INTO `zone` VALUES(535, 34, 'Oudalan', 'OUD', 1);
INSERT INTO `zone` VALUES(536, 34, 'Passore', 'PAS', 1);
INSERT INTO `zone` VALUES(537, 34, 'Poni', 'PON', 1);
INSERT INTO `zone` VALUES(538, 34, 'Sanguie', 'SAG', 1);
INSERT INTO `zone` VALUES(539, 34, 'Sanmatenga', 'SAM', 1);
INSERT INTO `zone` VALUES(540, 34, 'Seno', 'SEN', 1);
INSERT INTO `zone` VALUES(541, 34, 'Sissili', 'SIS', 1);
INSERT INTO `zone` VALUES(542, 34, 'Soum', 'SOM', 1);
INSERT INTO `zone` VALUES(543, 34, 'Sourou', 'SOR', 1);
INSERT INTO `zone` VALUES(544, 34, 'Tapoa', 'TAP', 1);
INSERT INTO `zone` VALUES(545, 34, 'Tuy', 'TUY', 1);
INSERT INTO `zone` VALUES(546, 34, 'Yagha', 'YAG', 1);
INSERT INTO `zone` VALUES(547, 34, 'Yatenga', 'YAT', 1);
INSERT INTO `zone` VALUES(548, 34, 'Ziro', 'ZIR', 1);
INSERT INTO `zone` VALUES(549, 34, 'Zondoma', 'ZOD', 1);
INSERT INTO `zone` VALUES(550, 34, 'Zoundweogo', 'ZOW', 1);
INSERT INTO `zone` VALUES(551, 35, 'Bubanza', 'BB', 1);
INSERT INTO `zone` VALUES(552, 35, 'Bujumbura', 'BJ', 1);
INSERT INTO `zone` VALUES(553, 35, 'Bururi', 'BR', 1);
INSERT INTO `zone` VALUES(554, 35, 'Cankuzo', 'CA', 1);
INSERT INTO `zone` VALUES(555, 35, 'Cibitoke', 'CI', 1);
INSERT INTO `zone` VALUES(556, 35, 'Gitega', 'GI', 1);
INSERT INTO `zone` VALUES(557, 35, 'Karuzi', 'KR', 1);
INSERT INTO `zone` VALUES(558, 35, 'Kayanza', 'KY', 1);
INSERT INTO `zone` VALUES(559, 35, 'Kirundo', 'KI', 1);
INSERT INTO `zone` VALUES(560, 35, 'Makamba', 'MA', 1);
INSERT INTO `zone` VALUES(561, 35, 'Muramvya', 'MU', 1);
INSERT INTO `zone` VALUES(562, 35, 'Muyinga', 'MY', 1);
INSERT INTO `zone` VALUES(563, 35, 'Mwaro', 'MW', 1);
INSERT INTO `zone` VALUES(564, 35, 'Ngozi', 'NG', 1);
INSERT INTO `zone` VALUES(565, 35, 'Rutana', 'RT', 1);
INSERT INTO `zone` VALUES(566, 35, 'Ruyigi', 'RY', 1);
INSERT INTO `zone` VALUES(567, 36, 'Phnom Penh', 'PP', 1);
INSERT INTO `zone` VALUES(568, 36, 'Preah Seihanu (Kompong Som or Sihanoukville)', 'PS', 1);
INSERT INTO `zone` VALUES(569, 36, 'Pailin', 'PA', 1);
INSERT INTO `zone` VALUES(570, 36, 'Keb', 'KB', 1);
INSERT INTO `zone` VALUES(571, 36, 'Banteay Meanchey', 'BM', 1);
INSERT INTO `zone` VALUES(572, 36, 'Battambang', 'BA', 1);
INSERT INTO `zone` VALUES(573, 36, 'Kampong Cham', 'KM', 1);
INSERT INTO `zone` VALUES(574, 36, 'Kampong Chhnang', 'KN', 1);
INSERT INTO `zone` VALUES(575, 36, 'Kampong Speu', 'KU', 1);
INSERT INTO `zone` VALUES(576, 36, 'Kampong Som', 'KO', 1);
INSERT INTO `zone` VALUES(577, 36, 'Kampong Thom', 'KT', 1);
INSERT INTO `zone` VALUES(578, 36, 'Kampot', 'KP', 1);
INSERT INTO `zone` VALUES(579, 36, 'Kandal', 'KL', 1);
INSERT INTO `zone` VALUES(580, 36, 'Kaoh Kong', 'KK', 1);
INSERT INTO `zone` VALUES(581, 36, 'Kratie', 'KR', 1);
INSERT INTO `zone` VALUES(582, 36, 'Mondul Kiri', 'MK', 1);
INSERT INTO `zone` VALUES(583, 36, 'Oddar Meancheay', 'OM', 1);
INSERT INTO `zone` VALUES(584, 36, 'Pursat', 'PU', 1);
INSERT INTO `zone` VALUES(585, 36, 'Preah Vihear', 'PR', 1);
INSERT INTO `zone` VALUES(586, 36, 'Prey Veng', 'PG', 1);
INSERT INTO `zone` VALUES(587, 36, 'Ratanak Kiri', 'RK', 1);
INSERT INTO `zone` VALUES(588, 36, 'Siemreap', 'SI', 1);
INSERT INTO `zone` VALUES(589, 36, 'Stung Treng', 'ST', 1);
INSERT INTO `zone` VALUES(590, 36, 'Svay Rieng', 'SR', 1);
INSERT INTO `zone` VALUES(591, 36, 'Takeo', 'TK', 1);
INSERT INTO `zone` VALUES(592, 37, 'Adamawa (Adamaoua)', 'ADA', 1);
INSERT INTO `zone` VALUES(593, 37, 'Centre', 'CEN', 1);
INSERT INTO `zone` VALUES(594, 37, 'East (Est)', 'EST', 1);
INSERT INTO `zone` VALUES(595, 37, 'Extreme North (Extreme-Nord)', 'EXN', 1);
INSERT INTO `zone` VALUES(596, 37, 'Littoral', 'LIT', 1);
INSERT INTO `zone` VALUES(597, 37, 'North (Nord)', 'NOR', 1);
INSERT INTO `zone` VALUES(598, 37, 'Northwest (Nord-Ouest)', 'NOT', 1);
INSERT INTO `zone` VALUES(599, 37, 'West (Ouest)', 'OUE', 1);
INSERT INTO `zone` VALUES(600, 37, 'South (Sud)', 'SUD', 1);
INSERT INTO `zone` VALUES(601, 37, 'Southwest (Sud-Ouest).', 'SOU', 1);
INSERT INTO `zone` VALUES(602, 38, 'Alberta', 'AB', 1);
INSERT INTO `zone` VALUES(603, 38, 'British Columbia', 'BC', 1);
INSERT INTO `zone` VALUES(604, 38, 'Manitoba', 'MB', 1);
INSERT INTO `zone` VALUES(605, 38, 'New Brunswick', 'NB', 1);
INSERT INTO `zone` VALUES(606, 38, 'Newfoundland and Labrador', 'NL', 1);
INSERT INTO `zone` VALUES(607, 38, 'Northwest Territories', 'NT', 1);
INSERT INTO `zone` VALUES(608, 38, 'Nova Scotia', 'NS', 1);
INSERT INTO `zone` VALUES(609, 38, 'Nunavut', 'NU', 1);
INSERT INTO `zone` VALUES(610, 38, 'Ontario', 'ON', 1);
INSERT INTO `zone` VALUES(611, 38, 'Prince Edward Island', 'PE', 1);
INSERT INTO `zone` VALUES(612, 38, 'Qu&eacute;bec', 'QC', 1);
INSERT INTO `zone` VALUES(613, 38, 'Saskatchewan', 'SK', 1);
INSERT INTO `zone` VALUES(614, 38, 'Yukon Territory', 'YT', 1);
INSERT INTO `zone` VALUES(615, 39, 'Boa Vista', 'BV', 1);
INSERT INTO `zone` VALUES(616, 39, 'Brava', 'BR', 1);
INSERT INTO `zone` VALUES(617, 39, 'Calheta de Sao Miguel', 'CS', 1);
INSERT INTO `zone` VALUES(618, 39, 'Maio', 'MA', 1);
INSERT INTO `zone` VALUES(619, 39, 'Mosteiros', 'MO', 1);
INSERT INTO `zone` VALUES(620, 39, 'Paul', 'PA', 1);
INSERT INTO `zone` VALUES(621, 39, 'Porto Novo', 'PN', 1);
INSERT INTO `zone` VALUES(622, 39, 'Praia', 'PR', 1);
INSERT INTO `zone` VALUES(623, 39, 'Ribeira Grande', 'RG', 1);
INSERT INTO `zone` VALUES(624, 39, 'Sal', 'SL', 1);
INSERT INTO `zone` VALUES(625, 39, 'Santa Catarina', 'CA', 1);
INSERT INTO `zone` VALUES(626, 39, 'Santa Cruz', 'CR', 1);
INSERT INTO `zone` VALUES(627, 39, 'Sao Domingos', 'SD', 1);
INSERT INTO `zone` VALUES(628, 39, 'Sao Filipe', 'SF', 1);
INSERT INTO `zone` VALUES(629, 39, 'Sao Nicolau', 'SN', 1);
INSERT INTO `zone` VALUES(630, 39, 'Sao Vicente', 'SV', 1);
INSERT INTO `zone` VALUES(631, 39, 'Tarrafal', 'TA', 1);
INSERT INTO `zone` VALUES(632, 40, 'Creek', 'CR', 1);
INSERT INTO `zone` VALUES(633, 40, 'Eastern', 'EA', 1);
INSERT INTO `zone` VALUES(634, 40, 'Midland', 'ML', 1);
INSERT INTO `zone` VALUES(635, 40, 'South Town', 'ST', 1);
INSERT INTO `zone` VALUES(636, 40, 'Spot Bay', 'SP', 1);
INSERT INTO `zone` VALUES(637, 40, 'Stake Bay', 'SK', 1);
INSERT INTO `zone` VALUES(638, 40, 'West End', 'WD', 1);
INSERT INTO `zone` VALUES(639, 40, 'Western', 'WN', 1);
INSERT INTO `zone` VALUES(640, 41, 'Bamingui-Bangoran', 'BBA', 1);
INSERT INTO `zone` VALUES(641, 41, 'Basse-Kotto', 'BKO', 1);
INSERT INTO `zone` VALUES(642, 41, 'Haute-Kotto', 'HKO', 1);
INSERT INTO `zone` VALUES(643, 41, 'Haut-Mbomou', 'HMB', 1);
INSERT INTO `zone` VALUES(644, 41, 'Kemo', 'KEM', 1);
INSERT INTO `zone` VALUES(645, 41, 'Lobaye', 'LOB', 1);
INSERT INTO `zone` VALUES(646, 41, 'Mambere-Kade', 'MKD', 1);
INSERT INTO `zone` VALUES(647, 41, 'Mbomou', 'MBO', 1);
INSERT INTO `zone` VALUES(648, 41, 'Nana-Mambere', 'NMM', 1);
INSERT INTO `zone` VALUES(649, 41, 'Ombella-M''Poko', 'OMP', 1);
INSERT INTO `zone` VALUES(650, 41, 'Ouaka', 'OUK', 1);
INSERT INTO `zone` VALUES(651, 41, 'Ouham', 'OUH', 1);
INSERT INTO `zone` VALUES(652, 41, 'Ouham-Pende', 'OPE', 1);
INSERT INTO `zone` VALUES(653, 41, 'Vakaga', 'VAK', 1);
INSERT INTO `zone` VALUES(654, 41, 'Nana-Grebizi', 'NGR', 1);
INSERT INTO `zone` VALUES(655, 41, 'Sangha-Mbaere', 'SMB', 1);
INSERT INTO `zone` VALUES(656, 41, 'Bangui', 'BAN', 1);
INSERT INTO `zone` VALUES(657, 42, 'Batha', 'BA', 1);
INSERT INTO `zone` VALUES(658, 42, 'Biltine', 'BI', 1);
INSERT INTO `zone` VALUES(659, 42, 'Borkou-Ennedi-Tibesti', 'BE', 1);
INSERT INTO `zone` VALUES(660, 42, 'Chari-Baguirmi', 'CB', 1);
INSERT INTO `zone` VALUES(661, 42, 'Guera', 'GU', 1);
INSERT INTO `zone` VALUES(662, 42, 'Kanem', 'KA', 1);
INSERT INTO `zone` VALUES(663, 42, 'Lac', 'LA', 1);
INSERT INTO `zone` VALUES(664, 42, 'Logone Occidental', 'LC', 1);
INSERT INTO `zone` VALUES(665, 42, 'Logone Oriental', 'LR', 1);
INSERT INTO `zone` VALUES(666, 42, 'Mayo-Kebbi', 'MK', 1);
INSERT INTO `zone` VALUES(667, 42, 'Moyen-Chari', 'MC', 1);
INSERT INTO `zone` VALUES(668, 42, 'Ouaddai', 'OU', 1);
INSERT INTO `zone` VALUES(669, 42, 'Salamat', 'SA', 1);
INSERT INTO `zone` VALUES(670, 42, 'Tandjile', 'TA', 1);
INSERT INTO `zone` VALUES(671, 43, 'Aisen del General Carlos Ibanez', 'AI', 1);
INSERT INTO `zone` VALUES(672, 43, 'Antofagasta', 'AN', 1);
INSERT INTO `zone` VALUES(673, 43, 'Araucania', 'AR', 1);
INSERT INTO `zone` VALUES(674, 43, 'Atacama', 'AT', 1);
INSERT INTO `zone` VALUES(675, 43, 'Bio-Bio', 'BI', 1);
INSERT INTO `zone` VALUES(676, 43, 'Coquimbo', 'CO', 1);
INSERT INTO `zone` VALUES(677, 43, 'Libertador General Bernardo O''Higgins', 'LI', 1);
INSERT INTO `zone` VALUES(678, 43, 'Los Lagos', 'LL', 1);
INSERT INTO `zone` VALUES(679, 43, 'Magallanes y de la Antartica Chilena', 'MA', 1);
INSERT INTO `zone` VALUES(680, 43, 'Maule', 'ML', 1);
INSERT INTO `zone` VALUES(681, 43, 'Region Metropolitana', 'RM', 1);
INSERT INTO `zone` VALUES(682, 43, 'Tarapaca', 'TA', 1);
INSERT INTO `zone` VALUES(683, 43, 'Valparaiso', 'VS', 1);
INSERT INTO `zone` VALUES(684, 44, 'Anhui', 'AN', 1);
INSERT INTO `zone` VALUES(685, 44, 'Beijing', 'BE', 1);
INSERT INTO `zone` VALUES(686, 44, 'Chongqing', 'CH', 1);
INSERT INTO `zone` VALUES(687, 44, 'Fujian', 'FU', 1);
INSERT INTO `zone` VALUES(688, 44, 'Gansu', 'GA', 1);
INSERT INTO `zone` VALUES(689, 44, 'Guangdong', 'GU', 1);
INSERT INTO `zone` VALUES(690, 44, 'Guangxi', 'GX', 1);
INSERT INTO `zone` VALUES(691, 44, 'Guizhou', 'GZ', 1);
INSERT INTO `zone` VALUES(692, 44, 'Hainan', 'HA', 1);
INSERT INTO `zone` VALUES(693, 44, 'Hebei', 'HB', 1);
INSERT INTO `zone` VALUES(694, 44, 'Heilongjiang', 'HL', 1);
INSERT INTO `zone` VALUES(695, 44, 'Henan', 'HE', 1);
INSERT INTO `zone` VALUES(696, 44, 'Hong Kong', 'HK', 1);
INSERT INTO `zone` VALUES(697, 44, 'Hubei', 'HU', 1);
INSERT INTO `zone` VALUES(698, 44, 'Hunan', 'HN', 1);
INSERT INTO `zone` VALUES(699, 44, 'Inner Mongolia', 'IM', 1);
INSERT INTO `zone` VALUES(700, 44, 'Jiangsu', 'JI', 1);
INSERT INTO `zone` VALUES(701, 44, 'Jiangxi', 'JX', 1);
INSERT INTO `zone` VALUES(702, 44, 'Jilin', 'JL', 1);
INSERT INTO `zone` VALUES(703, 44, 'Liaoning', 'LI', 1);
INSERT INTO `zone` VALUES(704, 44, 'Macau', 'MA', 1);
INSERT INTO `zone` VALUES(705, 44, 'Ningxia', 'NI', 1);
INSERT INTO `zone` VALUES(706, 44, 'Shaanxi', 'SH', 1);
INSERT INTO `zone` VALUES(707, 44, 'Shandong', 'SA', 1);
INSERT INTO `zone` VALUES(708, 44, 'Shanghai', 'SG', 1);
INSERT INTO `zone` VALUES(709, 44, 'Shanxi', 'SX', 1);
INSERT INTO `zone` VALUES(710, 44, 'Sichuan', 'SI', 1);
INSERT INTO `zone` VALUES(711, 44, 'Tianjin', 'TI', 1);
INSERT INTO `zone` VALUES(712, 44, 'Xinjiang', 'XI', 1);
INSERT INTO `zone` VALUES(713, 44, 'Yunnan', 'YU', 1);
INSERT INTO `zone` VALUES(714, 44, 'Zhejiang', 'ZH', 1);
INSERT INTO `zone` VALUES(715, 46, 'Direction Island', 'D', 1);
INSERT INTO `zone` VALUES(716, 46, 'Home Island', 'H', 1);
INSERT INTO `zone` VALUES(717, 46, 'Horsburgh Island', 'O', 1);
INSERT INTO `zone` VALUES(718, 46, 'South Island', 'S', 1);
INSERT INTO `zone` VALUES(719, 46, 'West Island', 'W', 1);
INSERT INTO `zone` VALUES(720, 47, 'Amazonas', 'AMZ', 1);
INSERT INTO `zone` VALUES(721, 47, 'Antioquia', 'ANT', 1);
INSERT INTO `zone` VALUES(722, 47, 'Arauca', 'ARA', 1);
INSERT INTO `zone` VALUES(723, 47, 'Atlantico', 'ATL', 1);
INSERT INTO `zone` VALUES(724, 47, 'Bogota D.C.', 'BDC', 1);
INSERT INTO `zone` VALUES(725, 47, 'Bolivar', 'BOL', 1);
INSERT INTO `zone` VALUES(726, 47, 'Boyaca', 'BOY', 1);
INSERT INTO `zone` VALUES(727, 47, 'Caldas', 'CAL', 1);
INSERT INTO `zone` VALUES(728, 47, 'Caqueta', 'CAQ', 1);
INSERT INTO `zone` VALUES(729, 47, 'Casanare', 'CAS', 1);
INSERT INTO `zone` VALUES(730, 47, 'Cauca', 'CAU', 1);
INSERT INTO `zone` VALUES(731, 47, 'Cesar', 'CES', 1);
INSERT INTO `zone` VALUES(732, 47, 'Choco', 'CHO', 1);
INSERT INTO `zone` VALUES(733, 47, 'Cordoba', 'COR', 1);
INSERT INTO `zone` VALUES(734, 47, 'Cundinamarca', 'CAM', 1);
INSERT INTO `zone` VALUES(735, 47, 'Guainia', 'GNA', 1);
INSERT INTO `zone` VALUES(736, 47, 'Guajira', 'GJR', 1);
INSERT INTO `zone` VALUES(737, 47, 'Guaviare', 'GVR', 1);
INSERT INTO `zone` VALUES(738, 47, 'Huila', 'HUI', 1);
INSERT INTO `zone` VALUES(739, 47, 'Magdalena', 'MAG', 1);
INSERT INTO `zone` VALUES(740, 47, 'Meta', 'MET', 1);
INSERT INTO `zone` VALUES(741, 47, 'Narino', 'NAR', 1);
INSERT INTO `zone` VALUES(742, 47, 'Norte de Santander', 'NDS', 1);
INSERT INTO `zone` VALUES(743, 47, 'Putumayo', 'PUT', 1);
INSERT INTO `zone` VALUES(744, 47, 'Quindio', 'QUI', 1);
INSERT INTO `zone` VALUES(745, 47, 'Risaralda', 'RIS', 1);
INSERT INTO `zone` VALUES(746, 47, 'San Andres y Providencia', 'SAP', 1);
INSERT INTO `zone` VALUES(747, 47, 'Santander', 'SAN', 1);
INSERT INTO `zone` VALUES(748, 47, 'Sucre', 'SUC', 1);
INSERT INTO `zone` VALUES(749, 47, 'Tolima', 'TOL', 1);
INSERT INTO `zone` VALUES(750, 47, 'Valle del Cauca', 'VDC', 1);
INSERT INTO `zone` VALUES(751, 47, 'Vaupes', 'VAU', 1);
INSERT INTO `zone` VALUES(752, 47, 'Vichada', 'VIC', 1);
INSERT INTO `zone` VALUES(753, 48, 'Grande Comore', 'G', 1);
INSERT INTO `zone` VALUES(754, 48, 'Anjouan', 'A', 1);
INSERT INTO `zone` VALUES(755, 48, 'Moheli', 'M', 1);
INSERT INTO `zone` VALUES(756, 49, 'Bouenza', 'BO', 1);
INSERT INTO `zone` VALUES(757, 49, 'Brazzaville', 'BR', 1);
INSERT INTO `zone` VALUES(758, 49, 'Cuvette', 'CU', 1);
INSERT INTO `zone` VALUES(759, 49, 'Cuvette-Ouest', 'CO', 1);
INSERT INTO `zone` VALUES(760, 49, 'Kouilou', 'KO', 1);
INSERT INTO `zone` VALUES(761, 49, 'Lekoumou', 'LE', 1);
INSERT INTO `zone` VALUES(762, 49, 'Likouala', 'LI', 1);
INSERT INTO `zone` VALUES(763, 49, 'Niari', 'NI', 1);
INSERT INTO `zone` VALUES(764, 49, 'Plateaux', 'PL', 1);
INSERT INTO `zone` VALUES(765, 49, 'Pool', 'PO', 1);
INSERT INTO `zone` VALUES(766, 49, 'Sangha', 'SA', 1);
INSERT INTO `zone` VALUES(767, 50, 'Pukapuka', 'PU', 1);
INSERT INTO `zone` VALUES(768, 50, 'Rakahanga', 'RK', 1);
INSERT INTO `zone` VALUES(769, 50, 'Manihiki', 'MK', 1);
INSERT INTO `zone` VALUES(770, 50, 'Penrhyn', 'PE', 1);
INSERT INTO `zone` VALUES(771, 50, 'Nassau Island', 'NI', 1);
INSERT INTO `zone` VALUES(772, 50, 'Surwarrow', 'SU', 1);
INSERT INTO `zone` VALUES(773, 50, 'Palmerston', 'PA', 1);
INSERT INTO `zone` VALUES(774, 50, 'Aitutaki', 'AI', 1);
INSERT INTO `zone` VALUES(775, 50, 'Manuae', 'MA', 1);
INSERT INTO `zone` VALUES(776, 50, 'Takutea', 'TA', 1);
INSERT INTO `zone` VALUES(777, 50, 'Mitiaro', 'MT', 1);
INSERT INTO `zone` VALUES(778, 50, 'Atiu', 'AT', 1);
INSERT INTO `zone` VALUES(779, 50, 'Mauke', 'MU', 1);
INSERT INTO `zone` VALUES(780, 50, 'Rarotonga', 'RR', 1);
INSERT INTO `zone` VALUES(781, 50, 'Mangaia', 'MG', 1);
INSERT INTO `zone` VALUES(782, 51, 'Alajuela', 'AL', 1);
INSERT INTO `zone` VALUES(783, 51, 'Cartago', 'CA', 1);
INSERT INTO `zone` VALUES(784, 51, 'Guanacaste', 'GU', 1);
INSERT INTO `zone` VALUES(785, 51, 'Heredia', 'HE', 1);
INSERT INTO `zone` VALUES(786, 51, 'Limon', 'LI', 1);
INSERT INTO `zone` VALUES(787, 51, 'Puntarenas', 'PU', 1);
INSERT INTO `zone` VALUES(788, 51, 'San Jose', 'SJ', 1);
INSERT INTO `zone` VALUES(789, 52, 'Abengourou', 'ABE', 1);
INSERT INTO `zone` VALUES(790, 52, 'Abidjan', 'ABI', 1);
INSERT INTO `zone` VALUES(791, 52, 'Aboisso', 'ABO', 1);
INSERT INTO `zone` VALUES(792, 52, 'Adiake', 'ADI', 1);
INSERT INTO `zone` VALUES(793, 52, 'Adzope', 'ADZ', 1);
INSERT INTO `zone` VALUES(794, 52, 'Agboville', 'AGB', 1);
INSERT INTO `zone` VALUES(795, 52, 'Agnibilekrou', 'AGN', 1);
INSERT INTO `zone` VALUES(796, 52, 'Alepe', 'ALE', 1);
INSERT INTO `zone` VALUES(797, 52, 'Bocanda', 'BOC', 1);
INSERT INTO `zone` VALUES(798, 52, 'Bangolo', 'BAN', 1);
INSERT INTO `zone` VALUES(799, 52, 'Beoumi', 'BEO', 1);
INSERT INTO `zone` VALUES(800, 52, 'Biankouma', 'BIA', 1);
INSERT INTO `zone` VALUES(801, 52, 'Bondoukou', 'BDK', 1);
INSERT INTO `zone` VALUES(802, 52, 'Bongouanou', 'BGN', 1);
INSERT INTO `zone` VALUES(803, 52, 'Bouafle', 'BFL', 1);
INSERT INTO `zone` VALUES(804, 52, 'Bouake', 'BKE', 1);
INSERT INTO `zone` VALUES(805, 52, 'Bouna', 'BNA', 1);
INSERT INTO `zone` VALUES(806, 52, 'Boundiali', 'BDL', 1);
INSERT INTO `zone` VALUES(807, 52, 'Dabakala', 'DKL', 1);
INSERT INTO `zone` VALUES(808, 52, 'Dabou', 'DBU', 1);
INSERT INTO `zone` VALUES(809, 52, 'Daloa', 'DAL', 1);
INSERT INTO `zone` VALUES(810, 52, 'Danane', 'DAN', 1);
INSERT INTO `zone` VALUES(811, 52, 'Daoukro', 'DAO', 1);
INSERT INTO `zone` VALUES(812, 52, 'Dimbokro', 'DIM', 1);
INSERT INTO `zone` VALUES(813, 52, 'Divo', 'DIV', 1);
INSERT INTO `zone` VALUES(814, 52, 'Duekoue', 'DUE', 1);
INSERT INTO `zone` VALUES(815, 52, 'Ferkessedougou', 'FER', 1);
INSERT INTO `zone` VALUES(816, 52, 'Gagnoa', 'GAG', 1);
INSERT INTO `zone` VALUES(817, 52, 'Grand-Bassam', 'GBA', 1);
INSERT INTO `zone` VALUES(818, 52, 'Grand-Lahou', 'GLA', 1);
INSERT INTO `zone` VALUES(819, 52, 'Guiglo', 'GUI', 1);
INSERT INTO `zone` VALUES(820, 52, 'Issia', 'ISS', 1);
INSERT INTO `zone` VALUES(821, 52, 'Jacqueville', 'JAC', 1);
INSERT INTO `zone` VALUES(822, 52, 'Katiola', 'KAT', 1);
INSERT INTO `zone` VALUES(823, 52, 'Korhogo', 'KOR', 1);
INSERT INTO `zone` VALUES(824, 52, 'Lakota', 'LAK', 1);
INSERT INTO `zone` VALUES(825, 52, 'Man', 'MAN', 1);
INSERT INTO `zone` VALUES(826, 52, 'Mankono', 'MKN', 1);
INSERT INTO `zone` VALUES(827, 52, 'Mbahiakro', 'MBA', 1);
INSERT INTO `zone` VALUES(828, 52, 'Odienne', 'ODI', 1);
INSERT INTO `zone` VALUES(829, 52, 'Oume', 'OUM', 1);
INSERT INTO `zone` VALUES(830, 52, 'Sakassou', 'SAK', 1);
INSERT INTO `zone` VALUES(831, 52, 'San-Pedro', 'SPE', 1);
INSERT INTO `zone` VALUES(832, 52, 'Sassandra', 'SAS', 1);
INSERT INTO `zone` VALUES(833, 52, 'Seguela', 'SEG', 1);
INSERT INTO `zone` VALUES(834, 52, 'Sinfra', 'SIN', 1);
INSERT INTO `zone` VALUES(835, 52, 'Soubre', 'SOU', 1);
INSERT INTO `zone` VALUES(836, 52, 'Tabou', 'TAB', 1);
INSERT INTO `zone` VALUES(837, 52, 'Tanda', 'TAN', 1);
INSERT INTO `zone` VALUES(838, 52, 'Tiebissou', 'TIE', 1);
INSERT INTO `zone` VALUES(839, 52, 'Tingrela', 'TIN', 1);
INSERT INTO `zone` VALUES(840, 52, 'Tiassale', 'TIA', 1);
INSERT INTO `zone` VALUES(841, 52, 'Touba', 'TBA', 1);
INSERT INTO `zone` VALUES(842, 52, 'Toulepleu', 'TLP', 1);
INSERT INTO `zone` VALUES(843, 52, 'Toumodi', 'TMD', 1);
INSERT INTO `zone` VALUES(844, 52, 'Vavoua', 'VAV', 1);
INSERT INTO `zone` VALUES(845, 52, 'Yamoussoukro', 'YAM', 1);
INSERT INTO `zone` VALUES(846, 52, 'Zuenoula', 'ZUE', 1);
INSERT INTO `zone` VALUES(847, 53, 'Bjelovarsko-bilogorska', 'BB', 1);
INSERT INTO `zone` VALUES(848, 53, 'Grad Zagreb', 'GZ', 1);
INSERT INTO `zone` VALUES(849, 53, 'Dubrovako-neretvanska', 'DN', 1);
INSERT INTO `zone` VALUES(850, 53, 'Istarska', 'IS', 1);
INSERT INTO `zone` VALUES(851, 53, 'Karlovaka', 'KA', 1);
INSERT INTO `zone` VALUES(852, 53, 'Koprivniko-krievaka', 'KK', 1);
INSERT INTO `zone` VALUES(853, 53, 'Krapinsko-zagorska', 'KZ', 1);
INSERT INTO `zone` VALUES(854, 53, 'Liko-senjska', 'LS', 1);
INSERT INTO `zone` VALUES(855, 53, 'Meimurska', 'ME', 1);
INSERT INTO `zone` VALUES(856, 53, 'Osjeko-baranjska', 'OB', 1);
INSERT INTO `zone` VALUES(857, 53, 'Poeko-slavonska', 'PS', 1);
INSERT INTO `zone` VALUES(858, 53, 'Primorsko-goranska', 'PG', 1);
INSERT INTO `zone` VALUES(859, 53, 'ibensko-kninska', 'SK', 1);
INSERT INTO `zone` VALUES(860, 53, 'Sisako-moslavaka', 'SM', 1);
INSERT INTO `zone` VALUES(861, 53, 'Brodsko-posavska', 'BP', 1);
INSERT INTO `zone` VALUES(862, 53, 'Splitsko-dalmatinska', 'SD', 1);
INSERT INTO `zone` VALUES(863, 53, 'Varadinska', 'VA', 1);
INSERT INTO `zone` VALUES(864, 53, 'Virovitiko-podravska', 'VP', 1);
INSERT INTO `zone` VALUES(865, 53, 'Vukovarsko-srijemska', 'VS', 1);
INSERT INTO `zone` VALUES(866, 53, 'Zadarska', 'ZA', 1);
INSERT INTO `zone` VALUES(867, 53, 'Zagrebaka', 'ZG', 1);
INSERT INTO `zone` VALUES(868, 54, 'Camaguey', 'CA', 1);
INSERT INTO `zone` VALUES(869, 54, 'Ciego de Avila', 'CD', 1);
INSERT INTO `zone` VALUES(870, 54, 'Cienfuegos', 'CI', 1);
INSERT INTO `zone` VALUES(871, 54, 'Ciudad de La Habana', 'CH', 1);
INSERT INTO `zone` VALUES(872, 54, 'Granma', 'GR', 1);
INSERT INTO `zone` VALUES(873, 54, 'Guantanamo', 'GU', 1);
INSERT INTO `zone` VALUES(874, 54, 'Holguin', 'HO', 1);
INSERT INTO `zone` VALUES(875, 54, 'Isla de la Juventud', 'IJ', 1);
INSERT INTO `zone` VALUES(876, 54, 'La Habana', 'LH', 1);
INSERT INTO `zone` VALUES(877, 54, 'Las Tunas', 'LT', 1);
INSERT INTO `zone` VALUES(878, 54, 'Matanzas', 'MA', 1);
INSERT INTO `zone` VALUES(879, 54, 'Pinar del Rio', 'PR', 1);
INSERT INTO `zone` VALUES(880, 54, 'Sancti Spiritus', 'SS', 1);
INSERT INTO `zone` VALUES(881, 54, 'Santiago de Cuba', 'SC', 1);
INSERT INTO `zone` VALUES(882, 54, 'Villa Clara', 'VC', 1);
INSERT INTO `zone` VALUES(883, 55, 'Famagusta', 'F', 1);
INSERT INTO `zone` VALUES(884, 55, 'Kyrenia', 'K', 1);
INSERT INTO `zone` VALUES(885, 55, 'Larnaca', 'A', 1);
INSERT INTO `zone` VALUES(886, 55, 'Limassol', 'I', 1);
INSERT INTO `zone` VALUES(887, 55, 'Nicosia', 'N', 1);
INSERT INTO `zone` VALUES(888, 55, 'Paphos', 'P', 1);
INSERT INTO `zone` VALUES(889, 56, 'steck', 'U', 1);
INSERT INTO `zone` VALUES(890, 56, 'Jihoesk', 'C', 1);
INSERT INTO `zone` VALUES(891, 56, 'Jihomoravsk', 'B', 1);
INSERT INTO `zone` VALUES(892, 56, 'Karlovarsk', 'K', 1);
INSERT INTO `zone` VALUES(893, 56, 'Krlovehradeck', 'H', 1);
INSERT INTO `zone` VALUES(894, 56, 'Libereck', 'L', 1);
INSERT INTO `zone` VALUES(895, 56, 'Moravskoslezsk', 'T', 1);
INSERT INTO `zone` VALUES(896, 56, 'Olomouck', 'M', 1);
INSERT INTO `zone` VALUES(897, 56, 'Pardubick', 'E', 1);
INSERT INTO `zone` VALUES(898, 56, 'Plzesk', 'P', 1);
INSERT INTO `zone` VALUES(899, 56, 'Praha', 'A', 1);
INSERT INTO `zone` VALUES(900, 56, 'Stedoesk', 'S', 1);
INSERT INTO `zone` VALUES(901, 56, 'Vysoina', 'J', 1);
INSERT INTO `zone` VALUES(902, 56, 'Zlnsk', 'Z', 1);
INSERT INTO `zone` VALUES(903, 57, 'Arhus', 'AR', 1);
INSERT INTO `zone` VALUES(904, 57, 'Bornholm', 'BH', 1);
INSERT INTO `zone` VALUES(905, 57, 'Copenhagen', 'CO', 1);
INSERT INTO `zone` VALUES(906, 57, 'Faroe Islands', 'FO', 1);
INSERT INTO `zone` VALUES(907, 57, 'Frederiksborg', 'FR', 1);
INSERT INTO `zone` VALUES(908, 57, 'Fyn', 'FY', 1);
INSERT INTO `zone` VALUES(909, 57, 'Kobenhavn', 'KO', 1);
INSERT INTO `zone` VALUES(910, 57, 'Nordjylland', 'NO', 1);
INSERT INTO `zone` VALUES(911, 57, 'Ribe', 'RI', 1);
INSERT INTO `zone` VALUES(912, 57, 'Ringkobing', 'RK', 1);
INSERT INTO `zone` VALUES(913, 57, 'Roskilde', 'RO', 1);
INSERT INTO `zone` VALUES(914, 57, 'Sonderjylland', 'SO', 1);
INSERT INTO `zone` VALUES(915, 57, 'Storstrom', 'ST', 1);
INSERT INTO `zone` VALUES(916, 57, 'Vejle', 'VK', 1);
INSERT INTO `zone` VALUES(917, 57, 'Vestj&aelig;lland', 'VJ', 1);
INSERT INTO `zone` VALUES(918, 57, 'Viborg', 'VB', 1);
INSERT INTO `zone` VALUES(919, 58, '''Ali Sabih', 'S', 1);
INSERT INTO `zone` VALUES(920, 58, 'Dikhil', 'K', 1);
INSERT INTO `zone` VALUES(921, 58, 'Djibouti', 'J', 1);
INSERT INTO `zone` VALUES(922, 58, 'Obock', 'O', 1);
INSERT INTO `zone` VALUES(923, 58, 'Tadjoura', 'T', 1);
INSERT INTO `zone` VALUES(924, 59, 'Saint Andrew Parish', 'AND', 1);
INSERT INTO `zone` VALUES(925, 59, 'Saint David Parish', 'DAV', 1);
INSERT INTO `zone` VALUES(926, 59, 'Saint George Parish', 'GEO', 1);
INSERT INTO `zone` VALUES(927, 59, 'Saint John Parish', 'JOH', 1);
INSERT INTO `zone` VALUES(928, 59, 'Saint Joseph Parish', 'JOS', 1);
INSERT INTO `zone` VALUES(929, 59, 'Saint Luke Parish', 'LUK', 1);
INSERT INTO `zone` VALUES(930, 59, 'Saint Mark Parish', 'MAR', 1);
INSERT INTO `zone` VALUES(931, 59, 'Saint Patrick Parish', 'PAT', 1);
INSERT INTO `zone` VALUES(932, 59, 'Saint Paul Parish', 'PAU', 1);
INSERT INTO `zone` VALUES(933, 59, 'Saint Peter Parish', 'PET', 1);
INSERT INTO `zone` VALUES(934, 60, 'Distrito Nacional', 'DN', 1);
INSERT INTO `zone` VALUES(935, 60, 'Azua', 'AZ', 1);
INSERT INTO `zone` VALUES(936, 60, 'Baoruco', 'BC', 1);
INSERT INTO `zone` VALUES(937, 60, 'Barahona', 'BH', 1);
INSERT INTO `zone` VALUES(938, 60, 'Dajabon', 'DJ', 1);
INSERT INTO `zone` VALUES(939, 60, 'Duarte', 'DU', 1);
INSERT INTO `zone` VALUES(940, 60, 'Elias Pina', 'EL', 1);
INSERT INTO `zone` VALUES(941, 60, 'El Seybo', 'SY', 1);
INSERT INTO `zone` VALUES(942, 60, 'Espaillat', 'ET', 1);
INSERT INTO `zone` VALUES(943, 60, 'Hato Mayor', 'HM', 1);
INSERT INTO `zone` VALUES(944, 60, 'Independencia', 'IN', 1);
INSERT INTO `zone` VALUES(945, 60, 'La Altagracia', 'AL', 1);
INSERT INTO `zone` VALUES(946, 60, 'La Romana', 'RO', 1);
INSERT INTO `zone` VALUES(947, 60, 'La Vega', 'VE', 1);
INSERT INTO `zone` VALUES(948, 60, 'Maria Trinidad Sanchez', 'MT', 1);
INSERT INTO `zone` VALUES(949, 60, 'Monsenor Nouel', 'MN', 1);
INSERT INTO `zone` VALUES(950, 60, 'Monte Cristi', 'MC', 1);
INSERT INTO `zone` VALUES(951, 60, 'Monte Plata', 'MP', 1);
INSERT INTO `zone` VALUES(952, 60, 'Pedernales', 'PD', 1);
INSERT INTO `zone` VALUES(953, 60, 'Peravia (Bani)', 'PR', 1);
INSERT INTO `zone` VALUES(954, 60, 'Puerto Plata', 'PP', 1);
INSERT INTO `zone` VALUES(955, 60, 'Salcedo', 'SL', 1);
INSERT INTO `zone` VALUES(956, 60, 'Samana', 'SM', 1);
INSERT INTO `zone` VALUES(957, 60, 'Sanchez Ramirez', 'SH', 1);
INSERT INTO `zone` VALUES(958, 60, 'San Cristobal', 'SC', 1);
INSERT INTO `zone` VALUES(959, 60, 'San Jose de Ocoa', 'JO', 1);
INSERT INTO `zone` VALUES(960, 60, 'San Juan', 'SJ', 1);
INSERT INTO `zone` VALUES(961, 60, 'San Pedro de Macoris', 'PM', 1);
INSERT INTO `zone` VALUES(962, 60, 'Santiago', 'SA', 1);
INSERT INTO `zone` VALUES(963, 60, 'Santiago Rodriguez', 'ST', 1);
INSERT INTO `zone` VALUES(964, 60, 'Santo Domingo', 'SD', 1);
INSERT INTO `zone` VALUES(965, 60, 'Valverde', 'VA', 1);
INSERT INTO `zone` VALUES(966, 61, 'Aileu', 'AL', 1);
INSERT INTO `zone` VALUES(967, 61, 'Ainaro', 'AN', 1);
INSERT INTO `zone` VALUES(968, 61, 'Baucau', 'BA', 1);
INSERT INTO `zone` VALUES(969, 61, 'Bobonaro', 'BO', 1);
INSERT INTO `zone` VALUES(970, 61, 'Cova Lima', 'CO', 1);
INSERT INTO `zone` VALUES(971, 61, 'Dili', 'DI', 1);
INSERT INTO `zone` VALUES(972, 61, 'Ermera', 'ER', 1);
INSERT INTO `zone` VALUES(973, 61, 'Lautem', 'LA', 1);
INSERT INTO `zone` VALUES(974, 61, 'Liquica', 'LI', 1);
INSERT INTO `zone` VALUES(975, 61, 'Manatuto', 'MT', 1);
INSERT INTO `zone` VALUES(976, 61, 'Manufahi', 'MF', 1);
INSERT INTO `zone` VALUES(977, 61, 'Oecussi', 'OE', 1);
INSERT INTO `zone` VALUES(978, 61, 'Viqueque', 'VI', 1);
INSERT INTO `zone` VALUES(979, 62, 'Azuay', 'AZU', 1);
INSERT INTO `zone` VALUES(980, 62, 'Bolivar', 'BOL', 1);
INSERT INTO `zone` VALUES(981, 62, 'Ca&ntilde;ar', 'CAN', 1);
INSERT INTO `zone` VALUES(982, 62, 'Carchi', 'CAR', 1);
INSERT INTO `zone` VALUES(983, 62, 'Chimborazo', 'CHI', 1);
INSERT INTO `zone` VALUES(984, 62, 'Cotopaxi', 'COT', 1);
INSERT INTO `zone` VALUES(985, 62, 'El Oro', 'EOR', 1);
INSERT INTO `zone` VALUES(986, 62, 'Esmeraldas', 'ESM', 1);
INSERT INTO `zone` VALUES(987, 62, 'Gal&aacute;pagos', 'GPS', 1);
INSERT INTO `zone` VALUES(988, 62, 'Guayas', 'GUA', 1);
INSERT INTO `zone` VALUES(989, 62, 'Imbabura', 'IMB', 1);
INSERT INTO `zone` VALUES(990, 62, 'Loja', 'LOJ', 1);
INSERT INTO `zone` VALUES(991, 62, 'Los Rios', 'LRO', 1);
INSERT INTO `zone` VALUES(992, 62, 'Manab&iacute;', 'MAN', 1);
INSERT INTO `zone` VALUES(993, 62, 'Morona Santiago', 'MSA', 1);
INSERT INTO `zone` VALUES(994, 62, 'Napo', 'NAP', 1);
INSERT INTO `zone` VALUES(995, 62, 'Orellana', 'ORE', 1);
INSERT INTO `zone` VALUES(996, 62, 'Pastaza', 'PAS', 1);
INSERT INTO `zone` VALUES(997, 62, 'Pichincha', 'PIC', 1);
INSERT INTO `zone` VALUES(998, 62, 'Sucumb&iacute;os', 'SUC', 1);
INSERT INTO `zone` VALUES(999, 62, 'Tungurahua', 'TUN', 1);
INSERT INTO `zone` VALUES(1000, 62, 'Zamora Chinchipe', 'ZCH', 1);
INSERT INTO `zone` VALUES(1001, 63, 'Ad Daqahliyah', 'DHY', 1);
INSERT INTO `zone` VALUES(1002, 63, 'Al Bahr al Ahmar', 'BAM', 1);
INSERT INTO `zone` VALUES(1003, 63, 'Al Buhayrah', 'BHY', 1);
INSERT INTO `zone` VALUES(1004, 63, 'Al Fayyum', 'FYM', 1);
INSERT INTO `zone` VALUES(1005, 63, 'Al Gharbiyah', 'GBY', 1);
INSERT INTO `zone` VALUES(1006, 63, 'Al Iskandariyah', 'IDR', 1);
INSERT INTO `zone` VALUES(1007, 63, 'Al Isma''iliyah', 'IML', 1);
INSERT INTO `zone` VALUES(1008, 63, 'Al Jizah', 'JZH', 1);
INSERT INTO `zone` VALUES(1009, 63, 'Al Minufiyah', 'MFY', 1);
INSERT INTO `zone` VALUES(1010, 63, 'Al Minya', 'MNY', 1);
INSERT INTO `zone` VALUES(1011, 63, 'Al Qahirah', 'QHR', 1);
INSERT INTO `zone` VALUES(1012, 63, 'Al Qalyubiyah', 'QLY', 1);
INSERT INTO `zone` VALUES(1013, 63, 'Al Wadi al Jadid', 'WJD', 1);
INSERT INTO `zone` VALUES(1014, 63, 'Ash Sharqiyah', 'SHQ', 1);
INSERT INTO `zone` VALUES(1015, 63, 'As Suways', 'SWY', 1);
INSERT INTO `zone` VALUES(1016, 63, 'Aswan', 'ASW', 1);
INSERT INTO `zone` VALUES(1017, 63, 'Asyut', 'ASY', 1);
INSERT INTO `zone` VALUES(1018, 63, 'Bani Suwayf', 'BSW', 1);
INSERT INTO `zone` VALUES(1019, 63, 'Bur Sa''id', 'BSD', 1);
INSERT INTO `zone` VALUES(1020, 63, 'Dumyat', 'DMY', 1);
INSERT INTO `zone` VALUES(1021, 63, 'Janub Sina''', 'JNS', 1);
INSERT INTO `zone` VALUES(1022, 63, 'Kafr ash Shaykh', 'KSH', 1);
INSERT INTO `zone` VALUES(1023, 63, 'Matruh', 'MAT', 1);
INSERT INTO `zone` VALUES(1024, 63, 'Qina', 'QIN', 1);
INSERT INTO `zone` VALUES(1025, 63, 'Shamal Sina''', 'SHS', 1);
INSERT INTO `zone` VALUES(1026, 63, 'Suhaj', 'SUH', 1);
INSERT INTO `zone` VALUES(1027, 64, 'Ahuachapan', 'AH', 1);
INSERT INTO `zone` VALUES(1028, 64, 'Cabanas', 'CA', 1);
INSERT INTO `zone` VALUES(1029, 64, 'Chalatenango', 'CH', 1);
INSERT INTO `zone` VALUES(1030, 64, 'Cuscatlan', 'CU', 1);
INSERT INTO `zone` VALUES(1031, 64, 'La Libertad', 'LB', 1);
INSERT INTO `zone` VALUES(1032, 64, 'La Paz', 'PZ', 1);
INSERT INTO `zone` VALUES(1033, 64, 'La Union', 'UN', 1);
INSERT INTO `zone` VALUES(1034, 64, 'Morazan', 'MO', 1);
INSERT INTO `zone` VALUES(1035, 64, 'San Miguel', 'SM', 1);
INSERT INTO `zone` VALUES(1036, 64, 'San Salvador', 'SS', 1);
INSERT INTO `zone` VALUES(1037, 64, 'San Vicente', 'SV', 1);
INSERT INTO `zone` VALUES(1038, 64, 'Santa Ana', 'SA', 1);
INSERT INTO `zone` VALUES(1039, 64, 'Sonsonate', 'SO', 1);
INSERT INTO `zone` VALUES(1040, 64, 'Usulutan', 'US', 1);
INSERT INTO `zone` VALUES(1041, 65, 'Provincia Annobon', 'AN', 1);
INSERT INTO `zone` VALUES(1042, 65, 'Provincia Bioko Norte', 'BN', 1);
INSERT INTO `zone` VALUES(1043, 65, 'Provincia Bioko Sur', 'BS', 1);
INSERT INTO `zone` VALUES(1044, 65, 'Provincia Centro Sur', 'CS', 1);
INSERT INTO `zone` VALUES(1045, 65, 'Provincia Kie-Ntem', 'KN', 1);
INSERT INTO `zone` VALUES(1046, 65, 'Provincia Litoral', 'LI', 1);
INSERT INTO `zone` VALUES(1047, 65, 'Provincia Wele-Nzas', 'WN', 1);
INSERT INTO `zone` VALUES(1048, 66, 'Central (Maekel)', 'MA', 1);
INSERT INTO `zone` VALUES(1049, 66, 'Anseba (Keren)', 'KE', 1);
INSERT INTO `zone` VALUES(1050, 66, 'Southern Red Sea (Debub-Keih-Bahri)', 'DK', 1);
INSERT INTO `zone` VALUES(1051, 66, 'Northern Red Sea (Semien-Keih-Bahri)', 'SK', 1);
INSERT INTO `zone` VALUES(1052, 66, 'Southern (Debub)', 'DE', 1);
INSERT INTO `zone` VALUES(1053, 66, 'Gash-Barka (Barentu)', 'BR', 1);
INSERT INTO `zone` VALUES(1054, 67, 'Harjumaa (Tallinn)', 'HA', 1);
INSERT INTO `zone` VALUES(1055, 67, 'Hiiumaa (Kardla)', 'HI', 1);
INSERT INTO `zone` VALUES(1056, 67, 'Ida-Virumaa (Johvi)', 'IV', 1);
INSERT INTO `zone` VALUES(1057, 67, 'Jarvamaa (Paide)', 'JA', 1);
INSERT INTO `zone` VALUES(1058, 67, 'Jogevamaa (Jogeva)', 'JO', 1);
INSERT INTO `zone` VALUES(1059, 67, 'Laane-Virumaa (Rakvere)', 'LV', 1);
INSERT INTO `zone` VALUES(1060, 67, 'Laanemaa (Haapsalu)', 'LA', 1);
INSERT INTO `zone` VALUES(1061, 67, 'Parnumaa (Parnu)', 'PA', 1);
INSERT INTO `zone` VALUES(1062, 67, 'Polvamaa (Polva)', 'PO', 1);
INSERT INTO `zone` VALUES(1063, 67, 'Raplamaa (Rapla)', 'RA', 1);
INSERT INTO `zone` VALUES(1064, 67, 'Saaremaa (Kuessaare)', 'SA', 1);
INSERT INTO `zone` VALUES(1065, 67, 'Tartumaa (Tartu)', 'TA', 1);
INSERT INTO `zone` VALUES(1066, 67, 'Valgamaa (Valga)', 'VA', 1);
INSERT INTO `zone` VALUES(1067, 67, 'Viljandimaa (Viljandi)', 'VI', 1);
INSERT INTO `zone` VALUES(1068, 67, 'Vorumaa (Voru)', 'VO', 1);
INSERT INTO `zone` VALUES(1069, 68, 'Afar', 'AF', 1);
INSERT INTO `zone` VALUES(1070, 68, 'Amhara', 'AH', 1);
INSERT INTO `zone` VALUES(1071, 68, 'Benishangul-Gumaz', 'BG', 1);
INSERT INTO `zone` VALUES(1072, 68, 'Gambela', 'GB', 1);
INSERT INTO `zone` VALUES(1073, 68, 'Hariai', 'HR', 1);
INSERT INTO `zone` VALUES(1074, 68, 'Oromia', 'OR', 1);
INSERT INTO `zone` VALUES(1075, 68, 'Somali', 'SM', 1);
INSERT INTO `zone` VALUES(1076, 68, 'Southern Nations - Nationalities and Peoples Region', 'SN', 1);
INSERT INTO `zone` VALUES(1077, 68, 'Tigray', 'TG', 1);
INSERT INTO `zone` VALUES(1078, 68, 'Addis Ababa', 'AA', 1);
INSERT INTO `zone` VALUES(1079, 68, 'Dire Dawa', 'DD', 1);
INSERT INTO `zone` VALUES(1080, 71, 'Central Division', 'C', 1);
INSERT INTO `zone` VALUES(1081, 71, 'Northern Division', 'N', 1);
INSERT INTO `zone` VALUES(1082, 71, 'Eastern Division', 'E', 1);
INSERT INTO `zone` VALUES(1083, 71, 'Western Division', 'W', 1);
INSERT INTO `zone` VALUES(1084, 71, 'Rotuma', 'R', 1);
INSERT INTO `zone` VALUES(1085, 72, 'Ahvenanmaan lni', 'AL', 1);
INSERT INTO `zone` VALUES(1086, 72, 'Etel-Suomen lni', 'ES', 1);
INSERT INTO `zone` VALUES(1087, 72, 'It-Suomen lni', 'IS', 1);
INSERT INTO `zone` VALUES(1088, 72, 'Lnsi-Suomen lni', 'LS', 1);
INSERT INTO `zone` VALUES(1089, 72, 'Lapin lni', 'LA', 1);
INSERT INTO `zone` VALUES(1090, 72, 'Oulun lni', 'OU', 1);
INSERT INTO `zone` VALUES(1114, 74, 'Ain', '01', 1);
INSERT INTO `zone` VALUES(1115, 74, 'Aisne', '02', 1);
INSERT INTO `zone` VALUES(1116, 74, 'Allier', '03', 1);
INSERT INTO `zone` VALUES(1117, 74, 'Alpes de Haute Provence', '04', 1);
INSERT INTO `zone` VALUES(1118, 74, 'Hautes-Alpes', '05', 1);
INSERT INTO `zone` VALUES(1119, 74, 'Alpes Maritimes', '06', 1);
INSERT INTO `zone` VALUES(1120, 74, 'Ard&egrave;che', '07', 1);
INSERT INTO `zone` VALUES(1121, 74, 'Ardennes', '08', 1);
INSERT INTO `zone` VALUES(1122, 74, 'Ari&egrave;ge', '09', 1);
INSERT INTO `zone` VALUES(1123, 74, 'Aube', '10', 1);
INSERT INTO `zone` VALUES(1124, 74, 'Aude', '11', 1);
INSERT INTO `zone` VALUES(1125, 74, 'Aveyron', '12', 1);
INSERT INTO `zone` VALUES(1126, 74, 'Bouches du Rh&ocirc;ne', '13', 1);
INSERT INTO `zone` VALUES(1127, 74, 'Calvados', '14', 1);
INSERT INTO `zone` VALUES(1128, 74, 'Cantal', '15', 1);
INSERT INTO `zone` VALUES(1129, 74, 'Charente', '16', 1);
INSERT INTO `zone` VALUES(1130, 74, 'Charente Maritime', '17', 1);
INSERT INTO `zone` VALUES(1131, 74, 'Cher', '18', 1);
INSERT INTO `zone` VALUES(1132, 74, 'Corr&egrave;ze', '19', 1);
INSERT INTO `zone` VALUES(1133, 74, 'Corse du Sud', '2A', 1);
INSERT INTO `zone` VALUES(1134, 74, 'Haute Corse', '2B', 1);
INSERT INTO `zone` VALUES(1135, 74, 'C&ocirc;te d&#039;or', '21', 1);
INSERT INTO `zone` VALUES(1136, 74, 'C&ocirc;tes d&#039;Armor', '22', 1);
INSERT INTO `zone` VALUES(1137, 74, 'Creuse', '23', 1);
INSERT INTO `zone` VALUES(1138, 74, 'Dordogne', '24', 1);
INSERT INTO `zone` VALUES(1139, 74, 'Doubs', '25', 1);
INSERT INTO `zone` VALUES(1140, 74, 'Dr&ocirc;me', '26', 1);
INSERT INTO `zone` VALUES(1141, 74, 'Eure', '27', 1);
INSERT INTO `zone` VALUES(1142, 74, 'Eure et Loir', '28', 1);
INSERT INTO `zone` VALUES(1143, 74, 'Finist&egrave;re', '29', 1);
INSERT INTO `zone` VALUES(1144, 74, 'Gard', '30', 1);
INSERT INTO `zone` VALUES(1145, 74, 'Haute Garonne', '31', 1);
INSERT INTO `zone` VALUES(1146, 74, 'Gers', '32', 1);
INSERT INTO `zone` VALUES(1147, 74, 'Gironde', '33', 1);
INSERT INTO `zone` VALUES(1148, 74, 'H&eacute;rault', '34', 1);
INSERT INTO `zone` VALUES(1149, 74, 'Ille et Vilaine', '35', 1);
INSERT INTO `zone` VALUES(1150, 74, 'Indre', '36', 1);
INSERT INTO `zone` VALUES(1151, 74, 'Indre et Loire', '37', 1);
INSERT INTO `zone` VALUES(1152, 74, 'Is&eacute;re', '38', 1);
INSERT INTO `zone` VALUES(1153, 74, 'Jura', '39', 1);
INSERT INTO `zone` VALUES(1154, 74, 'Landes', '40', 1);
INSERT INTO `zone` VALUES(1155, 74, 'Loir et Cher', '41', 1);
INSERT INTO `zone` VALUES(1156, 74, 'Loire', '42', 1);
INSERT INTO `zone` VALUES(1157, 74, 'Haute Loire', '43', 1);
INSERT INTO `zone` VALUES(1158, 74, 'Loire Atlantique', '44', 1);
INSERT INTO `zone` VALUES(1159, 74, 'Loiret', '45', 1);
INSERT INTO `zone` VALUES(1160, 74, 'Lot', '46', 1);
INSERT INTO `zone` VALUES(1161, 74, 'Lot et Garonne', '47', 1);
INSERT INTO `zone` VALUES(1162, 74, 'Loz&egrave;re', '48', 1);
INSERT INTO `zone` VALUES(1163, 74, 'Maine et Loire', '49', 1);
INSERT INTO `zone` VALUES(1164, 74, 'Manche', '50', 1);
INSERT INTO `zone` VALUES(1165, 74, 'Marne', '51', 1);
INSERT INTO `zone` VALUES(1166, 74, 'Haute Marne', '52', 1);
INSERT INTO `zone` VALUES(1167, 74, 'Mayenne', '53', 1);
INSERT INTO `zone` VALUES(1168, 74, 'Meurthe et Moselle', '54', 1);
INSERT INTO `zone` VALUES(1169, 74, 'Meuse', '55', 1);
INSERT INTO `zone` VALUES(1170, 74, 'Morbihan', '56', 1);
INSERT INTO `zone` VALUES(1171, 74, 'Moselle', '57', 1);
INSERT INTO `zone` VALUES(1172, 74, 'Ni&egrave;vre', '58', 1);
INSERT INTO `zone` VALUES(1173, 74, 'Nord', '59', 1);
INSERT INTO `zone` VALUES(1174, 74, 'Oise', '60', 1);
INSERT INTO `zone` VALUES(1175, 74, 'Orne', '61', 1);
INSERT INTO `zone` VALUES(1176, 74, 'Pas de Calais', '62', 1);
INSERT INTO `zone` VALUES(1177, 74, 'Puy de D&ocirc;me', '63', 1);
INSERT INTO `zone` VALUES(1178, 74, 'Pyr&eacute;n&eacute;es Atlantiques', '64', 1);
INSERT INTO `zone` VALUES(1179, 74, 'Hautes Pyr&eacute;n&eacute;es', '65', 1);
INSERT INTO `zone` VALUES(1180, 74, 'Pyr&eacute;n&eacute;es Orientales', '66', 1);
INSERT INTO `zone` VALUES(1181, 74, 'Bas Rhin', '67', 1);
INSERT INTO `zone` VALUES(1182, 74, 'Haut Rhin', '68', 1);
INSERT INTO `zone` VALUES(1183, 74, 'Rh&ocirc;ne', '69', 1);
INSERT INTO `zone` VALUES(1184, 74, 'Haute Sa&ocirc;ne', '70', 1);
INSERT INTO `zone` VALUES(1185, 74, 'Sa&ocirc;ne et Loire', '71', 1);
INSERT INTO `zone` VALUES(1186, 74, 'Sarthe', '72', 1);
INSERT INTO `zone` VALUES(1187, 74, 'Savoie', '73', 1);
INSERT INTO `zone` VALUES(1188, 74, 'Haute Savoie', '74', 1);
INSERT INTO `zone` VALUES(1189, 74, 'Paris', '75', 1);
INSERT INTO `zone` VALUES(1190, 74, 'Seine Maritime', '76', 1);
INSERT INTO `zone` VALUES(1191, 74, 'Seine et Marne', '77', 1);
INSERT INTO `zone` VALUES(1192, 74, 'Yvelines', '78', 1);
INSERT INTO `zone` VALUES(1193, 74, 'Deux S&egrave;vres', '79', 1);
INSERT INTO `zone` VALUES(1194, 74, 'Somme', '80', 1);
INSERT INTO `zone` VALUES(1195, 74, 'Tarn', '81', 1);
INSERT INTO `zone` VALUES(1196, 74, 'Tarn et Garonne', '82', 1);
INSERT INTO `zone` VALUES(1197, 74, 'Var', '83', 1);
INSERT INTO `zone` VALUES(1198, 74, 'Vaucluse', '84', 1);
INSERT INTO `zone` VALUES(1199, 74, 'Vend&eacute;e', '85', 1);
INSERT INTO `zone` VALUES(1200, 74, 'Vienne', '86', 1);
INSERT INTO `zone` VALUES(1201, 74, 'Haute Vienne', '87', 1);
INSERT INTO `zone` VALUES(1202, 74, 'Vosges', '88', 1);
INSERT INTO `zone` VALUES(1203, 74, 'Yonne', '89', 1);
INSERT INTO `zone` VALUES(1204, 74, 'Territoire de Belfort', '90', 1);
INSERT INTO `zone` VALUES(1205, 74, 'Essonne', '91', 1);
INSERT INTO `zone` VALUES(1206, 74, 'Hauts de Seine', '92', 1);
INSERT INTO `zone` VALUES(1207, 74, 'Seine St-Denis', '93', 1);
INSERT INTO `zone` VALUES(1208, 74, 'Val de Marne', '94', 1);
INSERT INTO `zone` VALUES(1209, 74, 'Val d''Oise', '95', 1);
INSERT INTO `zone` VALUES(1210, 76, 'Archipel des Marquises', 'M', 1);
INSERT INTO `zone` VALUES(1211, 76, 'Archipel des Tuamotu', 'T', 1);
INSERT INTO `zone` VALUES(1212, 76, 'Archipel des Tubuai', 'I', 1);
INSERT INTO `zone` VALUES(1213, 76, 'Iles du Vent', 'V', 1);
INSERT INTO `zone` VALUES(1214, 76, 'Iles Sous-le-Vent', 'S', 1);
INSERT INTO `zone` VALUES(1215, 77, 'Iles Crozet', 'C', 1);
INSERT INTO `zone` VALUES(1216, 77, 'Iles Kerguelen', 'K', 1);
INSERT INTO `zone` VALUES(1217, 77, 'Ile Amsterdam', 'A', 1);
INSERT INTO `zone` VALUES(1218, 77, 'Ile Saint-Paul', 'P', 1);
INSERT INTO `zone` VALUES(1219, 77, 'Adelie Land', 'D', 1);
INSERT INTO `zone` VALUES(1220, 78, 'Estuaire', 'ES', 1);
INSERT INTO `zone` VALUES(1221, 78, 'Haut-Ogooue', 'HO', 1);
INSERT INTO `zone` VALUES(1222, 78, 'Moyen-Ogooue', 'MO', 1);
INSERT INTO `zone` VALUES(1223, 78, 'Ngounie', 'NG', 1);
INSERT INTO `zone` VALUES(1224, 78, 'Nyanga', 'NY', 1);
INSERT INTO `zone` VALUES(1225, 78, 'Ogooue-Ivindo', 'OI', 1);
INSERT INTO `zone` VALUES(1226, 78, 'Ogooue-Lolo', 'OL', 1);
INSERT INTO `zone` VALUES(1227, 78, 'Ogooue-Maritime', 'OM', 1);
INSERT INTO `zone` VALUES(1228, 78, 'Woleu-Ntem', 'WN', 1);
INSERT INTO `zone` VALUES(1229, 79, 'Banjul', 'BJ', 1);
INSERT INTO `zone` VALUES(1230, 79, 'Basse', 'BS', 1);
INSERT INTO `zone` VALUES(1231, 79, 'Brikama', 'BR', 1);
INSERT INTO `zone` VALUES(1232, 79, 'Janjangbure', 'JA', 1);
INSERT INTO `zone` VALUES(1233, 79, 'Kanifeng', 'KA', 1);
INSERT INTO `zone` VALUES(1234, 79, 'Kerewan', 'KE', 1);
INSERT INTO `zone` VALUES(1235, 79, 'Kuntaur', 'KU', 1);
INSERT INTO `zone` VALUES(1236, 79, 'Mansakonko', 'MA', 1);
INSERT INTO `zone` VALUES(1237, 79, 'Lower River', 'LR', 1);
INSERT INTO `zone` VALUES(1238, 79, 'Central River', 'CR', 1);
INSERT INTO `zone` VALUES(1239, 79, 'North Bank', 'NB', 1);
INSERT INTO `zone` VALUES(1240, 79, 'Upper River', 'UR', 1);
INSERT INTO `zone` VALUES(1241, 79, 'Western', 'WE', 1);
INSERT INTO `zone` VALUES(1242, 80, 'Abkhazia', 'AB', 1);
INSERT INTO `zone` VALUES(1243, 80, 'Ajaria', 'AJ', 1);
INSERT INTO `zone` VALUES(1244, 80, 'Tbilisi', 'TB', 1);
INSERT INTO `zone` VALUES(1245, 80, 'Guria', 'GU', 1);
INSERT INTO `zone` VALUES(1246, 80, 'Imereti', 'IM', 1);
INSERT INTO `zone` VALUES(1247, 80, 'Kakheti', 'KA', 1);
INSERT INTO `zone` VALUES(1248, 80, 'Kvemo Kartli', 'KK', 1);
INSERT INTO `zone` VALUES(1249, 80, 'Mtskheta-Mtianeti', 'MM', 1);
INSERT INTO `zone` VALUES(1250, 80, 'Racha Lechkhumi and Kvemo Svanet', 'RL', 1);
INSERT INTO `zone` VALUES(1251, 80, 'Samegrelo-Zemo Svaneti', 'SZ', 1);
INSERT INTO `zone` VALUES(1252, 80, 'Samtskhe-Javakheti', 'SJ', 1);
INSERT INTO `zone` VALUES(1253, 80, 'Shida Kartli', 'SK', 1);
INSERT INTO `zone` VALUES(1254, 81, 'Baden-Wrttemberg', 'BAW', 1);
INSERT INTO `zone` VALUES(1255, 81, 'Bayern', 'BAY', 1);
INSERT INTO `zone` VALUES(1256, 81, 'Berlin', 'BER', 1);
INSERT INTO `zone` VALUES(1257, 81, 'Brandenburg', 'BRG', 1);
INSERT INTO `zone` VALUES(1258, 81, 'Bremen', 'BRE', 1);
INSERT INTO `zone` VALUES(1259, 81, 'Hamburg', 'HAM', 1);
INSERT INTO `zone` VALUES(1260, 81, 'Hessen', 'HES', 1);
INSERT INTO `zone` VALUES(1261, 81, 'Mecklenburg-Vorpommern', 'MEC', 1);
INSERT INTO `zone` VALUES(1262, 81, 'Niedersachsen', 'NDS', 1);
INSERT INTO `zone` VALUES(1263, 81, 'Nordrhein-Westfalen', 'NRW', 1);
INSERT INTO `zone` VALUES(1264, 81, 'Rheinland-Pfalz', 'RHE', 1);
INSERT INTO `zone` VALUES(1265, 81, 'Saarland', 'SAR', 1);
INSERT INTO `zone` VALUES(1266, 81, 'Sachsen', 'SAS', 1);
INSERT INTO `zone` VALUES(1267, 81, 'Sachsen-Anhalt', 'SAC', 1);
INSERT INTO `zone` VALUES(1268, 81, 'Schleswig-Holstein', 'SCN', 1);
INSERT INTO `zone` VALUES(1269, 81, 'Thringen', 'THE', 1);
INSERT INTO `zone` VALUES(1270, 82, 'Ashanti Region', 'AS', 1);
INSERT INTO `zone` VALUES(1271, 82, 'Brong-Ahafo Region', 'BA', 1);
INSERT INTO `zone` VALUES(1272, 82, 'Central Region', 'CE', 1);
INSERT INTO `zone` VALUES(1273, 82, 'Eastern Region', 'EA', 1);
INSERT INTO `zone` VALUES(1274, 82, 'Greater Accra Region', 'GA', 1);
INSERT INTO `zone` VALUES(1275, 82, 'Northern Region', 'NO', 1);
INSERT INTO `zone` VALUES(1276, 82, 'Upper East Region', 'UE', 1);
INSERT INTO `zone` VALUES(1277, 82, 'Upper West Region', 'UW', 1);
INSERT INTO `zone` VALUES(1278, 82, 'Volta Region', 'VO', 1);
INSERT INTO `zone` VALUES(1279, 82, 'Western Region', 'WE', 1);
INSERT INTO `zone` VALUES(1280, 84, 'Attica', 'AT', 1);
INSERT INTO `zone` VALUES(1281, 84, 'Central Greece', 'CN', 1);
INSERT INTO `zone` VALUES(1282, 84, 'Central Macedonia', 'CM', 1);
INSERT INTO `zone` VALUES(1283, 84, 'Crete', 'CR', 1);
INSERT INTO `zone` VALUES(1284, 84, 'East Macedonia and Thrace', 'EM', 1);
INSERT INTO `zone` VALUES(1285, 84, 'Epirus', 'EP', 1);
INSERT INTO `zone` VALUES(1286, 84, 'Ionian Islands', 'II', 1);
INSERT INTO `zone` VALUES(1287, 84, 'North Aegean', 'NA', 1);
INSERT INTO `zone` VALUES(1288, 84, 'Peloponnesos', 'PP', 1);
INSERT INTO `zone` VALUES(1289, 84, 'South Aegean', 'SA', 1);
INSERT INTO `zone` VALUES(1290, 84, 'Thessaly', 'TH', 1);
INSERT INTO `zone` VALUES(1291, 84, 'West Greece', 'WG', 1);
INSERT INTO `zone` VALUES(1292, 84, 'West Macedonia', 'WM', 1);
INSERT INTO `zone` VALUES(1293, 85, 'Avannaa', 'A', 1);
INSERT INTO `zone` VALUES(1294, 85, 'Tunu', 'T', 1);
INSERT INTO `zone` VALUES(1295, 85, 'Kitaa', 'K', 1);
INSERT INTO `zone` VALUES(1296, 86, 'Saint Andrew', 'A', 1);
INSERT INTO `zone` VALUES(1297, 86, 'Saint David', 'D', 1);
INSERT INTO `zone` VALUES(1298, 86, 'Saint George', 'G', 1);
INSERT INTO `zone` VALUES(1299, 86, 'Saint John', 'J', 1);
INSERT INTO `zone` VALUES(1300, 86, 'Saint Mark', 'M', 1);
INSERT INTO `zone` VALUES(1301, 86, 'Saint Patrick', 'P', 1);
INSERT INTO `zone` VALUES(1302, 86, 'Carriacou', 'C', 1);
INSERT INTO `zone` VALUES(1303, 86, 'Petit Martinique', 'Q', 1);
INSERT INTO `zone` VALUES(1304, 89, 'Alta Verapaz', 'AV', 1);
INSERT INTO `zone` VALUES(1305, 89, 'Baja Verapaz', 'BV', 1);
INSERT INTO `zone` VALUES(1306, 89, 'Chimaltenango', 'CM', 1);
INSERT INTO `zone` VALUES(1307, 89, 'Chiquimula', 'CQ', 1);
INSERT INTO `zone` VALUES(1308, 89, 'El Peten', 'PE', 1);
INSERT INTO `zone` VALUES(1309, 89, 'El Progreso', 'PR', 1);
INSERT INTO `zone` VALUES(1310, 89, 'El Quiche', 'QC', 1);
INSERT INTO `zone` VALUES(1311, 89, 'Escuintla', 'ES', 1);
INSERT INTO `zone` VALUES(1312, 89, 'Guatemala', 'GU', 1);
INSERT INTO `zone` VALUES(1313, 89, 'Huehuetenango', 'HU', 1);
INSERT INTO `zone` VALUES(1314, 89, 'Izabal', 'IZ', 1);
INSERT INTO `zone` VALUES(1315, 89, 'Jalapa', 'JA', 1);
INSERT INTO `zone` VALUES(1316, 89, 'Jutiapa', 'JU', 1);
INSERT INTO `zone` VALUES(1317, 89, 'Quetzaltenango', 'QZ', 1);
INSERT INTO `zone` VALUES(1318, 89, 'Retalhuleu', 'RE', 1);
INSERT INTO `zone` VALUES(1319, 89, 'Sacatepequez', 'ST', 1);
INSERT INTO `zone` VALUES(1320, 89, 'San Marcos', 'SM', 1);
INSERT INTO `zone` VALUES(1321, 89, 'Santa Rosa', 'SR', 1);
INSERT INTO `zone` VALUES(1322, 89, 'Solola', 'SO', 1);
INSERT INTO `zone` VALUES(1323, 89, 'Suchitepequez', 'SU', 1);
INSERT INTO `zone` VALUES(1324, 89, 'Totonicapan', 'TO', 1);
INSERT INTO `zone` VALUES(1325, 89, 'Zacapa', 'ZA', 1);
INSERT INTO `zone` VALUES(1326, 90, 'Conakry', 'CNK', 1);
INSERT INTO `zone` VALUES(1327, 90, 'Beyla', 'BYL', 1);
INSERT INTO `zone` VALUES(1328, 90, 'Boffa', 'BFA', 1);
INSERT INTO `zone` VALUES(1329, 90, 'Boke', 'BOK', 1);
INSERT INTO `zone` VALUES(1330, 90, 'Coyah', 'COY', 1);
INSERT INTO `zone` VALUES(1331, 90, 'Dabola', 'DBL', 1);
INSERT INTO `zone` VALUES(1332, 90, 'Dalaba', 'DLB', 1);
INSERT INTO `zone` VALUES(1333, 90, 'Dinguiraye', 'DGR', 1);
INSERT INTO `zone` VALUES(1334, 90, 'Dubreka', 'DBR', 1);
INSERT INTO `zone` VALUES(1335, 90, 'Faranah', 'FRN', 1);
INSERT INTO `zone` VALUES(1336, 90, 'Forecariah', 'FRC', 1);
INSERT INTO `zone` VALUES(1337, 90, 'Fria', 'FRI', 1);
INSERT INTO `zone` VALUES(1338, 90, 'Gaoual', 'GAO', 1);
INSERT INTO `zone` VALUES(1339, 90, 'Gueckedou', 'GCD', 1);
INSERT INTO `zone` VALUES(1340, 90, 'Kankan', 'KNK', 1);
INSERT INTO `zone` VALUES(1341, 90, 'Kerouane', 'KRN', 1);
INSERT INTO `zone` VALUES(1342, 90, 'Kindia', 'KND', 1);
INSERT INTO `zone` VALUES(1343, 90, 'Kissidougou', 'KSD', 1);
INSERT INTO `zone` VALUES(1344, 90, 'Koubia', 'KBA', 1);
INSERT INTO `zone` VALUES(1345, 90, 'Koundara', 'KDA', 1);
INSERT INTO `zone` VALUES(1346, 90, 'Kouroussa', 'KRA', 1);
INSERT INTO `zone` VALUES(1347, 90, 'Labe', 'LAB', 1);
INSERT INTO `zone` VALUES(1348, 90, 'Lelouma', 'LLM', 1);
INSERT INTO `zone` VALUES(1349, 90, 'Lola', 'LOL', 1);
INSERT INTO `zone` VALUES(1350, 90, 'Macenta', 'MCT', 1);
INSERT INTO `zone` VALUES(1351, 90, 'Mali', 'MAL', 1);
INSERT INTO `zone` VALUES(1352, 90, 'Mamou', 'MAM', 1);
INSERT INTO `zone` VALUES(1353, 90, 'Mandiana', 'MAN', 1);
INSERT INTO `zone` VALUES(1354, 90, 'Nzerekore', 'NZR', 1);
INSERT INTO `zone` VALUES(1355, 90, 'Pita', 'PIT', 1);
INSERT INTO `zone` VALUES(1356, 90, 'Siguiri', 'SIG', 1);
INSERT INTO `zone` VALUES(1357, 90, 'Telimele', 'TLM', 1);
INSERT INTO `zone` VALUES(1358, 90, 'Tougue', 'TOG', 1);
INSERT INTO `zone` VALUES(1359, 90, 'Yomou', 'YOM', 1);
INSERT INTO `zone` VALUES(1360, 91, 'Bafata Region', 'BF', 1);
INSERT INTO `zone` VALUES(1361, 91, 'Biombo Region', 'BB', 1);
INSERT INTO `zone` VALUES(1362, 91, 'Bissau Region', 'BS', 1);
INSERT INTO `zone` VALUES(1363, 91, 'Bolama Region', 'BL', 1);
INSERT INTO `zone` VALUES(1364, 91, 'Cacheu Region', 'CA', 1);
INSERT INTO `zone` VALUES(1365, 91, 'Gabu Region', 'GA', 1);
INSERT INTO `zone` VALUES(1366, 91, 'Oio Region', 'OI', 1);
INSERT INTO `zone` VALUES(1367, 91, 'Quinara Region', 'QU', 1);
INSERT INTO `zone` VALUES(1368, 91, 'Tombali Region', 'TO', 1);
INSERT INTO `zone` VALUES(1369, 92, 'Barima-Waini', 'BW', 1);
INSERT INTO `zone` VALUES(1370, 92, 'Cuyuni-Mazaruni', 'CM', 1);
INSERT INTO `zone` VALUES(1371, 92, 'Demerara-Mahaica', 'DM', 1);
INSERT INTO `zone` VALUES(1372, 92, 'East Berbice-Corentyne', 'EC', 1);
INSERT INTO `zone` VALUES(1373, 92, 'Essequibo Islands-West Demerara', 'EW', 1);
INSERT INTO `zone` VALUES(1374, 92, 'Mahaica-Berbice', 'MB', 1);
INSERT INTO `zone` VALUES(1375, 92, 'Pomeroon-Supenaam', 'PM', 1);
INSERT INTO `zone` VALUES(1376, 92, 'Potaro-Siparuni', 'PI', 1);
INSERT INTO `zone` VALUES(1377, 92, 'Upper Demerara-Berbice', 'UD', 1);
INSERT INTO `zone` VALUES(1378, 92, 'Upper Takutu-Upper Essequibo', 'UT', 1);
INSERT INTO `zone` VALUES(1379, 93, 'Artibonite', 'AR', 1);
INSERT INTO `zone` VALUES(1380, 93, 'Centre', 'CE', 1);
INSERT INTO `zone` VALUES(1381, 93, 'Grand''Anse', 'GA', 1);
INSERT INTO `zone` VALUES(1382, 93, 'Nord', 'ND', 1);
INSERT INTO `zone` VALUES(1383, 93, 'Nord-Est', 'NE', 1);
INSERT INTO `zone` VALUES(1384, 93, 'Nord-Ouest', 'NO', 1);
INSERT INTO `zone` VALUES(1385, 93, 'Ouest', 'OU', 1);
INSERT INTO `zone` VALUES(1386, 93, 'Sud', 'SD', 1);
INSERT INTO `zone` VALUES(1387, 93, 'Sud-Est', 'SE', 1);
INSERT INTO `zone` VALUES(1388, 94, 'Flat Island', 'F', 1);
INSERT INTO `zone` VALUES(1389, 94, 'McDonald Island', 'M', 1);
INSERT INTO `zone` VALUES(1390, 94, 'Shag Island', 'S', 1);
INSERT INTO `zone` VALUES(1391, 94, 'Heard Island', 'H', 1);
INSERT INTO `zone` VALUES(1392, 95, 'Atlantida', 'AT', 1);
INSERT INTO `zone` VALUES(1393, 95, 'Choluteca', 'CH', 1);
INSERT INTO `zone` VALUES(1394, 95, 'Colon', 'CL', 1);
INSERT INTO `zone` VALUES(1395, 95, 'Comayagua', 'CM', 1);
INSERT INTO `zone` VALUES(1396, 95, 'Copan', 'CP', 1);
INSERT INTO `zone` VALUES(1397, 95, 'Cortes', 'CR', 1);
INSERT INTO `zone` VALUES(1398, 95, 'El Paraiso', 'PA', 1);
INSERT INTO `zone` VALUES(1399, 95, 'Francisco Morazan', 'FM', 1);
INSERT INTO `zone` VALUES(1400, 95, 'Gracias a Dios', 'GD', 1);
INSERT INTO `zone` VALUES(1401, 95, 'Intibuca', 'IN', 1);
INSERT INTO `zone` VALUES(1402, 95, 'Islas de la Bahia (Bay Islands)', 'IB', 1);
INSERT INTO `zone` VALUES(1403, 95, 'La Paz', 'PZ', 1);
INSERT INTO `zone` VALUES(1404, 95, 'Lempira', 'LE', 1);
INSERT INTO `zone` VALUES(1405, 95, 'Ocotepeque', 'OC', 1);
INSERT INTO `zone` VALUES(1406, 95, 'Olancho', 'OL', 1);
INSERT INTO `zone` VALUES(1407, 95, 'Santa Barbara', 'SB', 1);
INSERT INTO `zone` VALUES(1408, 95, 'Valle', 'VA', 1);
INSERT INTO `zone` VALUES(1409, 95, 'Yoro', 'YO', 1);
INSERT INTO `zone` VALUES(1410, 96, 'Central and Western Hong Kong Island', 'HCW', 1);
INSERT INTO `zone` VALUES(1411, 96, 'Eastern Hong Kong Island', 'HEA', 1);
INSERT INTO `zone` VALUES(1412, 96, 'Southern Hong Kong Island', 'HSO', 1);
INSERT INTO `zone` VALUES(1413, 96, 'Wan Chai Hong Kong Island', 'HWC', 1);
INSERT INTO `zone` VALUES(1414, 96, 'Kowloon City Kowloon', 'KKC', 1);
INSERT INTO `zone` VALUES(1415, 96, 'Kwun Tong Kowloon', 'KKT', 1);
INSERT INTO `zone` VALUES(1416, 96, 'Sham Shui Po Kowloon', 'KSS', 1);
INSERT INTO `zone` VALUES(1417, 96, 'Wong Tai Sin Kowloon', 'KWT', 1);
INSERT INTO `zone` VALUES(1418, 96, 'Yau Tsim Mong Kowloon', 'KYT', 1);
INSERT INTO `zone` VALUES(1419, 96, 'Islands New Territories', 'NIS', 1);
INSERT INTO `zone` VALUES(1420, 96, 'Kwai Tsing New Territories', 'NKT', 1);
INSERT INTO `zone` VALUES(1421, 96, 'North New Territories', 'NNO', 1);
INSERT INTO `zone` VALUES(1422, 96, 'Sai Kung New Territories', 'NSK', 1);
INSERT INTO `zone` VALUES(1423, 96, 'Sha Tin New Territories', 'NST', 1);
INSERT INTO `zone` VALUES(1424, 96, 'Tai Po New Territories', 'NTP', 1);
INSERT INTO `zone` VALUES(1425, 96, 'Tsuen Wan New Territories', 'NTW', 1);
INSERT INTO `zone` VALUES(1426, 96, 'Tuen Mun New Territories', 'NTM', 1);
INSERT INTO `zone` VALUES(1427, 96, 'Yuen Long New Territories', 'NYL', 1);
INSERT INTO `zone` VALUES(1467, 98, 'Austurland', 'AL', 1);
INSERT INTO `zone` VALUES(1468, 98, 'Hofuoborgarsvaeoi', 'HF', 1);
INSERT INTO `zone` VALUES(1469, 98, 'Norourland eystra', 'NE', 1);
INSERT INTO `zone` VALUES(1470, 98, 'Norourland vestra', 'NV', 1);
INSERT INTO `zone` VALUES(1471, 98, 'Suourland', 'SL', 1);
INSERT INTO `zone` VALUES(1472, 98, 'Suournes', 'SN', 1);
INSERT INTO `zone` VALUES(1473, 98, 'Vestfiroir', 'VF', 1);
INSERT INTO `zone` VALUES(1474, 98, 'Vesturland', 'VL', 1);
INSERT INTO `zone` VALUES(1475, 99, 'Andaman and Nicobar Islands', 'AN', 1);
INSERT INTO `zone` VALUES(1476, 99, 'Andhra Pradesh', 'AP', 1);
INSERT INTO `zone` VALUES(1477, 99, 'Arunachal Pradesh', 'AR', 1);
INSERT INTO `zone` VALUES(1478, 99, 'Assam', 'AS', 1);
INSERT INTO `zone` VALUES(1479, 99, 'Bihar', 'BI', 1);
INSERT INTO `zone` VALUES(1480, 99, 'Chandigarh', 'CH', 1);
INSERT INTO `zone` VALUES(1481, 99, 'Dadra and Nagar Haveli', 'DA', 1);
INSERT INTO `zone` VALUES(1482, 99, 'Daman and Diu', 'DM', 1);
INSERT INTO `zone` VALUES(1483, 99, 'Delhi', 'DE', 1);
INSERT INTO `zone` VALUES(1484, 99, 'Goa', 'GO', 1);
INSERT INTO `zone` VALUES(1485, 99, 'Gujarat', 'GU', 1);
INSERT INTO `zone` VALUES(1486, 99, 'Haryana', 'HA', 1);
INSERT INTO `zone` VALUES(1487, 99, 'Himachal Pradesh', 'HP', 1);
INSERT INTO `zone` VALUES(1488, 99, 'Jammu and Kashmir', 'JA', 1);
INSERT INTO `zone` VALUES(1489, 99, 'Karnataka', 'KA', 1);
INSERT INTO `zone` VALUES(1490, 99, 'Kerala', 'KE', 1);
INSERT INTO `zone` VALUES(1491, 99, 'Lakshadweep Islands', 'LI', 1);
INSERT INTO `zone` VALUES(1492, 99, 'Madhya Pradesh', 'MP', 1);
INSERT INTO `zone` VALUES(1493, 99, 'Maharashtra', 'MA', 1);
INSERT INTO `zone` VALUES(1494, 99, 'Manipur', 'MN', 1);
INSERT INTO `zone` VALUES(1495, 99, 'Meghalaya', 'ME', 1);
INSERT INTO `zone` VALUES(1496, 99, 'Mizoram', 'MI', 1);
INSERT INTO `zone` VALUES(1497, 99, 'Nagaland', 'NA', 1);
INSERT INTO `zone` VALUES(1498, 99, 'Orissa', 'OR', 1);
INSERT INTO `zone` VALUES(1499, 99, 'Puducherry', 'PO', 1);
INSERT INTO `zone` VALUES(1500, 99, 'Punjab', 'PU', 1);
INSERT INTO `zone` VALUES(1501, 99, 'Rajasthan', 'RA', 1);
INSERT INTO `zone` VALUES(1502, 99, 'Sikkim', 'SI', 1);
INSERT INTO `zone` VALUES(1503, 99, 'Tamil Nadu', 'TN', 1);
INSERT INTO `zone` VALUES(1504, 99, 'Tripura', 'TR', 1);
INSERT INTO `zone` VALUES(1505, 99, 'Uttar Pradesh', 'UP', 1);
INSERT INTO `zone` VALUES(1506, 99, 'West Bengal', 'WB', 1);
INSERT INTO `zone` VALUES(1507, 100, 'Aceh', 'AC', 1);
INSERT INTO `zone` VALUES(1508, 100, 'Bali', 'BA', 1);
INSERT INTO `zone` VALUES(1509, 100, 'Banten', 'BT', 1);
INSERT INTO `zone` VALUES(1510, 100, 'Bengkulu', 'BE', 1);
INSERT INTO `zone` VALUES(1511, 100, 'Kalimantan Utara', 'BD', 1);
INSERT INTO `zone` VALUES(1512, 100, 'Gorontalo', 'GO', 1);
INSERT INTO `zone` VALUES(1513, 100, 'Jakarta', 'JK', 1);
INSERT INTO `zone` VALUES(1514, 100, 'Jambi', 'JA', 1);
INSERT INTO `zone` VALUES(1515, 100, 'Jawa Barat', 'JB', 1);
INSERT INTO `zone` VALUES(1516, 100, 'Jawa Tengah', 'JT', 1);
INSERT INTO `zone` VALUES(1517, 100, 'Jawa Timur', 'JI', 1);
INSERT INTO `zone` VALUES(1518, 100, 'Kalimantan Barat', 'KB', 1);
INSERT INTO `zone` VALUES(1519, 100, 'Kalimantan Selatan', 'KS', 1);
INSERT INTO `zone` VALUES(1520, 100, 'Kalimantan Tengah', 'KT', 1);
INSERT INTO `zone` VALUES(1521, 100, 'Kalimantan Timur', 'KI', 1);
INSERT INTO `zone` VALUES(1522, 100, 'Kepulauan Bangka Belitung', 'BB', 1);
INSERT INTO `zone` VALUES(1523, 100, 'Lampung', 'LA', 1);
INSERT INTO `zone` VALUES(1524, 100, 'Maluku', 'MA', 1);
INSERT INTO `zone` VALUES(1525, 100, 'Maluku Utara', 'MU', 1);
INSERT INTO `zone` VALUES(1526, 100, 'Nusa Tenggara Barat', 'NB', 1);
INSERT INTO `zone` VALUES(1527, 100, 'Nusa Tenggara Timur', 'NT', 1);
INSERT INTO `zone` VALUES(1528, 100, 'Papua', 'PA', 1);
INSERT INTO `zone` VALUES(1529, 100, 'Riau', 'RI', 1);
INSERT INTO `zone` VALUES(1530, 100, 'Sulawesi Selatan', 'SN', 1);
INSERT INTO `zone` VALUES(1531, 100, 'Sulawesi Tengah', 'ST', 1);
INSERT INTO `zone` VALUES(1532, 100, 'Sulawesi Tenggara', 'SG', 1);
INSERT INTO `zone` VALUES(1533, 100, 'Sulawesi Utara', 'SA', 1);
INSERT INTO `zone` VALUES(1534, 100, 'Sumatera Barat', 'SB', 1);
INSERT INTO `zone` VALUES(1535, 100, 'Sumatera Selatan', 'SS', 1);
INSERT INTO `zone` VALUES(1536, 100, 'Sumatera Utara', 'SU', 1);
INSERT INTO `zone` VALUES(1537, 100, 'Yogyakarta', 'YO', 1);
INSERT INTO `zone` VALUES(1538, 101, 'Tehran', 'TEH', 1);
INSERT INTO `zone` VALUES(1539, 101, 'Qom', 'QOM', 1);
INSERT INTO `zone` VALUES(1540, 101, 'Markazi', 'MKZ', 1);
INSERT INTO `zone` VALUES(1541, 101, 'Qazvin', 'QAZ', 1);
INSERT INTO `zone` VALUES(1542, 101, 'Gilan', 'GIL', 1);
INSERT INTO `zone` VALUES(1543, 101, 'Ardabil', 'ARD', 1);
INSERT INTO `zone` VALUES(1544, 101, 'Zanjan', 'ZAN', 1);
INSERT INTO `zone` VALUES(1545, 101, 'East Azarbaijan', 'EAZ', 1);
INSERT INTO `zone` VALUES(1546, 101, 'West Azarbaijan', 'WEZ', 1);
INSERT INTO `zone` VALUES(1547, 101, 'Kurdistan', 'KRD', 1);
INSERT INTO `zone` VALUES(1548, 101, 'Hamadan', 'HMD', 1);
INSERT INTO `zone` VALUES(1549, 101, 'Kermanshah', 'KRM', 1);
INSERT INTO `zone` VALUES(1550, 101, 'Ilam', 'ILM', 1);
INSERT INTO `zone` VALUES(1551, 101, 'Lorestan', 'LRS', 1);
INSERT INTO `zone` VALUES(1552, 101, 'Khuzestan', 'KZT', 1);
INSERT INTO `zone` VALUES(1553, 101, 'Chahar Mahaal and Bakhtiari', 'CMB', 1);
INSERT INTO `zone` VALUES(1554, 101, 'Kohkiluyeh and Buyer Ahmad', 'KBA', 1);
INSERT INTO `zone` VALUES(1555, 101, 'Bushehr', 'BSH', 1);
INSERT INTO `zone` VALUES(1556, 101, 'Fars', 'FAR', 1);
INSERT INTO `zone` VALUES(1557, 101, 'Hormozgan', 'HRM', 1);
INSERT INTO `zone` VALUES(1558, 101, 'Sistan and Baluchistan', 'SBL', 1);
INSERT INTO `zone` VALUES(1559, 101, 'Kerman', 'KRB', 1);
INSERT INTO `zone` VALUES(1560, 101, 'Yazd', 'YZD', 1);
INSERT INTO `zone` VALUES(1561, 101, 'Esfahan', 'EFH', 1);
INSERT INTO `zone` VALUES(1562, 101, 'Semnan', 'SMN', 1);
INSERT INTO `zone` VALUES(1563, 101, 'Mazandaran', 'MZD', 1);
INSERT INTO `zone` VALUES(1564, 101, 'Golestan', 'GLS', 1);
INSERT INTO `zone` VALUES(1565, 101, 'North Khorasan', 'NKH', 1);
INSERT INTO `zone` VALUES(1566, 101, 'Razavi Khorasan', 'RKH', 1);
INSERT INTO `zone` VALUES(1567, 101, 'South Khorasan', 'SKH', 1);
INSERT INTO `zone` VALUES(1568, 102, 'Baghdad', 'BD', 1);
INSERT INTO `zone` VALUES(1569, 102, 'Salah ad Din', 'SD', 1);
INSERT INTO `zone` VALUES(1570, 102, 'Diyala', 'DY', 1);
INSERT INTO `zone` VALUES(1571, 102, 'Wasit', 'WS', 1);
INSERT INTO `zone` VALUES(1572, 102, 'Maysan', 'MY', 1);
INSERT INTO `zone` VALUES(1573, 102, 'Al Basrah', 'BA', 1);
INSERT INTO `zone` VALUES(1574, 102, 'Dhi Qar', 'DQ', 1);
INSERT INTO `zone` VALUES(1575, 102, 'Al Muthanna', 'MU', 1);
INSERT INTO `zone` VALUES(1576, 102, 'Al Qadisyah', 'QA', 1);
INSERT INTO `zone` VALUES(1577, 102, 'Babil', 'BB', 1);
INSERT INTO `zone` VALUES(1578, 102, 'Al Karbala', 'KB', 1);
INSERT INTO `zone` VALUES(1579, 102, 'An Najaf', 'NJ', 1);
INSERT INTO `zone` VALUES(1580, 102, 'Al Anbar', 'AB', 1);
INSERT INTO `zone` VALUES(1581, 102, 'Ninawa', 'NN', 1);
INSERT INTO `zone` VALUES(1582, 102, 'Dahuk', 'DH', 1);
INSERT INTO `zone` VALUES(1583, 102, 'Arbil', 'AL', 1);
INSERT INTO `zone` VALUES(1584, 102, 'At Ta''mim', 'TM', 1);
INSERT INTO `zone` VALUES(1585, 102, 'As Sulaymaniyah', 'SL', 1);
INSERT INTO `zone` VALUES(1586, 103, 'Carlow', 'CA', 1);
INSERT INTO `zone` VALUES(1587, 103, 'Cavan', 'CV', 1);
INSERT INTO `zone` VALUES(1588, 103, 'Clare', 'CL', 1);
INSERT INTO `zone` VALUES(1589, 103, 'Cork', 'CO', 1);
INSERT INTO `zone` VALUES(1590, 103, 'Donegal', 'DO', 1);
INSERT INTO `zone` VALUES(1591, 103, 'Dublin', 'DU', 1);
INSERT INTO `zone` VALUES(1592, 103, 'Galway', 'GA', 1);
INSERT INTO `zone` VALUES(1593, 103, 'Kerry', 'KE', 1);
INSERT INTO `zone` VALUES(1594, 103, 'Kildare', 'KI', 1);
INSERT INTO `zone` VALUES(1595, 103, 'Kilkenny', 'KL', 1);
INSERT INTO `zone` VALUES(1596, 103, 'Laois', 'LA', 1);
INSERT INTO `zone` VALUES(1597, 103, 'Leitrim', 'LE', 1);
INSERT INTO `zone` VALUES(1598, 103, 'Limerick', 'LI', 1);
INSERT INTO `zone` VALUES(1599, 103, 'Longford', 'LO', 1);
INSERT INTO `zone` VALUES(1600, 103, 'Louth', 'LU', 1);
INSERT INTO `zone` VALUES(1601, 103, 'Mayo', 'MA', 1);
INSERT INTO `zone` VALUES(1602, 103, 'Meath', 'ME', 1);
INSERT INTO `zone` VALUES(1603, 103, 'Monaghan', 'MO', 1);
INSERT INTO `zone` VALUES(1604, 103, 'Offaly', 'OF', 1);
INSERT INTO `zone` VALUES(1605, 103, 'Roscommon', 'RO', 1);
INSERT INTO `zone` VALUES(1606, 103, 'Sligo', 'SL', 1);
INSERT INTO `zone` VALUES(1607, 103, 'Tipperary', 'TI', 1);
INSERT INTO `zone` VALUES(1608, 103, 'Waterford', 'WA', 1);
INSERT INTO `zone` VALUES(1609, 103, 'Westmeath', 'WE', 1);
INSERT INTO `zone` VALUES(1610, 103, 'Wexford', 'WX', 1);
INSERT INTO `zone` VALUES(1611, 103, 'Wicklow', 'WI', 1);
INSERT INTO `zone` VALUES(1612, 104, 'Be''er Sheva', 'BS', 1);
INSERT INTO `zone` VALUES(1613, 104, 'Bika''at Hayarden', 'BH', 1);
INSERT INTO `zone` VALUES(1614, 104, 'Eilat and Arava', 'EA', 1);
INSERT INTO `zone` VALUES(1615, 104, 'Galil', 'GA', 1);
INSERT INTO `zone` VALUES(1616, 104, 'Haifa', 'HA', 1);
INSERT INTO `zone` VALUES(1617, 104, 'Jehuda Mountains', 'JM', 1);
INSERT INTO `zone` VALUES(1618, 104, 'Jerusalem', 'JE', 1);
INSERT INTO `zone` VALUES(1619, 104, 'Negev', 'NE', 1);
INSERT INTO `zone` VALUES(1620, 104, 'Semaria', 'SE', 1);
INSERT INTO `zone` VALUES(1621, 104, 'Sharon', 'SH', 1);
INSERT INTO `zone` VALUES(1622, 104, 'Tel Aviv (Gosh Dan)', 'TA', 1);
INSERT INTO `zone` VALUES(3860, 105, 'Caltanissetta', 'CL', 1);
INSERT INTO `zone` VALUES(3842, 105, 'Agrigento', 'AG', 1);
INSERT INTO `zone` VALUES(3843, 105, 'Alessandria', 'AL', 1);
INSERT INTO `zone` VALUES(3844, 105, 'Ancona', 'AN', 1);
INSERT INTO `zone` VALUES(3845, 105, 'Aosta', 'AO', 1);
INSERT INTO `zone` VALUES(3846, 105, 'Arezzo', 'AR', 1);
INSERT INTO `zone` VALUES(3847, 105, 'Ascoli Piceno', 'AP', 1);
INSERT INTO `zone` VALUES(3848, 105, 'Asti', 'AT', 1);
INSERT INTO `zone` VALUES(3849, 105, 'Avellino', 'AV', 1);
INSERT INTO `zone` VALUES(3850, 105, 'Bari', 'BA', 1);
INSERT INTO `zone` VALUES(3851, 105, 'Belluno', 'BL', 1);
INSERT INTO `zone` VALUES(3852, 105, 'Benevento', 'BN', 1);
INSERT INTO `zone` VALUES(3853, 105, 'Bergamo', 'BG', 1);
INSERT INTO `zone` VALUES(3854, 105, 'Biella', 'BI', 1);
INSERT INTO `zone` VALUES(3855, 105, 'Bologna', 'BO', 1);
INSERT INTO `zone` VALUES(3856, 105, 'Bolzano', 'BZ', 1);
INSERT INTO `zone` VALUES(3857, 105, 'Brescia', 'BS', 1);
INSERT INTO `zone` VALUES(3858, 105, 'Brindisi', 'BR', 1);
INSERT INTO `zone` VALUES(3859, 105, 'Cagliari', 'CA', 1);
INSERT INTO `zone` VALUES(1643, 106, 'Clarendon Parish', 'CLA', 1);
INSERT INTO `zone` VALUES(1644, 106, 'Hanover Parish', 'HAN', 1);
INSERT INTO `zone` VALUES(1645, 106, 'Kingston Parish', 'KIN', 1);
INSERT INTO `zone` VALUES(1646, 106, 'Manchester Parish', 'MAN', 1);
INSERT INTO `zone` VALUES(1647, 106, 'Portland Parish', 'POR', 1);
INSERT INTO `zone` VALUES(1648, 106, 'Saint Andrew Parish', 'AND', 1);
INSERT INTO `zone` VALUES(1649, 106, 'Saint Ann Parish', 'ANN', 1);
INSERT INTO `zone` VALUES(1650, 106, 'Saint Catherine Parish', 'CAT', 1);
INSERT INTO `zone` VALUES(1651, 106, 'Saint Elizabeth Parish', 'ELI', 1);
INSERT INTO `zone` VALUES(1652, 106, 'Saint James Parish', 'JAM', 1);
INSERT INTO `zone` VALUES(1653, 106, 'Saint Mary Parish', 'MAR', 1);
INSERT INTO `zone` VALUES(1654, 106, 'Saint Thomas Parish', 'THO', 1);
INSERT INTO `zone` VALUES(1655, 106, 'Trelawny Parish', 'TRL', 1);
INSERT INTO `zone` VALUES(1656, 106, 'Westmoreland Parish', 'WML', 1);
INSERT INTO `zone` VALUES(1657, 107, 'Aichi', 'AI', 1);
INSERT INTO `zone` VALUES(1658, 107, 'Akita', 'AK', 1);
INSERT INTO `zone` VALUES(1659, 107, 'Aomori', 'AO', 1);
INSERT INTO `zone` VALUES(1660, 107, 'Chiba', 'CH', 1);
INSERT INTO `zone` VALUES(1661, 107, 'Ehime', 'EH', 1);
INSERT INTO `zone` VALUES(1662, 107, 'Fukui', 'FK', 1);
INSERT INTO `zone` VALUES(1663, 107, 'Fukuoka', 'FU', 1);
INSERT INTO `zone` VALUES(1664, 107, 'Fukushima', 'FS', 1);
INSERT INTO `zone` VALUES(1665, 107, 'Gifu', 'GI', 1);
INSERT INTO `zone` VALUES(1666, 107, 'Gumma', 'GU', 1);
INSERT INTO `zone` VALUES(1667, 107, 'Hiroshima', 'HI', 1);
INSERT INTO `zone` VALUES(1668, 107, 'Hokkaido', 'HO', 1);
INSERT INTO `zone` VALUES(1669, 107, 'Hyogo', 'HY', 1);
INSERT INTO `zone` VALUES(1670, 107, 'Ibaraki', 'IB', 1);
INSERT INTO `zone` VALUES(1671, 107, 'Ishikawa', 'IS', 1);
INSERT INTO `zone` VALUES(1672, 107, 'Iwate', 'IW', 1);
INSERT INTO `zone` VALUES(1673, 107, 'Kagawa', 'KA', 1);
INSERT INTO `zone` VALUES(1674, 107, 'Kagoshima', 'KG', 1);
INSERT INTO `zone` VALUES(1675, 107, 'Kanagawa', 'KN', 1);
INSERT INTO `zone` VALUES(1676, 107, 'Kochi', 'KO', 1);
INSERT INTO `zone` VALUES(1677, 107, 'Kumamoto', 'KU', 1);
INSERT INTO `zone` VALUES(1678, 107, 'Kyoto', 'KY', 1);
INSERT INTO `zone` VALUES(1679, 107, 'Mie', 'MI', 1);
INSERT INTO `zone` VALUES(1680, 107, 'Miyagi', 'MY', 1);
INSERT INTO `zone` VALUES(1681, 107, 'Miyazaki', 'MZ', 1);
INSERT INTO `zone` VALUES(1682, 107, 'Nagano', 'NA', 1);
INSERT INTO `zone` VALUES(1683, 107, 'Nagasaki', 'NG', 1);
INSERT INTO `zone` VALUES(1684, 107, 'Nara', 'NR', 1);
INSERT INTO `zone` VALUES(1685, 107, 'Niigata', 'NI', 1);
INSERT INTO `zone` VALUES(1686, 107, 'Oita', 'OI', 1);
INSERT INTO `zone` VALUES(1687, 107, 'Okayama', 'OK', 1);
INSERT INTO `zone` VALUES(1688, 107, 'Okinawa', 'ON', 1);
INSERT INTO `zone` VALUES(1689, 107, 'Osaka', 'OS', 1);
INSERT INTO `zone` VALUES(1690, 107, 'Saga', 'SA', 1);
INSERT INTO `zone` VALUES(1691, 107, 'Saitama', 'SI', 1);
INSERT INTO `zone` VALUES(1692, 107, 'Shiga', 'SH', 1);
INSERT INTO `zone` VALUES(1693, 107, 'Shimane', 'SM', 1);
INSERT INTO `zone` VALUES(1694, 107, 'Shizuoka', 'SZ', 1);
INSERT INTO `zone` VALUES(1695, 107, 'Tochigi', 'TO', 1);
INSERT INTO `zone` VALUES(1696, 107, 'Tokushima', 'TS', 1);
INSERT INTO `zone` VALUES(1697, 107, 'Tokyo', 'TK', 1);
INSERT INTO `zone` VALUES(1698, 107, 'Tottori', 'TT', 1);
INSERT INTO `zone` VALUES(1699, 107, 'Toyama', 'TY', 1);
INSERT INTO `zone` VALUES(1700, 107, 'Wakayama', 'WA', 1);
INSERT INTO `zone` VALUES(1701, 107, 'Yamagata', 'YA', 1);
INSERT INTO `zone` VALUES(1702, 107, 'Yamaguchi', 'YM', 1);
INSERT INTO `zone` VALUES(1703, 107, 'Yamanashi', 'YN', 1);
INSERT INTO `zone` VALUES(1704, 108, '''Amman', 'AM', 1);
INSERT INTO `zone` VALUES(1705, 108, 'Ajlun', 'AJ', 1);
INSERT INTO `zone` VALUES(1706, 108, 'Al ''Aqabah', 'AA', 1);
INSERT INTO `zone` VALUES(1707, 108, 'Al Balqa''', 'AB', 1);
INSERT INTO `zone` VALUES(1708, 108, 'Al Karak', 'AK', 1);
INSERT INTO `zone` VALUES(1709, 108, 'Al Mafraq', 'AL', 1);
INSERT INTO `zone` VALUES(1710, 108, 'At Tafilah', 'AT', 1);
INSERT INTO `zone` VALUES(1711, 108, 'Az Zarqa''', 'AZ', 1);
INSERT INTO `zone` VALUES(1712, 108, 'Irbid', 'IR', 1);
INSERT INTO `zone` VALUES(1713, 108, 'Jarash', 'JA', 1);
INSERT INTO `zone` VALUES(1714, 108, 'Ma''an', 'MA', 1);
INSERT INTO `zone` VALUES(1715, 108, 'Madaba', 'MD', 1);
INSERT INTO `zone` VALUES(1716, 109, 'Almaty', 'AL', 1);
INSERT INTO `zone` VALUES(1717, 109, 'Almaty City', 'AC', 1);
INSERT INTO `zone` VALUES(1718, 109, 'Aqmola', 'AM', 1);
INSERT INTO `zone` VALUES(1719, 109, 'Aqtobe', 'AQ', 1);
INSERT INTO `zone` VALUES(1720, 109, 'Astana City', 'AS', 1);
INSERT INTO `zone` VALUES(1721, 109, 'Atyrau', 'AT', 1);
INSERT INTO `zone` VALUES(1722, 109, 'Batys Qazaqstan', 'BA', 1);
INSERT INTO `zone` VALUES(1723, 109, 'Bayqongyr City', 'BY', 1);
INSERT INTO `zone` VALUES(1724, 109, 'Mangghystau', 'MA', 1);
INSERT INTO `zone` VALUES(1725, 109, 'Ongtustik Qazaqstan', 'ON', 1);
INSERT INTO `zone` VALUES(1726, 109, 'Pavlodar', 'PA', 1);
INSERT INTO `zone` VALUES(1727, 109, 'Qaraghandy', 'QA', 1);
INSERT INTO `zone` VALUES(1728, 109, 'Qostanay', 'QO', 1);
INSERT INTO `zone` VALUES(1729, 109, 'Qyzylorda', 'QY', 1);
INSERT INTO `zone` VALUES(1730, 109, 'Shyghys Qazaqstan', 'SH', 1);
INSERT INTO `zone` VALUES(1731, 109, 'Soltustik Qazaqstan', 'SO', 1);
INSERT INTO `zone` VALUES(1732, 109, 'Zhambyl', 'ZH', 1);
INSERT INTO `zone` VALUES(1733, 110, 'Central', 'CE', 1);
INSERT INTO `zone` VALUES(1734, 110, 'Coast', 'CO', 1);
INSERT INTO `zone` VALUES(1735, 110, 'Eastern', 'EA', 1);
INSERT INTO `zone` VALUES(1736, 110, 'Nairobi Area', 'NA', 1);
INSERT INTO `zone` VALUES(1737, 110, 'North Eastern', 'NE', 1);
INSERT INTO `zone` VALUES(1738, 110, 'Nyanza', 'NY', 1);
INSERT INTO `zone` VALUES(1739, 110, 'Rift Valley', 'RV', 1);
INSERT INTO `zone` VALUES(1740, 110, 'Western', 'WE', 1);
INSERT INTO `zone` VALUES(1741, 111, 'Abaiang', 'AG', 1);
INSERT INTO `zone` VALUES(1742, 111, 'Abemama', 'AM', 1);
INSERT INTO `zone` VALUES(1743, 111, 'Aranuka', 'AK', 1);
INSERT INTO `zone` VALUES(1744, 111, 'Arorae', 'AO', 1);
INSERT INTO `zone` VALUES(1745, 111, 'Banaba', 'BA', 1);
INSERT INTO `zone` VALUES(1746, 111, 'Beru', 'BE', 1);
INSERT INTO `zone` VALUES(1747, 111, 'Butaritari', 'bT', 1);
INSERT INTO `zone` VALUES(1748, 111, 'Kanton', 'KA', 1);
INSERT INTO `zone` VALUES(1749, 111, 'Kiritimati', 'KR', 1);
INSERT INTO `zone` VALUES(1750, 111, 'Kuria', 'KU', 1);
INSERT INTO `zone` VALUES(1751, 111, 'Maiana', 'MI', 1);
INSERT INTO `zone` VALUES(1752, 111, 'Makin', 'MN', 1);
INSERT INTO `zone` VALUES(1753, 111, 'Marakei', 'ME', 1);
INSERT INTO `zone` VALUES(1754, 111, 'Nikunau', 'NI', 1);
INSERT INTO `zone` VALUES(1755, 111, 'Nonouti', 'NO', 1);
INSERT INTO `zone` VALUES(1756, 111, 'Onotoa', 'ON', 1);
INSERT INTO `zone` VALUES(1757, 111, 'Tabiteuea', 'TT', 1);
INSERT INTO `zone` VALUES(1758, 111, 'Tabuaeran', 'TR', 1);
INSERT INTO `zone` VALUES(1759, 111, 'Tamana', 'TM', 1);
INSERT INTO `zone` VALUES(1760, 111, 'Tarawa', 'TW', 1);
INSERT INTO `zone` VALUES(1761, 111, 'Teraina', 'TE', 1);
INSERT INTO `zone` VALUES(1762, 112, 'Chagang-do', 'CHA', 1);
INSERT INTO `zone` VALUES(1763, 112, 'Hamgyong-bukto', 'HAB', 1);
INSERT INTO `zone` VALUES(1764, 112, 'Hamgyong-namdo', 'HAN', 1);
INSERT INTO `zone` VALUES(1765, 112, 'Hwanghae-bukto', 'HWB', 1);
INSERT INTO `zone` VALUES(1766, 112, 'Hwanghae-namdo', 'HWN', 1);
INSERT INTO `zone` VALUES(1767, 112, 'Kangwon-do', 'KAN', 1);
INSERT INTO `zone` VALUES(1768, 112, 'P''yongan-bukto', 'PYB', 1);
INSERT INTO `zone` VALUES(1769, 112, 'P''yongan-namdo', 'PYN', 1);
INSERT INTO `zone` VALUES(1770, 112, 'Ryanggang-do (Yanggang-do)', 'YAN', 1);
INSERT INTO `zone` VALUES(1771, 112, 'Rason Directly Governed City', 'NAJ', 1);
INSERT INTO `zone` VALUES(1772, 112, 'P''yongyang Special City', 'PYO', 1);
INSERT INTO `zone` VALUES(1773, 113, 'Ch''ungch''ong-bukto', 'CO', 1);
INSERT INTO `zone` VALUES(1774, 113, 'Ch''ungch''ong-namdo', 'CH', 1);
INSERT INTO `zone` VALUES(1775, 113, 'Cheju-do', 'CD', 1);
INSERT INTO `zone` VALUES(1776, 113, 'Cholla-bukto', 'CB', 1);
INSERT INTO `zone` VALUES(1777, 113, 'Cholla-namdo', 'CN', 1);
INSERT INTO `zone` VALUES(1778, 113, 'Inch''on-gwangyoksi', 'IG', 1);
INSERT INTO `zone` VALUES(1779, 113, 'Kangwon-do', 'KA', 1);
INSERT INTO `zone` VALUES(1780, 113, 'Kwangju-gwangyoksi', 'KG', 1);
INSERT INTO `zone` VALUES(1781, 113, 'Kyonggi-do', 'KD', 1);
INSERT INTO `zone` VALUES(1782, 113, 'Kyongsang-bukto', 'KB', 1);
INSERT INTO `zone` VALUES(1783, 113, 'Kyongsang-namdo', 'KN', 1);
INSERT INTO `zone` VALUES(1784, 113, 'Pusan-gwangyoksi', 'PG', 1);
INSERT INTO `zone` VALUES(1785, 113, 'Soul-t''ukpyolsi', 'SO', 1);
INSERT INTO `zone` VALUES(1786, 113, 'Taegu-gwangyoksi', 'TA', 1);
INSERT INTO `zone` VALUES(1787, 113, 'Taejon-gwangyoksi', 'TG', 1);
INSERT INTO `zone` VALUES(1788, 114, 'Al ''Asimah', 'AL', 1);
INSERT INTO `zone` VALUES(1789, 114, 'Al Ahmadi', 'AA', 1);
INSERT INTO `zone` VALUES(1790, 114, 'Al Farwaniyah', 'AF', 1);
INSERT INTO `zone` VALUES(1791, 114, 'Al Jahra''', 'AJ', 1);
INSERT INTO `zone` VALUES(1792, 114, 'Hawalli', 'HA', 1);
INSERT INTO `zone` VALUES(1793, 115, 'Bishkek', 'GB', 1);
INSERT INTO `zone` VALUES(1794, 115, 'Batken', 'B', 1);
INSERT INTO `zone` VALUES(1795, 115, 'Chu', 'C', 1);
INSERT INTO `zone` VALUES(1796, 115, 'Jalal-Abad', 'J', 1);
INSERT INTO `zone` VALUES(1797, 115, 'Naryn', 'N', 1);
INSERT INTO `zone` VALUES(1798, 115, 'Osh', 'O', 1);
INSERT INTO `zone` VALUES(1799, 115, 'Talas', 'T', 1);
INSERT INTO `zone` VALUES(1800, 115, 'Ysyk-Kol', 'Y', 1);
INSERT INTO `zone` VALUES(1801, 116, 'Vientiane', 'VT', 1);
INSERT INTO `zone` VALUES(1802, 116, 'Attapu', 'AT', 1);
INSERT INTO `zone` VALUES(1803, 116, 'Bokeo', 'BK', 1);
INSERT INTO `zone` VALUES(1804, 116, 'Bolikhamxai', 'BL', 1);
INSERT INTO `zone` VALUES(1805, 116, 'Champasak', 'CH', 1);
INSERT INTO `zone` VALUES(1806, 116, 'Houaphan', 'HO', 1);
INSERT INTO `zone` VALUES(1807, 116, 'Khammouan', 'KH', 1);
INSERT INTO `zone` VALUES(1808, 116, 'Louang Namtha', 'LM', 1);
INSERT INTO `zone` VALUES(1809, 116, 'Louangphabang', 'LP', 1);
INSERT INTO `zone` VALUES(1810, 116, 'Oudomxai', 'OU', 1);
INSERT INTO `zone` VALUES(1811, 116, 'Phongsali', 'PH', 1);
INSERT INTO `zone` VALUES(1812, 116, 'Salavan', 'SL', 1);
INSERT INTO `zone` VALUES(1813, 116, 'Savannakhet', 'SV', 1);
INSERT INTO `zone` VALUES(1814, 116, 'Vientiane', 'VI', 1);
INSERT INTO `zone` VALUES(1815, 116, 'Xaignabouli', 'XA', 1);
INSERT INTO `zone` VALUES(1816, 116, 'Xekong', 'XE', 1);
INSERT INTO `zone` VALUES(1817, 116, 'Xiangkhoang', 'XI', 1);
INSERT INTO `zone` VALUES(1818, 116, 'Xaisomboun', 'XN', 1);
INSERT INTO `zone` VALUES(1852, 119, 'Berea', 'BE', 1);
INSERT INTO `zone` VALUES(1853, 119, 'Butha-Buthe', 'BB', 1);
INSERT INTO `zone` VALUES(1854, 119, 'Leribe', 'LE', 1);
INSERT INTO `zone` VALUES(1855, 119, 'Mafeteng', 'MF', 1);
INSERT INTO `zone` VALUES(1856, 119, 'Maseru', 'MS', 1);
INSERT INTO `zone` VALUES(1857, 119, 'Mohale''s Hoek', 'MH', 1);
INSERT INTO `zone` VALUES(1858, 119, 'Mokhotlong', 'MK', 1);
INSERT INTO `zone` VALUES(1859, 119, 'Qacha''s Nek', 'QN', 1);
INSERT INTO `zone` VALUES(1860, 119, 'Quthing', 'QT', 1);
INSERT INTO `zone` VALUES(1861, 119, 'Thaba-Tseka', 'TT', 1);
INSERT INTO `zone` VALUES(1862, 120, 'Bomi', 'BI', 1);
INSERT INTO `zone` VALUES(1863, 120, 'Bong', 'BG', 1);
INSERT INTO `zone` VALUES(1864, 120, 'Grand Bassa', 'GB', 1);
INSERT INTO `zone` VALUES(1865, 120, 'Grand Cape Mount', 'CM', 1);
INSERT INTO `zone` VALUES(1866, 120, 'Grand Gedeh', 'GG', 1);
INSERT INTO `zone` VALUES(1867, 120, 'Grand Kru', 'GK', 1);
INSERT INTO `zone` VALUES(1868, 120, 'Lofa', 'LO', 1);
INSERT INTO `zone` VALUES(1869, 120, 'Margibi', 'MG', 1);
INSERT INTO `zone` VALUES(1870, 120, 'Maryland', 'ML', 1);
INSERT INTO `zone` VALUES(1871, 120, 'Montserrado', 'MS', 1);
INSERT INTO `zone` VALUES(1872, 120, 'Nimba', 'NB', 1);
INSERT INTO `zone` VALUES(1873, 120, 'River Cess', 'RC', 1);
INSERT INTO `zone` VALUES(1874, 120, 'Sinoe', 'SN', 1);
INSERT INTO `zone` VALUES(1875, 121, 'Ajdabiya', 'AJ', 1);
INSERT INTO `zone` VALUES(1876, 121, 'Al ''Aziziyah', 'AZ', 1);
INSERT INTO `zone` VALUES(1877, 121, 'Al Fatih', 'FA', 1);
INSERT INTO `zone` VALUES(1878, 121, 'Al Jabal al Akhdar', 'JA', 1);
INSERT INTO `zone` VALUES(1879, 121, 'Al Jufrah', 'JU', 1);
INSERT INTO `zone` VALUES(1880, 121, 'Al Khums', 'KH', 1);
INSERT INTO `zone` VALUES(1881, 121, 'Al Kufrah', 'KU', 1);
INSERT INTO `zone` VALUES(1882, 121, 'An Nuqat al Khams', 'NK', 1);
INSERT INTO `zone` VALUES(1883, 121, 'Ash Shati''', 'AS', 1);
INSERT INTO `zone` VALUES(1884, 121, 'Awbari', 'AW', 1);
INSERT INTO `zone` VALUES(1885, 121, 'Az Zawiyah', 'ZA', 1);
INSERT INTO `zone` VALUES(1886, 121, 'Banghazi', 'BA', 1);
INSERT INTO `zone` VALUES(1887, 121, 'Darnah', 'DA', 1);
INSERT INTO `zone` VALUES(1888, 121, 'Ghadamis', 'GD', 1);
INSERT INTO `zone` VALUES(1889, 121, 'Gharyan', 'GY', 1);
INSERT INTO `zone` VALUES(1890, 121, 'Misratah', 'MI', 1);
INSERT INTO `zone` VALUES(1891, 121, 'Murzuq', 'MZ', 1);
INSERT INTO `zone` VALUES(1892, 121, 'Sabha', 'SB', 1);
INSERT INTO `zone` VALUES(1893, 121, 'Sawfajjin', 'SW', 1);
INSERT INTO `zone` VALUES(1894, 121, 'Surt', 'SU', 1);
INSERT INTO `zone` VALUES(1895, 121, 'Tarabulus (Tripoli)', 'TL', 1);
INSERT INTO `zone` VALUES(1896, 121, 'Tarhunah', 'TH', 1);
INSERT INTO `zone` VALUES(1897, 121, 'Tubruq', 'TU', 1);
INSERT INTO `zone` VALUES(1898, 121, 'Yafran', 'YA', 1);
INSERT INTO `zone` VALUES(1899, 121, 'Zlitan', 'ZL', 1);
INSERT INTO `zone` VALUES(1900, 122, 'Vaduz', 'V', 1);
INSERT INTO `zone` VALUES(1901, 122, 'Schaan', 'A', 1);
INSERT INTO `zone` VALUES(1902, 122, 'Balzers', 'B', 1);
INSERT INTO `zone` VALUES(1903, 122, 'Triesen', 'N', 1);
INSERT INTO `zone` VALUES(1904, 122, 'Eschen', 'E', 1);
INSERT INTO `zone` VALUES(1905, 122, 'Mauren', 'M', 1);
INSERT INTO `zone` VALUES(1906, 122, 'Triesenberg', 'T', 1);
INSERT INTO `zone` VALUES(1907, 122, 'Ruggell', 'R', 1);
INSERT INTO `zone` VALUES(1908, 122, 'Gamprin', 'G', 1);
INSERT INTO `zone` VALUES(1909, 122, 'Schellenberg', 'L', 1);
INSERT INTO `zone` VALUES(1910, 122, 'Planken', 'P', 1);
INSERT INTO `zone` VALUES(1911, 123, 'Alytus', 'AL', 1);
INSERT INTO `zone` VALUES(1912, 123, 'Kaunas', 'KA', 1);
INSERT INTO `zone` VALUES(1913, 123, 'Klaipeda', 'KL', 1);
INSERT INTO `zone` VALUES(1914, 123, 'Marijampole', 'MA', 1);
INSERT INTO `zone` VALUES(1915, 123, 'Panevezys', 'PA', 1);
INSERT INTO `zone` VALUES(1916, 123, 'Siauliai', 'SI', 1);
INSERT INTO `zone` VALUES(1917, 123, 'Taurage', 'TA', 1);
INSERT INTO `zone` VALUES(1918, 123, 'Telsiai', 'TE', 1);
INSERT INTO `zone` VALUES(1919, 123, 'Utena', 'UT', 1);
INSERT INTO `zone` VALUES(1920, 123, 'Vilnius', 'VI', 1);
INSERT INTO `zone` VALUES(1921, 124, 'Diekirch', 'DD', 1);
INSERT INTO `zone` VALUES(1922, 124, 'Clervaux', 'DC', 1);
INSERT INTO `zone` VALUES(1923, 124, 'Redange', 'DR', 1);
INSERT INTO `zone` VALUES(1924, 124, 'Vianden', 'DV', 1);
INSERT INTO `zone` VALUES(1925, 124, 'Wiltz', 'DW', 1);
INSERT INTO `zone` VALUES(1926, 124, 'Grevenmacher', 'GG', 1);
INSERT INTO `zone` VALUES(1927, 124, 'Echternach', 'GE', 1);
INSERT INTO `zone` VALUES(1928, 124, 'Remich', 'GR', 1);
INSERT INTO `zone` VALUES(1929, 124, 'Luxembourg', 'LL', 1);
INSERT INTO `zone` VALUES(1930, 124, 'Capellen', 'LC', 1);
INSERT INTO `zone` VALUES(1931, 124, 'Esch-sur-Alzette', 'LE', 1);
INSERT INTO `zone` VALUES(1932, 124, 'Mersch', 'LM', 1);
INSERT INTO `zone` VALUES(1933, 125, 'Our Lady Fatima Parish', 'OLF', 1);
INSERT INTO `zone` VALUES(1934, 125, 'St. Anthony Parish', 'ANT', 1);
INSERT INTO `zone` VALUES(1935, 125, 'St. Lazarus Parish', 'LAZ', 1);
INSERT INTO `zone` VALUES(1936, 125, 'Cathedral Parish', 'CAT', 1);
INSERT INTO `zone` VALUES(1937, 125, 'St. Lawrence Parish', 'LAW', 1);
INSERT INTO `zone` VALUES(1938, 127, 'Antananarivo', 'AN', 1);
INSERT INTO `zone` VALUES(1939, 127, 'Antsiranana', 'AS', 1);
INSERT INTO `zone` VALUES(1940, 127, 'Fianarantsoa', 'FN', 1);
INSERT INTO `zone` VALUES(1941, 127, 'Mahajanga', 'MJ', 1);
INSERT INTO `zone` VALUES(1942, 127, 'Toamasina', 'TM', 1);
INSERT INTO `zone` VALUES(1943, 127, 'Toliara', 'TL', 1);
INSERT INTO `zone` VALUES(1944, 128, 'Balaka', 'BLK', 1);
INSERT INTO `zone` VALUES(1945, 128, 'Blantyre', 'BLT', 1);
INSERT INTO `zone` VALUES(1946, 128, 'Chikwawa', 'CKW', 1);
INSERT INTO `zone` VALUES(1947, 128, 'Chiradzulu', 'CRD', 1);
INSERT INTO `zone` VALUES(1948, 128, 'Chitipa', 'CTP', 1);
INSERT INTO `zone` VALUES(1949, 128, 'Dedza', 'DDZ', 1);
INSERT INTO `zone` VALUES(1950, 128, 'Dowa', 'DWA', 1);
INSERT INTO `zone` VALUES(1951, 128, 'Karonga', 'KRG', 1);
INSERT INTO `zone` VALUES(1952, 128, 'Kasungu', 'KSG', 1);
INSERT INTO `zone` VALUES(1953, 128, 'Likoma', 'LKM', 1);
INSERT INTO `zone` VALUES(1954, 128, 'Lilongwe', 'LLG', 1);
INSERT INTO `zone` VALUES(1955, 128, 'Machinga', 'MCG', 1);
INSERT INTO `zone` VALUES(1956, 128, 'Mangochi', 'MGC', 1);
INSERT INTO `zone` VALUES(1957, 128, 'Mchinji', 'MCH', 1);
INSERT INTO `zone` VALUES(1958, 128, 'Mulanje', 'MLJ', 1);
INSERT INTO `zone` VALUES(1959, 128, 'Mwanza', 'MWZ', 1);
INSERT INTO `zone` VALUES(1960, 128, 'Mzimba', 'MZM', 1);
INSERT INTO `zone` VALUES(1961, 128, 'Ntcheu', 'NTU', 1);
INSERT INTO `zone` VALUES(1962, 128, 'Nkhata Bay', 'NKB', 1);
INSERT INTO `zone` VALUES(1963, 128, 'Nkhotakota', 'NKH', 1);
INSERT INTO `zone` VALUES(1964, 128, 'Nsanje', 'NSJ', 1);
INSERT INTO `zone` VALUES(1965, 128, 'Ntchisi', 'NTI', 1);
INSERT INTO `zone` VALUES(1966, 128, 'Phalombe', 'PHL', 1);
INSERT INTO `zone` VALUES(1967, 128, 'Rumphi', 'RMP', 1);
INSERT INTO `zone` VALUES(1968, 128, 'Salima', 'SLM', 1);
INSERT INTO `zone` VALUES(1969, 128, 'Thyolo', 'THY', 1);
INSERT INTO `zone` VALUES(1970, 128, 'Zomba', 'ZBA', 1);
INSERT INTO `zone` VALUES(1971, 129, 'Johor', 'MY-01', 1);
INSERT INTO `zone` VALUES(1972, 129, 'Kedah', 'MY-02', 1);
INSERT INTO `zone` VALUES(1973, 129, 'Kelantan', 'MY-03', 1);
INSERT INTO `zone` VALUES(1974, 129, 'Labuan', 'MY-15', 1);
INSERT INTO `zone` VALUES(1975, 129, 'Melaka', 'MY-04', 1);
INSERT INTO `zone` VALUES(1976, 129, 'Negeri Sembilan', 'MY-05', 1);
INSERT INTO `zone` VALUES(1977, 129, 'Pahang', 'MY-06', 1);
INSERT INTO `zone` VALUES(1978, 129, 'Perak', 'MY-08', 1);
INSERT INTO `zone` VALUES(1979, 129, 'Perlis', 'MY-09', 1);
INSERT INTO `zone` VALUES(1980, 129, 'Pulau Pinang', 'MY-07', 1);
INSERT INTO `zone` VALUES(1981, 129, 'Sabah', 'MY-12', 1);
INSERT INTO `zone` VALUES(1982, 129, 'Sarawak', 'MY-13', 1);
INSERT INTO `zone` VALUES(1983, 129, 'Selangor', 'MY-10', 1);
INSERT INTO `zone` VALUES(1984, 129, 'Terengganu', 'MY-11', 1);
INSERT INTO `zone` VALUES(1985, 129, 'Kuala Lumpur', 'MY-14', 1);
INSERT INTO `zone` VALUES(4035, 129, 'Putrajaya', 'MY-16', 1);
INSERT INTO `zone` VALUES(1986, 130, 'Thiladhunmathi Uthuru', 'THU', 1);
INSERT INTO `zone` VALUES(1987, 130, 'Thiladhunmathi Dhekunu', 'THD', 1);
INSERT INTO `zone` VALUES(1988, 130, 'Miladhunmadulu Uthuru', 'MLU', 1);
INSERT INTO `zone` VALUES(1989, 130, 'Miladhunmadulu Dhekunu', 'MLD', 1);
INSERT INTO `zone` VALUES(1990, 130, 'Maalhosmadulu Uthuru', 'MAU', 1);
INSERT INTO `zone` VALUES(1991, 130, 'Maalhosmadulu Dhekunu', 'MAD', 1);
INSERT INTO `zone` VALUES(1992, 130, 'Faadhippolhu', 'FAA', 1);
INSERT INTO `zone` VALUES(1993, 130, 'Male Atoll', 'MAA', 1);
INSERT INTO `zone` VALUES(1994, 130, 'Ari Atoll Uthuru', 'AAU', 1);
INSERT INTO `zone` VALUES(1995, 130, 'Ari Atoll Dheknu', 'AAD', 1);
INSERT INTO `zone` VALUES(1996, 130, 'Felidhe Atoll', 'FEA', 1);
INSERT INTO `zone` VALUES(1997, 130, 'Mulaku Atoll', 'MUA', 1);
INSERT INTO `zone` VALUES(1998, 130, 'Nilandhe Atoll Uthuru', 'NAU', 1);
INSERT INTO `zone` VALUES(1999, 130, 'Nilandhe Atoll Dhekunu', 'NAD', 1);
INSERT INTO `zone` VALUES(2000, 130, 'Kolhumadulu', 'KLH', 1);
INSERT INTO `zone` VALUES(2001, 130, 'Hadhdhunmathi', 'HDH', 1);
INSERT INTO `zone` VALUES(2002, 130, 'Huvadhu Atoll Uthuru', 'HAU', 1);
INSERT INTO `zone` VALUES(2003, 130, 'Huvadhu Atoll Dhekunu', 'HAD', 1);
INSERT INTO `zone` VALUES(2004, 130, 'Fua Mulaku', 'FMU', 1);
INSERT INTO `zone` VALUES(2005, 130, 'Addu', 'ADD', 1);
INSERT INTO `zone` VALUES(2006, 131, 'Gao', 'GA', 1);
INSERT INTO `zone` VALUES(2007, 131, 'Kayes', 'KY', 1);
INSERT INTO `zone` VALUES(2008, 131, 'Kidal', 'KD', 1);
INSERT INTO `zone` VALUES(2009, 131, 'Koulikoro', 'KL', 1);
INSERT INTO `zone` VALUES(2010, 131, 'Mopti', 'MP', 1);
INSERT INTO `zone` VALUES(2011, 131, 'Segou', 'SG', 1);
INSERT INTO `zone` VALUES(2012, 131, 'Sikasso', 'SK', 1);
INSERT INTO `zone` VALUES(2013, 131, 'Tombouctou', 'TB', 1);
INSERT INTO `zone` VALUES(2014, 131, 'Bamako Capital District', 'CD', 1);
INSERT INTO `zone` VALUES(2015, 132, 'Attard', 'ATT', 1);
INSERT INTO `zone` VALUES(2016, 132, 'Balzan', 'BAL', 1);
INSERT INTO `zone` VALUES(2017, 132, 'Birgu', 'BGU', 1);
INSERT INTO `zone` VALUES(2018, 132, 'Birkirkara', 'BKK', 1);
INSERT INTO `zone` VALUES(2019, 132, 'Birzebbuga', 'BRZ', 1);
INSERT INTO `zone` VALUES(2020, 132, 'Bormla', 'BOR', 1);
INSERT INTO `zone` VALUES(2021, 132, 'Dingli', 'DIN', 1);
INSERT INTO `zone` VALUES(2022, 132, 'Fgura', 'FGU', 1);
INSERT INTO `zone` VALUES(2023, 132, 'Floriana', 'FLO', 1);
INSERT INTO `zone` VALUES(2024, 132, 'Gudja', 'GDJ', 1);
INSERT INTO `zone` VALUES(2025, 132, 'Gzira', 'GZR', 1);
INSERT INTO `zone` VALUES(2026, 132, 'Gargur', 'GRG', 1);
INSERT INTO `zone` VALUES(2027, 132, 'Gaxaq', 'GXQ', 1);
INSERT INTO `zone` VALUES(2028, 132, 'Hamrun', 'HMR', 1);
INSERT INTO `zone` VALUES(2029, 132, 'Iklin', 'IKL', 1);
INSERT INTO `zone` VALUES(2030, 132, 'Isla', 'ISL', 1);
INSERT INTO `zone` VALUES(2031, 132, 'Kalkara', 'KLK', 1);
INSERT INTO `zone` VALUES(2032, 132, 'Kirkop', 'KRK', 1);
INSERT INTO `zone` VALUES(2033, 132, 'Lija', 'LIJ', 1);
INSERT INTO `zone` VALUES(2034, 132, 'Luqa', 'LUQ', 1);
INSERT INTO `zone` VALUES(2035, 132, 'Marsa', 'MRS', 1);
INSERT INTO `zone` VALUES(2036, 132, 'Marsaskala', 'MKL', 1);
INSERT INTO `zone` VALUES(2037, 132, 'Marsaxlokk', 'MXL', 1);
INSERT INTO `zone` VALUES(2038, 132, 'Mdina', 'MDN', 1);
INSERT INTO `zone` VALUES(2039, 132, 'Melliea', 'MEL', 1);
INSERT INTO `zone` VALUES(2040, 132, 'Mgarr', 'MGR', 1);
INSERT INTO `zone` VALUES(2041, 132, 'Mosta', 'MST', 1);
INSERT INTO `zone` VALUES(2042, 132, 'Mqabba', 'MQA', 1);
INSERT INTO `zone` VALUES(2043, 132, 'Msida', 'MSI', 1);
INSERT INTO `zone` VALUES(2044, 132, 'Mtarfa', 'MTF', 1);
INSERT INTO `zone` VALUES(2045, 132, 'Naxxar', 'NAX', 1);
INSERT INTO `zone` VALUES(2046, 132, 'Paola', 'PAO', 1);
INSERT INTO `zone` VALUES(2047, 132, 'Pembroke', 'PEM', 1);
INSERT INTO `zone` VALUES(2048, 132, 'Pieta', 'PIE', 1);
INSERT INTO `zone` VALUES(2049, 132, 'Qormi', 'QOR', 1);
INSERT INTO `zone` VALUES(2050, 132, 'Qrendi', 'QRE', 1);
INSERT INTO `zone` VALUES(2051, 132, 'Rabat', 'RAB', 1);
INSERT INTO `zone` VALUES(2052, 132, 'Safi', 'SAF', 1);
INSERT INTO `zone` VALUES(2053, 132, 'San Giljan', 'SGI', 1);
INSERT INTO `zone` VALUES(2054, 132, 'Santa Lucija', 'SLU', 1);
INSERT INTO `zone` VALUES(2055, 132, 'San Pawl il-Bahar', 'SPB', 1);
INSERT INTO `zone` VALUES(2056, 132, 'San Gwann', 'SGW', 1);
INSERT INTO `zone` VALUES(2057, 132, 'Santa Venera', 'SVE', 1);
INSERT INTO `zone` VALUES(2058, 132, 'Siggiewi', 'SIG', 1);
INSERT INTO `zone` VALUES(2059, 132, 'Sliema', 'SLM', 1);
INSERT INTO `zone` VALUES(2060, 132, 'Swieqi', 'SWQ', 1);
INSERT INTO `zone` VALUES(2061, 132, 'Ta Xbiex', 'TXB', 1);
INSERT INTO `zone` VALUES(2062, 132, 'Tarxien', 'TRX', 1);
INSERT INTO `zone` VALUES(2063, 132, 'Valletta', 'VLT', 1);
INSERT INTO `zone` VALUES(2064, 132, 'Xgajra', 'XGJ', 1);
INSERT INTO `zone` VALUES(2065, 132, 'Zabbar', 'ZBR', 1);
INSERT INTO `zone` VALUES(2066, 132, 'Zebbug', 'ZBG', 1);
INSERT INTO `zone` VALUES(2067, 132, 'Zejtun', 'ZJT', 1);
INSERT INTO `zone` VALUES(2068, 132, 'Zurrieq', 'ZRQ', 1);
INSERT INTO `zone` VALUES(2069, 132, 'Fontana', 'FNT', 1);
INSERT INTO `zone` VALUES(2070, 132, 'Ghajnsielem', 'GHJ', 1);
INSERT INTO `zone` VALUES(2071, 132, 'Gharb', 'GHR', 1);
INSERT INTO `zone` VALUES(2072, 132, 'Ghasri', 'GHS', 1);
INSERT INTO `zone` VALUES(2073, 132, 'Kercem', 'KRC', 1);
INSERT INTO `zone` VALUES(2074, 132, 'Munxar', 'MUN', 1);
INSERT INTO `zone` VALUES(2075, 132, 'Nadur', 'NAD', 1);
INSERT INTO `zone` VALUES(2076, 132, 'Qala', 'QAL', 1);
INSERT INTO `zone` VALUES(2077, 132, 'Victoria', 'VIC', 1);
INSERT INTO `zone` VALUES(2078, 132, 'San Lawrenz', 'SLA', 1);
INSERT INTO `zone` VALUES(2079, 132, 'Sannat', 'SNT', 1);
INSERT INTO `zone` VALUES(2080, 132, 'Xagra', 'ZAG', 1);
INSERT INTO `zone` VALUES(2081, 132, 'Xewkija', 'XEW', 1);
INSERT INTO `zone` VALUES(2082, 132, 'Zebbug', 'ZEB', 1);
INSERT INTO `zone` VALUES(2083, 133, 'Ailinginae', 'ALG', 1);
INSERT INTO `zone` VALUES(2084, 133, 'Ailinglaplap', 'ALL', 1);
INSERT INTO `zone` VALUES(2085, 133, 'Ailuk', 'ALK', 1);
INSERT INTO `zone` VALUES(2086, 133, 'Arno', 'ARN', 1);
INSERT INTO `zone` VALUES(2087, 133, 'Aur', 'AUR', 1);
INSERT INTO `zone` VALUES(2088, 133, 'Bikar', 'BKR', 1);
INSERT INTO `zone` VALUES(2089, 133, 'Bikini', 'BKN', 1);
INSERT INTO `zone` VALUES(2090, 133, 'Bokak', 'BKK', 1);
INSERT INTO `zone` VALUES(2091, 133, 'Ebon', 'EBN', 1);
INSERT INTO `zone` VALUES(2092, 133, 'Enewetak', 'ENT', 1);
INSERT INTO `zone` VALUES(2093, 133, 'Erikub', 'EKB', 1);
INSERT INTO `zone` VALUES(2094, 133, 'Jabat', 'JBT', 1);
INSERT INTO `zone` VALUES(2095, 133, 'Jaluit', 'JLT', 1);
INSERT INTO `zone` VALUES(2096, 133, 'Jemo', 'JEM', 1);
INSERT INTO `zone` VALUES(2097, 133, 'Kili', 'KIL', 1);
INSERT INTO `zone` VALUES(2098, 133, 'Kwajalein', 'KWJ', 1);
INSERT INTO `zone` VALUES(2099, 133, 'Lae', 'LAE', 1);
INSERT INTO `zone` VALUES(2100, 133, 'Lib', 'LIB', 1);
INSERT INTO `zone` VALUES(2101, 133, 'Likiep', 'LKP', 1);
INSERT INTO `zone` VALUES(2102, 133, 'Majuro', 'MJR', 1);
INSERT INTO `zone` VALUES(2103, 133, 'Maloelap', 'MLP', 1);
INSERT INTO `zone` VALUES(2104, 133, 'Mejit', 'MJT', 1);
INSERT INTO `zone` VALUES(2105, 133, 'Mili', 'MIL', 1);
INSERT INTO `zone` VALUES(2106, 133, 'Namorik', 'NMK', 1);
INSERT INTO `zone` VALUES(2107, 133, 'Namu', 'NAM', 1);
INSERT INTO `zone` VALUES(2108, 133, 'Rongelap', 'RGL', 1);
INSERT INTO `zone` VALUES(2109, 133, 'Rongrik', 'RGK', 1);
INSERT INTO `zone` VALUES(2110, 133, 'Toke', 'TOK', 1);
INSERT INTO `zone` VALUES(2111, 133, 'Ujae', 'UJA', 1);
INSERT INTO `zone` VALUES(2112, 133, 'Ujelang', 'UJL', 1);
INSERT INTO `zone` VALUES(2113, 133, 'Utirik', 'UTK', 1);
INSERT INTO `zone` VALUES(2114, 133, 'Wotho', 'WTH', 1);
INSERT INTO `zone` VALUES(2115, 133, 'Wotje', 'WTJ', 1);
INSERT INTO `zone` VALUES(2116, 135, 'Adrar', 'AD', 1);
INSERT INTO `zone` VALUES(2117, 135, 'Assaba', 'AS', 1);
INSERT INTO `zone` VALUES(2118, 135, 'Brakna', 'BR', 1);
INSERT INTO `zone` VALUES(2119, 135, 'Dakhlet Nouadhibou', 'DN', 1);
INSERT INTO `zone` VALUES(2120, 135, 'Gorgol', 'GO', 1);
INSERT INTO `zone` VALUES(2121, 135, 'Guidimaka', 'GM', 1);
INSERT INTO `zone` VALUES(2122, 135, 'Hodh Ech Chargui', 'HC', 1);
INSERT INTO `zone` VALUES(2123, 135, 'Hodh El Gharbi', 'HG', 1);
INSERT INTO `zone` VALUES(2124, 135, 'Inchiri', 'IN', 1);
INSERT INTO `zone` VALUES(2125, 135, 'Tagant', 'TA', 1);
INSERT INTO `zone` VALUES(2126, 135, 'Tiris Zemmour', 'TZ', 1);
INSERT INTO `zone` VALUES(2127, 135, 'Trarza', 'TR', 1);
INSERT INTO `zone` VALUES(2128, 135, 'Nouakchott', 'NO', 1);
INSERT INTO `zone` VALUES(2129, 136, 'Beau Bassin-Rose Hill', 'BR', 1);
INSERT INTO `zone` VALUES(2130, 136, 'Curepipe', 'CU', 1);
INSERT INTO `zone` VALUES(2131, 136, 'Port Louis', 'PU', 1);
INSERT INTO `zone` VALUES(2132, 136, 'Quatre Bornes', 'QB', 1);
INSERT INTO `zone` VALUES(2133, 136, 'Vacoas-Phoenix', 'VP', 1);
INSERT INTO `zone` VALUES(2134, 136, 'Agalega Islands', 'AG', 1);
INSERT INTO `zone` VALUES(2135, 136, 'Cargados Carajos Shoals (Saint Brandon Islands)', 'CC', 1);
INSERT INTO `zone` VALUES(2136, 136, 'Rodrigues', 'RO', 1);
INSERT INTO `zone` VALUES(2137, 136, 'Black River', 'BL', 1);
INSERT INTO `zone` VALUES(2138, 136, 'Flacq', 'FL', 1);
INSERT INTO `zone` VALUES(2139, 136, 'Grand Port', 'GP', 1);
INSERT INTO `zone` VALUES(2140, 136, 'Moka', 'MO', 1);
INSERT INTO `zone` VALUES(2141, 136, 'Pamplemousses', 'PA', 1);
INSERT INTO `zone` VALUES(2142, 136, 'Plaines Wilhems', 'PW', 1);
INSERT INTO `zone` VALUES(2143, 136, 'Port Louis', 'PL', 1);
INSERT INTO `zone` VALUES(2144, 136, 'Riviere du Rempart', 'RR', 1);
INSERT INTO `zone` VALUES(2145, 136, 'Savanne', 'SA', 1);
INSERT INTO `zone` VALUES(2146, 138, 'Baja California Norte', 'BN', 1);
INSERT INTO `zone` VALUES(2147, 138, 'Baja California Sur', 'BS', 1);
INSERT INTO `zone` VALUES(2148, 138, 'Campeche', 'CA', 1);
INSERT INTO `zone` VALUES(2149, 138, 'Chiapas', 'CI', 1);
INSERT INTO `zone` VALUES(2150, 138, 'Chihuahua', 'CH', 1);
INSERT INTO `zone` VALUES(2151, 138, 'Coahuila de Zaragoza', 'CZ', 1);
INSERT INTO `zone` VALUES(2152, 138, 'Colima', 'CL', 1);
INSERT INTO `zone` VALUES(2153, 138, 'Distrito Federal', 'DF', 1);
INSERT INTO `zone` VALUES(2154, 138, 'Durango', 'DU', 1);
INSERT INTO `zone` VALUES(2155, 138, 'Guanajuato', 'GA', 1);
INSERT INTO `zone` VALUES(2156, 138, 'Guerrero', 'GE', 1);
INSERT INTO `zone` VALUES(2157, 138, 'Hidalgo', 'HI', 1);
INSERT INTO `zone` VALUES(2158, 138, 'Jalisco', 'JA', 1);
INSERT INTO `zone` VALUES(2159, 138, 'Mexico', 'ME', 1);
INSERT INTO `zone` VALUES(2160, 138, 'Michoacan de Ocampo', 'MI', 1);
INSERT INTO `zone` VALUES(2161, 138, 'Morelos', 'MO', 1);
INSERT INTO `zone` VALUES(2162, 138, 'Nayarit', 'NA', 1);
INSERT INTO `zone` VALUES(2163, 138, 'Nuevo Leon', 'NL', 1);
INSERT INTO `zone` VALUES(2164, 138, 'Oaxaca', 'OA', 1);
INSERT INTO `zone` VALUES(2165, 138, 'Puebla', 'PU', 1);
INSERT INTO `zone` VALUES(2166, 138, 'Queretaro de Arteaga', 'QA', 1);
INSERT INTO `zone` VALUES(2167, 138, 'Quintana Roo', 'QR', 1);
INSERT INTO `zone` VALUES(2168, 138, 'San Luis Potosi', 'SA', 1);
INSERT INTO `zone` VALUES(2169, 138, 'Sinaloa', 'SI', 1);
INSERT INTO `zone` VALUES(2170, 138, 'Sonora', 'SO', 1);
INSERT INTO `zone` VALUES(2171, 138, 'Tabasco', 'TB', 1);
INSERT INTO `zone` VALUES(2172, 138, 'Tamaulipas', 'TM', 1);
INSERT INTO `zone` VALUES(2173, 138, 'Tlaxcala', 'TL', 1);
INSERT INTO `zone` VALUES(2174, 138, 'Veracruz-Llave', 'VE', 1);
INSERT INTO `zone` VALUES(2175, 138, 'Yucatan', 'YU', 1);
INSERT INTO `zone` VALUES(2176, 138, 'Zacatecas', 'ZA', 1);
INSERT INTO `zone` VALUES(2177, 139, 'Chuuk', 'C', 1);
INSERT INTO `zone` VALUES(2178, 139, 'Kosrae', 'K', 1);
INSERT INTO `zone` VALUES(2179, 139, 'Pohnpei', 'P', 1);
INSERT INTO `zone` VALUES(2180, 139, 'Yap', 'Y', 1);
INSERT INTO `zone` VALUES(2181, 140, 'Gagauzia', 'GA', 1);
INSERT INTO `zone` VALUES(2182, 140, 'Chisinau', 'CU', 1);
INSERT INTO `zone` VALUES(2183, 140, 'Balti', 'BA', 1);
INSERT INTO `zone` VALUES(2184, 140, 'Cahul', 'CA', 1);
INSERT INTO `zone` VALUES(2185, 140, 'Edinet', 'ED', 1);
INSERT INTO `zone` VALUES(2186, 140, 'Lapusna', 'LA', 1);
INSERT INTO `zone` VALUES(2187, 140, 'Orhei', 'OR', 1);
INSERT INTO `zone` VALUES(2188, 140, 'Soroca', 'SO', 1);
INSERT INTO `zone` VALUES(2189, 140, 'Tighina', 'TI', 1);
INSERT INTO `zone` VALUES(2190, 140, 'Ungheni', 'UN', 1);
INSERT INTO `zone` VALUES(2191, 140, 'Stnga Nistrului', 'SN', 1);
INSERT INTO `zone` VALUES(2192, 141, 'Fontvieille', 'FV', 1);
INSERT INTO `zone` VALUES(2193, 141, 'La Condamine', 'LC', 1);
INSERT INTO `zone` VALUES(2194, 141, 'Monaco-Ville', 'MV', 1);
INSERT INTO `zone` VALUES(2195, 141, 'Monte-Carlo', 'MC', 1);
INSERT INTO `zone` VALUES(2196, 142, 'Ulanbaatar', '1', 1);
INSERT INTO `zone` VALUES(2197, 142, 'Orhon', '035', 1);
INSERT INTO `zone` VALUES(2198, 142, 'Darhan uul', '037', 1);
INSERT INTO `zone` VALUES(2199, 142, 'Hentiy', '039', 1);
INSERT INTO `zone` VALUES(2200, 142, 'Hovsgol', '041', 1);
INSERT INTO `zone` VALUES(2201, 142, 'Hovd', '043', 1);
INSERT INTO `zone` VALUES(2202, 142, 'Uvs', '046', 1);
INSERT INTO `zone` VALUES(2203, 142, 'Tov', '047', 1);
INSERT INTO `zone` VALUES(2204, 142, 'Selenge', '049', 1);
INSERT INTO `zone` VALUES(2205, 142, 'Suhbaatar', '051', 1);
INSERT INTO `zone` VALUES(2206, 142, 'Omnogovi', '053', 1);
INSERT INTO `zone` VALUES(2207, 142, 'Ovorhangay', '055', 1);
INSERT INTO `zone` VALUES(2208, 142, 'Dzavhan', '057', 1);
INSERT INTO `zone` VALUES(2209, 142, 'DundgovL', '059', 1);
INSERT INTO `zone` VALUES(2210, 142, 'Dornod', '061', 1);
INSERT INTO `zone` VALUES(2211, 142, 'Dornogov', '063', 1);
INSERT INTO `zone` VALUES(2212, 142, 'Govi-Sumber', '064', 1);
INSERT INTO `zone` VALUES(2213, 142, 'Govi-Altay', '065', 1);
INSERT INTO `zone` VALUES(2214, 142, 'Bulgan', '067', 1);
INSERT INTO `zone` VALUES(2215, 142, 'Bayanhongor', '069', 1);
INSERT INTO `zone` VALUES(2216, 142, 'Bayan-Olgiy', '071', 1);
INSERT INTO `zone` VALUES(2217, 142, 'Arhangay', '073', 1);
INSERT INTO `zone` VALUES(2218, 143, 'Saint Anthony', 'A', 1);
INSERT INTO `zone` VALUES(2219, 143, 'Saint Georges', 'G', 1);
INSERT INTO `zone` VALUES(2220, 143, 'Saint Peter', 'P', 1);
INSERT INTO `zone` VALUES(2221, 144, 'Agadir', 'AGD', 1);
INSERT INTO `zone` VALUES(2222, 144, 'Al Hoceima', 'HOC', 1);
INSERT INTO `zone` VALUES(2223, 144, 'Azilal', 'AZI', 1);
INSERT INTO `zone` VALUES(2224, 144, 'Beni Mellal', 'BME', 1);
INSERT INTO `zone` VALUES(2225, 144, 'Ben Slimane', 'BSL', 1);
INSERT INTO `zone` VALUES(2226, 144, 'Boulemane', 'BLM', 1);
INSERT INTO `zone` VALUES(2227, 144, 'Casablanca', 'CBL', 1);
INSERT INTO `zone` VALUES(2228, 144, 'Chaouen', 'CHA', 1);
INSERT INTO `zone` VALUES(2229, 144, 'El Jadida', 'EJA', 1);
INSERT INTO `zone` VALUES(2230, 144, 'El Kelaa des Sraghna', 'EKS', 1);
INSERT INTO `zone` VALUES(2231, 144, 'Er Rachidia', 'ERA', 1);
INSERT INTO `zone` VALUES(2232, 144, 'Essaouira', 'ESS', 1);
INSERT INTO `zone` VALUES(2233, 144, 'Fes', 'FES', 1);
INSERT INTO `zone` VALUES(2234, 144, 'Figuig', 'FIG', 1);
INSERT INTO `zone` VALUES(2235, 144, 'Guelmim', 'GLM', 1);
INSERT INTO `zone` VALUES(2236, 144, 'Ifrane', 'IFR', 1);
INSERT INTO `zone` VALUES(2237, 144, 'Kenitra', 'KEN', 1);
INSERT INTO `zone` VALUES(2238, 144, 'Khemisset', 'KHM', 1);
INSERT INTO `zone` VALUES(2239, 144, 'Khenifra', 'KHN', 1);
INSERT INTO `zone` VALUES(2240, 144, 'Khouribga', 'KHO', 1);
INSERT INTO `zone` VALUES(2241, 144, 'Laayoune', 'LYN', 1);
INSERT INTO `zone` VALUES(2242, 144, 'Larache', 'LAR', 1);
INSERT INTO `zone` VALUES(2243, 144, 'Marrakech', 'MRK', 1);
INSERT INTO `zone` VALUES(2244, 144, 'Meknes', 'MKN', 1);
INSERT INTO `zone` VALUES(2245, 144, 'Nador', 'NAD', 1);
INSERT INTO `zone` VALUES(2246, 144, 'Ouarzazate', 'ORZ', 1);
INSERT INTO `zone` VALUES(2247, 144, 'Oujda', 'OUJ', 1);
INSERT INTO `zone` VALUES(2248, 144, 'Rabat-Sale', 'RSA', 1);
INSERT INTO `zone` VALUES(2249, 144, 'Safi', 'SAF', 1);
INSERT INTO `zone` VALUES(2250, 144, 'Settat', 'SET', 1);
INSERT INTO `zone` VALUES(2251, 144, 'Sidi Kacem', 'SKA', 1);
INSERT INTO `zone` VALUES(2252, 144, 'Tangier', 'TGR', 1);
INSERT INTO `zone` VALUES(2253, 144, 'Tan-Tan', 'TAN', 1);
INSERT INTO `zone` VALUES(2254, 144, 'Taounate', 'TAO', 1);
INSERT INTO `zone` VALUES(2255, 144, 'Taroudannt', 'TRD', 1);
INSERT INTO `zone` VALUES(2256, 144, 'Tata', 'TAT', 1);
INSERT INTO `zone` VALUES(2257, 144, 'Taza', 'TAZ', 1);
INSERT INTO `zone` VALUES(2258, 144, 'Tetouan', 'TET', 1);
INSERT INTO `zone` VALUES(2259, 144, 'Tiznit', 'TIZ', 1);
INSERT INTO `zone` VALUES(2260, 144, 'Ad Dakhla', 'ADK', 1);
INSERT INTO `zone` VALUES(2261, 144, 'Boujdour', 'BJD', 1);
INSERT INTO `zone` VALUES(2262, 144, 'Es Smara', 'ESM', 1);
INSERT INTO `zone` VALUES(2263, 145, 'Cabo Delgado', 'CD', 1);
INSERT INTO `zone` VALUES(2264, 145, 'Gaza', 'GZ', 1);
INSERT INTO `zone` VALUES(2265, 145, 'Inhambane', 'IN', 1);
INSERT INTO `zone` VALUES(2266, 145, 'Manica', 'MN', 1);
INSERT INTO `zone` VALUES(2267, 145, 'Maputo (city)', 'MC', 1);
INSERT INTO `zone` VALUES(2268, 145, 'Maputo', 'MP', 1);
INSERT INTO `zone` VALUES(2269, 145, 'Nampula', 'NA', 1);
INSERT INTO `zone` VALUES(2270, 145, 'Niassa', 'NI', 1);
INSERT INTO `zone` VALUES(2271, 145, 'Sofala', 'SO', 1);
INSERT INTO `zone` VALUES(2272, 145, 'Tete', 'TE', 1);
INSERT INTO `zone` VALUES(2273, 145, 'Zambezia', 'ZA', 1);
INSERT INTO `zone` VALUES(2274, 146, 'Ayeyarwady', 'AY', 1);
INSERT INTO `zone` VALUES(2275, 146, 'Bago', 'BG', 1);
INSERT INTO `zone` VALUES(2276, 146, 'Magway', 'MG', 1);
INSERT INTO `zone` VALUES(2277, 146, 'Mandalay', 'MD', 1);
INSERT INTO `zone` VALUES(2278, 146, 'Sagaing', 'SG', 1);
INSERT INTO `zone` VALUES(2279, 146, 'Tanintharyi', 'TN', 1);
INSERT INTO `zone` VALUES(2280, 146, 'Yangon', 'YG', 1);
INSERT INTO `zone` VALUES(2281, 146, 'Chin State', 'CH', 1);
INSERT INTO `zone` VALUES(2282, 146, 'Kachin State', 'KC', 1);
INSERT INTO `zone` VALUES(2283, 146, 'Kayah State', 'KH', 1);
INSERT INTO `zone` VALUES(2284, 146, 'Kayin State', 'KN', 1);
INSERT INTO `zone` VALUES(2285, 146, 'Mon State', 'MN', 1);
INSERT INTO `zone` VALUES(2286, 146, 'Rakhine State', 'RK', 1);
INSERT INTO `zone` VALUES(2287, 146, 'Shan State', 'SH', 1);
INSERT INTO `zone` VALUES(2288, 147, 'Caprivi', 'CA', 1);
INSERT INTO `zone` VALUES(2289, 147, 'Erongo', 'ER', 1);
INSERT INTO `zone` VALUES(2290, 147, 'Hardap', 'HA', 1);
INSERT INTO `zone` VALUES(2291, 147, 'Karas', 'KR', 1);
INSERT INTO `zone` VALUES(2292, 147, 'Kavango', 'KV', 1);
INSERT INTO `zone` VALUES(2293, 147, 'Khomas', 'KH', 1);
INSERT INTO `zone` VALUES(2294, 147, 'Kunene', 'KU', 1);
INSERT INTO `zone` VALUES(2295, 147, 'Ohangwena', 'OW', 1);
INSERT INTO `zone` VALUES(2296, 147, 'Omaheke', 'OK', 1);
INSERT INTO `zone` VALUES(2297, 147, 'Omusati', 'OT', 1);
INSERT INTO `zone` VALUES(2298, 147, 'Oshana', 'ON', 1);
INSERT INTO `zone` VALUES(2299, 147, 'Oshikoto', 'OO', 1);
INSERT INTO `zone` VALUES(2300, 147, 'Otjozondjupa', 'OJ', 1);
INSERT INTO `zone` VALUES(2301, 148, 'Aiwo', 'AO', 1);
INSERT INTO `zone` VALUES(2302, 148, 'Anabar', 'AA', 1);
INSERT INTO `zone` VALUES(2303, 148, 'Anetan', 'AT', 1);
INSERT INTO `zone` VALUES(2304, 148, 'Anibare', 'AI', 1);
INSERT INTO `zone` VALUES(2305, 148, 'Baiti', 'BA', 1);
INSERT INTO `zone` VALUES(2306, 148, 'Boe', 'BO', 1);
INSERT INTO `zone` VALUES(2307, 148, 'Buada', 'BU', 1);
INSERT INTO `zone` VALUES(2308, 148, 'Denigomodu', 'DE', 1);
INSERT INTO `zone` VALUES(2309, 148, 'Ewa', 'EW', 1);
INSERT INTO `zone` VALUES(2310, 148, 'Ijuw', 'IJ', 1);
INSERT INTO `zone` VALUES(2311, 148, 'Meneng', 'ME', 1);
INSERT INTO `zone` VALUES(2312, 148, 'Nibok', 'NI', 1);
INSERT INTO `zone` VALUES(2313, 148, 'Uaboe', 'UA', 1);
INSERT INTO `zone` VALUES(2314, 148, 'Yaren', 'YA', 1);
INSERT INTO `zone` VALUES(2315, 149, 'Bagmati', 'BA', 1);
INSERT INTO `zone` VALUES(2316, 149, 'Bheri', 'BH', 1);
INSERT INTO `zone` VALUES(2317, 149, 'Dhawalagiri', 'DH', 1);
INSERT INTO `zone` VALUES(2318, 149, 'Gandaki', 'GA', 1);
INSERT INTO `zone` VALUES(2319, 149, 'Janakpur', 'JA', 1);
INSERT INTO `zone` VALUES(2320, 149, 'Karnali', 'KA', 1);
INSERT INTO `zone` VALUES(2321, 149, 'Kosi', 'KO', 1);
INSERT INTO `zone` VALUES(2322, 149, 'Lumbini', 'LU', 1);
INSERT INTO `zone` VALUES(2323, 149, 'Mahakali', 'MA', 1);
INSERT INTO `zone` VALUES(2324, 149, 'Mechi', 'ME', 1);
INSERT INTO `zone` VALUES(2325, 149, 'Narayani', 'NA', 1);
INSERT INTO `zone` VALUES(2326, 149, 'Rapti', 'RA', 1);
INSERT INTO `zone` VALUES(2327, 149, 'Sagarmatha', 'SA', 1);
INSERT INTO `zone` VALUES(2328, 149, 'Seti', 'SE', 1);
INSERT INTO `zone` VALUES(2329, 150, 'Drenthe', 'DR', 1);
INSERT INTO `zone` VALUES(2330, 150, 'Flevoland', 'FL', 1);
INSERT INTO `zone` VALUES(2331, 150, 'Friesland', 'FR', 1);
INSERT INTO `zone` VALUES(2332, 150, 'Gelderland', 'GE', 1);
INSERT INTO `zone` VALUES(2333, 150, 'Groningen', 'GR', 1);
INSERT INTO `zone` VALUES(2334, 150, 'Limburg', 'LI', 1);
INSERT INTO `zone` VALUES(2335, 150, 'Noord-Brabant', 'NB', 1);
INSERT INTO `zone` VALUES(2336, 150, 'Noord-Holland', 'NH', 1);
INSERT INTO `zone` VALUES(2337, 150, 'Overijssel', 'OV', 1);
INSERT INTO `zone` VALUES(2338, 150, 'Utrecht', 'UT', 1);
INSERT INTO `zone` VALUES(2339, 150, 'Zeeland', 'ZE', 1);
INSERT INTO `zone` VALUES(2340, 150, 'Zuid-Holland', 'ZH', 1);
INSERT INTO `zone` VALUES(2341, 152, 'Iles Loyaute', 'L', 1);
INSERT INTO `zone` VALUES(2342, 152, 'Nord', 'N', 1);
INSERT INTO `zone` VALUES(2343, 152, 'Sud', 'S', 1);
INSERT INTO `zone` VALUES(2344, 153, 'Auckland', 'AUK', 1);
INSERT INTO `zone` VALUES(2345, 153, 'Bay of Plenty', 'BOP', 1);
INSERT INTO `zone` VALUES(2346, 153, 'Canterbury', 'CAN', 1);
INSERT INTO `zone` VALUES(2347, 153, 'Coromandel', 'COR', 1);
INSERT INTO `zone` VALUES(2348, 153, 'Gisborne', 'GIS', 1);
INSERT INTO `zone` VALUES(2349, 153, 'Fiordland', 'FIO', 1);
INSERT INTO `zone` VALUES(2350, 153, 'Hawke''s Bay', 'HKB', 1);
INSERT INTO `zone` VALUES(2351, 153, 'Marlborough', 'MBH', 1);
INSERT INTO `zone` VALUES(2352, 153, 'Manawatu-Wanganui', 'MWT', 1);
INSERT INTO `zone` VALUES(2353, 153, 'Mt Cook-Mackenzie', 'MCM', 1);
INSERT INTO `zone` VALUES(2354, 153, 'Nelson', 'NSN', 1);
INSERT INTO `zone` VALUES(2355, 153, 'Northland', 'NTL', 1);
INSERT INTO `zone` VALUES(2356, 153, 'Otago', 'OTA', 1);
INSERT INTO `zone` VALUES(2357, 153, 'Southland', 'STL', 1);
INSERT INTO `zone` VALUES(2358, 153, 'Taranaki', 'TKI', 1);
INSERT INTO `zone` VALUES(2359, 153, 'Wellington', 'WGN', 1);
INSERT INTO `zone` VALUES(2360, 153, 'Waikato', 'WKO', 1);
INSERT INTO `zone` VALUES(2361, 153, 'Wairarapa', 'WAI', 1);
INSERT INTO `zone` VALUES(2362, 153, 'West Coast', 'WTC', 1);
INSERT INTO `zone` VALUES(2363, 154, 'Atlantico Norte', 'AN', 1);
INSERT INTO `zone` VALUES(2364, 154, 'Atlantico Sur', 'AS', 1);
INSERT INTO `zone` VALUES(2365, 154, 'Boaco', 'BO', 1);
INSERT INTO `zone` VALUES(2366, 154, 'Carazo', 'CA', 1);
INSERT INTO `zone` VALUES(2367, 154, 'Chinandega', 'CI', 1);
INSERT INTO `zone` VALUES(2368, 154, 'Chontales', 'CO', 1);
INSERT INTO `zone` VALUES(2369, 154, 'Esteli', 'ES', 1);
INSERT INTO `zone` VALUES(2370, 154, 'Granada', 'GR', 1);
INSERT INTO `zone` VALUES(2371, 154, 'Jinotega', 'JI', 1);
INSERT INTO `zone` VALUES(2372, 154, 'Leon', 'LE', 1);
INSERT INTO `zone` VALUES(2373, 154, 'Madriz', 'MD', 1);
INSERT INTO `zone` VALUES(2374, 154, 'Managua', 'MN', 1);
INSERT INTO `zone` VALUES(2375, 154, 'Masaya', 'MS', 1);
INSERT INTO `zone` VALUES(2376, 154, 'Matagalpa', 'MT', 1);
INSERT INTO `zone` VALUES(2377, 154, 'Nuevo Segovia', 'NS', 1);
INSERT INTO `zone` VALUES(2378, 154, 'Rio San Juan', 'RS', 1);
INSERT INTO `zone` VALUES(2379, 154, 'Rivas', 'RI', 1);
INSERT INTO `zone` VALUES(2380, 155, 'Agadez', 'AG', 1);
INSERT INTO `zone` VALUES(2381, 155, 'Diffa', 'DF', 1);
INSERT INTO `zone` VALUES(2382, 155, 'Dosso', 'DS', 1);
INSERT INTO `zone` VALUES(2383, 155, 'Maradi', 'MA', 1);
INSERT INTO `zone` VALUES(2384, 155, 'Niamey', 'NM', 1);
INSERT INTO `zone` VALUES(2385, 155, 'Tahoua', 'TH', 1);
INSERT INTO `zone` VALUES(2386, 155, 'Tillaberi', 'TL', 1);
INSERT INTO `zone` VALUES(2387, 155, 'Zinder', 'ZD', 1);
INSERT INTO `zone` VALUES(2388, 156, 'Abia', 'AB', 1);
INSERT INTO `zone` VALUES(2389, 156, 'Abuja Federal Capital Territory', 'CT', 1);
INSERT INTO `zone` VALUES(2390, 156, 'Adamawa', 'AD', 1);
INSERT INTO `zone` VALUES(2391, 156, 'Akwa Ibom', 'AK', 1);
INSERT INTO `zone` VALUES(2392, 156, 'Anambra', 'AN', 1);
INSERT INTO `zone` VALUES(2393, 156, 'Bauchi', 'BC', 1);
INSERT INTO `zone` VALUES(2394, 156, 'Bayelsa', 'BY', 1);
INSERT INTO `zone` VALUES(2395, 156, 'Benue', 'BN', 1);
INSERT INTO `zone` VALUES(2396, 156, 'Borno', 'BO', 1);
INSERT INTO `zone` VALUES(2397, 156, 'Cross River', 'CR', 1);
INSERT INTO `zone` VALUES(2398, 156, 'Delta', 'DE', 1);
INSERT INTO `zone` VALUES(2399, 156, 'Ebonyi', 'EB', 1);
INSERT INTO `zone` VALUES(2400, 156, 'Edo', 'ED', 1);
INSERT INTO `zone` VALUES(2401, 156, 'Ekiti', 'EK', 1);
INSERT INTO `zone` VALUES(2402, 156, 'Enugu', 'EN', 1);
INSERT INTO `zone` VALUES(2403, 156, 'Gombe', 'GO', 1);
INSERT INTO `zone` VALUES(2404, 156, 'Imo', 'IM', 1);
INSERT INTO `zone` VALUES(2405, 156, 'Jigawa', 'JI', 1);
INSERT INTO `zone` VALUES(2406, 156, 'Kaduna', 'KD', 1);
INSERT INTO `zone` VALUES(2407, 156, 'Kano', 'KN', 1);
INSERT INTO `zone` VALUES(2408, 156, 'Katsina', 'KT', 1);
INSERT INTO `zone` VALUES(2409, 156, 'Kebbi', 'KE', 1);
INSERT INTO `zone` VALUES(2410, 156, 'Kogi', 'KO', 1);
INSERT INTO `zone` VALUES(2411, 156, 'Kwara', 'KW', 1);
INSERT INTO `zone` VALUES(2412, 156, 'Lagos', 'LA', 1);
INSERT INTO `zone` VALUES(2413, 156, 'Nassarawa', 'NA', 1);
INSERT INTO `zone` VALUES(2414, 156, 'Niger', 'NI', 1);
INSERT INTO `zone` VALUES(2415, 156, 'Ogun', 'OG', 1);
INSERT INTO `zone` VALUES(2416, 156, 'Ondo', 'ONG', 1);
INSERT INTO `zone` VALUES(2417, 156, 'Osun', 'OS', 1);
INSERT INTO `zone` VALUES(2418, 156, 'Oyo', 'OY', 1);
INSERT INTO `zone` VALUES(2419, 156, 'Plateau', 'PL', 1);
INSERT INTO `zone` VALUES(2420, 156, 'Rivers', 'RI', 1);
INSERT INTO `zone` VALUES(2421, 156, 'Sokoto', 'SO', 1);
INSERT INTO `zone` VALUES(2422, 156, 'Taraba', 'TA', 1);
INSERT INTO `zone` VALUES(2423, 156, 'Yobe', 'YO', 1);
INSERT INTO `zone` VALUES(2424, 156, 'Zamfara', 'ZA', 1);
INSERT INTO `zone` VALUES(2425, 159, 'Northern Islands', 'N', 1);
INSERT INTO `zone` VALUES(2426, 159, 'Rota', 'R', 1);
INSERT INTO `zone` VALUES(2427, 159, 'Saipan', 'S', 1);
INSERT INTO `zone` VALUES(2428, 159, 'Tinian', 'T', 1);
INSERT INTO `zone` VALUES(2429, 160, 'Akershus', 'AK', 1);
INSERT INTO `zone` VALUES(2430, 160, 'Aust-Agder', 'AA', 1);
INSERT INTO `zone` VALUES(2431, 160, 'Buskerud', 'BU', 1);
INSERT INTO `zone` VALUES(2432, 160, 'Finnmark', 'FM', 1);
INSERT INTO `zone` VALUES(2433, 160, 'Hedmark', 'HM', 1);
INSERT INTO `zone` VALUES(2434, 160, 'Hordaland', 'HL', 1);
INSERT INTO `zone` VALUES(2435, 160, 'More og Romdal', 'MR', 1);
INSERT INTO `zone` VALUES(2436, 160, 'Nord-Trondelag', 'NT', 1);
INSERT INTO `zone` VALUES(2437, 160, 'Nordland', 'NL', 1);
INSERT INTO `zone` VALUES(2438, 160, 'Ostfold', 'OF', 1);
INSERT INTO `zone` VALUES(2439, 160, 'Oppland', 'OP', 1);
INSERT INTO `zone` VALUES(2440, 160, 'Oslo', 'OL', 1);
INSERT INTO `zone` VALUES(2441, 160, 'Rogaland', 'RL', 1);
INSERT INTO `zone` VALUES(2442, 160, 'Sor-Trondelag', 'ST', 1);
INSERT INTO `zone` VALUES(2443, 160, 'Sogn og Fjordane', 'SJ', 1);
INSERT INTO `zone` VALUES(2444, 160, 'Svalbard', 'SV', 1);
INSERT INTO `zone` VALUES(2445, 160, 'Telemark', 'TM', 1);
INSERT INTO `zone` VALUES(2446, 160, 'Troms', 'TR', 1);
INSERT INTO `zone` VALUES(2447, 160, 'Vest-Agder', 'VA', 1);
INSERT INTO `zone` VALUES(2448, 160, 'Vestfold', 'VF', 1);
INSERT INTO `zone` VALUES(2449, 161, 'Ad Dakhiliyah', 'DA', 1);
INSERT INTO `zone` VALUES(2450, 161, 'Al Batinah', 'BA', 1);
INSERT INTO `zone` VALUES(2451, 161, 'Al Wusta', 'WU', 1);
INSERT INTO `zone` VALUES(2452, 161, 'Ash Sharqiyah', 'SH', 1);
INSERT INTO `zone` VALUES(2453, 161, 'Az Zahirah', 'ZA', 1);
INSERT INTO `zone` VALUES(2454, 161, 'Masqat', 'MA', 1);
INSERT INTO `zone` VALUES(2455, 161, 'Musandam', 'MU', 1);
INSERT INTO `zone` VALUES(2456, 161, 'Zufar', 'ZU', 1);
INSERT INTO `zone` VALUES(2457, 162, 'Balochistan', 'B', 1);
INSERT INTO `zone` VALUES(2458, 162, 'Federally Administered Tribal Areas', 'T', 1);
INSERT INTO `zone` VALUES(2459, 162, 'Islamabad Capital Territory', 'I', 1);
INSERT INTO `zone` VALUES(2460, 162, 'North-West Frontier', 'N', 1);
INSERT INTO `zone` VALUES(2461, 162, 'Punjab', 'P', 1);
INSERT INTO `zone` VALUES(2462, 162, 'Sindh', 'S', 1);
INSERT INTO `zone` VALUES(2463, 163, 'Aimeliik', 'AM', 1);
INSERT INTO `zone` VALUES(2464, 163, 'Airai', 'AR', 1);
INSERT INTO `zone` VALUES(2465, 163, 'Angaur', 'AN', 1);
INSERT INTO `zone` VALUES(2466, 163, 'Hatohobei', 'HA', 1);
INSERT INTO `zone` VALUES(2467, 163, 'Kayangel', 'KA', 1);
INSERT INTO `zone` VALUES(2468, 163, 'Koror', 'KO', 1);
INSERT INTO `zone` VALUES(2469, 163, 'Melekeok', 'ME', 1);
INSERT INTO `zone` VALUES(2470, 163, 'Ngaraard', 'NA', 1);
INSERT INTO `zone` VALUES(2471, 163, 'Ngarchelong', 'NG', 1);
INSERT INTO `zone` VALUES(2472, 163, 'Ngardmau', 'ND', 1);
INSERT INTO `zone` VALUES(2473, 163, 'Ngatpang', 'NT', 1);
INSERT INTO `zone` VALUES(2474, 163, 'Ngchesar', 'NC', 1);
INSERT INTO `zone` VALUES(2475, 163, 'Ngeremlengui', 'NR', 1);
INSERT INTO `zone` VALUES(2476, 163, 'Ngiwal', 'NW', 1);
INSERT INTO `zone` VALUES(2477, 163, 'Peleliu', 'PE', 1);
INSERT INTO `zone` VALUES(2478, 163, 'Sonsorol', 'SO', 1);
INSERT INTO `zone` VALUES(2479, 164, 'Bocas del Toro', 'BT', 1);
INSERT INTO `zone` VALUES(2480, 164, 'Chiriqui', 'CH', 1);
INSERT INTO `zone` VALUES(2481, 164, 'Cocle', 'CC', 1);
INSERT INTO `zone` VALUES(2482, 164, 'Colon', 'CL', 1);
INSERT INTO `zone` VALUES(2483, 164, 'Darien', 'DA', 1);
INSERT INTO `zone` VALUES(2484, 164, 'Herrera', 'HE', 1);
INSERT INTO `zone` VALUES(2485, 164, 'Los Santos', 'LS', 1);
INSERT INTO `zone` VALUES(2486, 164, 'Panama', 'PA', 1);
INSERT INTO `zone` VALUES(2487, 164, 'San Blas', 'SB', 1);
INSERT INTO `zone` VALUES(2488, 164, 'Veraguas', 'VG', 1);
INSERT INTO `zone` VALUES(2489, 165, 'Bougainville', 'BV', 1);
INSERT INTO `zone` VALUES(2490, 165, 'Central', 'CE', 1);
INSERT INTO `zone` VALUES(2491, 165, 'Chimbu', 'CH', 1);
INSERT INTO `zone` VALUES(2492, 165, 'Eastern Highlands', 'EH', 1);
INSERT INTO `zone` VALUES(2493, 165, 'East New Britain', 'EB', 1);
INSERT INTO `zone` VALUES(2494, 165, 'East Sepik', 'ES', 1);
INSERT INTO `zone` VALUES(2495, 165, 'Enga', 'EN', 1);
INSERT INTO `zone` VALUES(2496, 165, 'Gulf', 'GU', 1);
INSERT INTO `zone` VALUES(2497, 165, 'Madang', 'MD', 1);
INSERT INTO `zone` VALUES(2498, 165, 'Manus', 'MN', 1);
INSERT INTO `zone` VALUES(2499, 165, 'Milne Bay', 'MB', 1);
INSERT INTO `zone` VALUES(2500, 165, 'Morobe', 'MR', 1);
INSERT INTO `zone` VALUES(2501, 165, 'National Capital', 'NC', 1);
INSERT INTO `zone` VALUES(2502, 165, 'New Ireland', 'NI', 1);
INSERT INTO `zone` VALUES(2503, 165, 'Northern', 'NO', 1);
INSERT INTO `zone` VALUES(2504, 165, 'Sandaun', 'SA', 1);
INSERT INTO `zone` VALUES(2505, 165, 'Southern Highlands', 'SH', 1);
INSERT INTO `zone` VALUES(2506, 165, 'Western', 'WE', 1);
INSERT INTO `zone` VALUES(2507, 165, 'Western Highlands', 'WH', 1);
INSERT INTO `zone` VALUES(2508, 165, 'West New Britain', 'WB', 1);
INSERT INTO `zone` VALUES(2509, 166, 'Alto Paraguay', 'AG', 1);
INSERT INTO `zone` VALUES(2510, 166, 'Alto Parana', 'AN', 1);
INSERT INTO `zone` VALUES(2511, 166, 'Amambay', 'AM', 1);
INSERT INTO `zone` VALUES(2512, 166, 'Asuncion', 'AS', 1);
INSERT INTO `zone` VALUES(2513, 166, 'Boqueron', 'BO', 1);
INSERT INTO `zone` VALUES(2514, 166, 'Caaguazu', 'CG', 1);
INSERT INTO `zone` VALUES(2515, 166, 'Caazapa', 'CZ', 1);
INSERT INTO `zone` VALUES(2516, 166, 'Canindeyu', 'CN', 1);
INSERT INTO `zone` VALUES(2517, 166, 'Central', 'CE', 1);
INSERT INTO `zone` VALUES(2518, 166, 'Concepcion', 'CC', 1);
INSERT INTO `zone` VALUES(2519, 166, 'Cordillera', 'CD', 1);
INSERT INTO `zone` VALUES(2520, 166, 'Guaira', 'GU', 1);
INSERT INTO `zone` VALUES(2521, 166, 'Itapua', 'IT', 1);
INSERT INTO `zone` VALUES(2522, 166, 'Misiones', 'MI', 1);
INSERT INTO `zone` VALUES(2523, 166, 'Neembucu', 'NE', 1);
INSERT INTO `zone` VALUES(2524, 166, 'Paraguari', 'PA', 1);
INSERT INTO `zone` VALUES(2525, 166, 'Presidente Hayes', 'PH', 1);
INSERT INTO `zone` VALUES(2526, 166, 'San Pedro', 'SP', 1);
INSERT INTO `zone` VALUES(2527, 167, 'Amazonas', 'AM', 1);
INSERT INTO `zone` VALUES(2528, 167, 'Ancash', 'AN', 1);
INSERT INTO `zone` VALUES(2529, 167, 'Apurimac', 'AP', 1);
INSERT INTO `zone` VALUES(2530, 167, 'Arequipa', 'AR', 1);
INSERT INTO `zone` VALUES(2531, 167, 'Ayacucho', 'AY', 1);
INSERT INTO `zone` VALUES(2532, 167, 'Cajamarca', 'CJ', 1);
INSERT INTO `zone` VALUES(2533, 167, 'Callao', 'CL', 1);
INSERT INTO `zone` VALUES(2534, 167, 'Cusco', 'CU', 1);
INSERT INTO `zone` VALUES(2535, 167, 'Huancavelica', 'HV', 1);
INSERT INTO `zone` VALUES(2536, 167, 'Huanuco', 'HO', 1);
INSERT INTO `zone` VALUES(2537, 167, 'Ica', 'IC', 1);
INSERT INTO `zone` VALUES(2538, 167, 'Junin', 'JU', 1);
INSERT INTO `zone` VALUES(2539, 167, 'La Libertad', 'LD', 1);
INSERT INTO `zone` VALUES(2540, 167, 'Lambayeque', 'LY', 1);
INSERT INTO `zone` VALUES(2541, 167, 'Lima', 'LI', 1);
INSERT INTO `zone` VALUES(2542, 167, 'Loreto', 'LO', 1);
INSERT INTO `zone` VALUES(2543, 167, 'Madre de Dios', 'MD', 1);
INSERT INTO `zone` VALUES(2544, 167, 'Moquegua', 'MO', 1);
INSERT INTO `zone` VALUES(2545, 167, 'Pasco', 'PA', 1);
INSERT INTO `zone` VALUES(2546, 167, 'Piura', 'PI', 1);
INSERT INTO `zone` VALUES(2547, 167, 'Puno', 'PU', 1);
INSERT INTO `zone` VALUES(2548, 167, 'San Martin', 'SM', 1);
INSERT INTO `zone` VALUES(2549, 167, 'Tacna', 'TA', 1);
INSERT INTO `zone` VALUES(2550, 167, 'Tumbes', 'TU', 1);
INSERT INTO `zone` VALUES(2551, 167, 'Ucayali', 'UC', 1);
INSERT INTO `zone` VALUES(2552, 168, 'Abra', 'ABR', 1);
INSERT INTO `zone` VALUES(2553, 168, 'Agusan del Norte', 'ANO', 1);
INSERT INTO `zone` VALUES(2554, 168, 'Agusan del Sur', 'ASU', 1);
INSERT INTO `zone` VALUES(2555, 168, 'Aklan', 'AKL', 1);
INSERT INTO `zone` VALUES(2556, 168, 'Albay', 'ALB', 1);
INSERT INTO `zone` VALUES(2557, 168, 'Antique', 'ANT', 1);
INSERT INTO `zone` VALUES(2558, 168, 'Apayao', 'APY', 1);
INSERT INTO `zone` VALUES(2559, 168, 'Aurora', 'AUR', 1);
INSERT INTO `zone` VALUES(2560, 168, 'Basilan', 'BAS', 1);
INSERT INTO `zone` VALUES(2561, 168, 'Bataan', 'BTA', 1);
INSERT INTO `zone` VALUES(2562, 168, 'Batanes', 'BTE', 1);
INSERT INTO `zone` VALUES(2563, 168, 'Batangas', 'BTG', 1);
INSERT INTO `zone` VALUES(2564, 168, 'Biliran', 'BLR', 1);
INSERT INTO `zone` VALUES(2565, 168, 'Benguet', 'BEN', 1);
INSERT INTO `zone` VALUES(2566, 168, 'Bohol', 'BOL', 1);
INSERT INTO `zone` VALUES(2567, 168, 'Bukidnon', 'BUK', 1);
INSERT INTO `zone` VALUES(2568, 168, 'Bulacan', 'BUL', 1);
INSERT INTO `zone` VALUES(2569, 168, 'Cagayan', 'CAG', 1);
INSERT INTO `zone` VALUES(2570, 168, 'Camarines Norte', 'CNO', 1);
INSERT INTO `zone` VALUES(2571, 168, 'Camarines Sur', 'CSU', 1);
INSERT INTO `zone` VALUES(2572, 168, 'Camiguin', 'CAM', 1);
INSERT INTO `zone` VALUES(2573, 168, 'Capiz', 'CAP', 1);
INSERT INTO `zone` VALUES(2574, 168, 'Catanduanes', 'CAT', 1);
INSERT INTO `zone` VALUES(2575, 168, 'Cavite', 'CAV', 1);
INSERT INTO `zone` VALUES(2576, 168, 'Cebu', 'CEB', 1);
INSERT INTO `zone` VALUES(2577, 168, 'Compostela', 'CMP', 1);
INSERT INTO `zone` VALUES(2578, 168, 'Davao del Norte', 'DNO', 1);
INSERT INTO `zone` VALUES(2579, 168, 'Davao del Sur', 'DSU', 1);
INSERT INTO `zone` VALUES(2580, 168, 'Davao Oriental', 'DOR', 1);
INSERT INTO `zone` VALUES(2581, 168, 'Eastern Samar', 'ESA', 1);
INSERT INTO `zone` VALUES(2582, 168, 'Guimaras', 'GUI', 1);
INSERT INTO `zone` VALUES(2583, 168, 'Ifugao', 'IFU', 1);
INSERT INTO `zone` VALUES(2584, 168, 'Ilocos Norte', 'INO', 1);
INSERT INTO `zone` VALUES(2585, 168, 'Ilocos Sur', 'ISU', 1);
INSERT INTO `zone` VALUES(2586, 168, 'Iloilo', 'ILO', 1);
INSERT INTO `zone` VALUES(2587, 168, 'Isabela', 'ISA', 1);
INSERT INTO `zone` VALUES(2588, 168, 'Kalinga', 'KAL', 1);
INSERT INTO `zone` VALUES(2589, 168, 'Laguna', 'LAG', 1);
INSERT INTO `zone` VALUES(2590, 168, 'Lanao del Norte', 'LNO', 1);
INSERT INTO `zone` VALUES(2591, 168, 'Lanao del Sur', 'LSU', 1);
INSERT INTO `zone` VALUES(2592, 168, 'La Union', 'UNI', 1);
INSERT INTO `zone` VALUES(2593, 168, 'Leyte', 'LEY', 1);
INSERT INTO `zone` VALUES(2594, 168, 'Maguindanao', 'MAG', 1);
INSERT INTO `zone` VALUES(2595, 168, 'Marinduque', 'MRN', 1);
INSERT INTO `zone` VALUES(2596, 168, 'Masbate', 'MSB', 1);
INSERT INTO `zone` VALUES(2597, 168, 'Mindoro Occidental', 'MIC', 1);
INSERT INTO `zone` VALUES(2598, 168, 'Mindoro Oriental', 'MIR', 1);
INSERT INTO `zone` VALUES(2599, 168, 'Misamis Occidental', 'MSC', 1);
INSERT INTO `zone` VALUES(2600, 168, 'Misamis Oriental', 'MOR', 1);
INSERT INTO `zone` VALUES(2601, 168, 'Mountain', 'MOP', 1);
INSERT INTO `zone` VALUES(2602, 168, 'Negros Occidental', 'NOC', 1);
INSERT INTO `zone` VALUES(2603, 168, 'Negros Oriental', 'NOR', 1);
INSERT INTO `zone` VALUES(2604, 168, 'North Cotabato', 'NCT', 1);
INSERT INTO `zone` VALUES(2605, 168, 'Northern Samar', 'NSM', 1);
INSERT INTO `zone` VALUES(2606, 168, 'Nueva Ecija', 'NEC', 1);
INSERT INTO `zone` VALUES(2607, 168, 'Nueva Vizcaya', 'NVZ', 1);
INSERT INTO `zone` VALUES(2608, 168, 'Palawan', 'PLW', 1);
INSERT INTO `zone` VALUES(2609, 168, 'Pampanga', 'PMP', 1);
INSERT INTO `zone` VALUES(2610, 168, 'Pangasinan', 'PNG', 1);
INSERT INTO `zone` VALUES(2611, 168, 'Quezon', 'QZN', 1);
INSERT INTO `zone` VALUES(2612, 168, 'Quirino', 'QRN', 1);
INSERT INTO `zone` VALUES(2613, 168, 'Rizal', 'RIZ', 1);
INSERT INTO `zone` VALUES(2614, 168, 'Romblon', 'ROM', 1);
INSERT INTO `zone` VALUES(2615, 168, 'Samar', 'SMR', 1);
INSERT INTO `zone` VALUES(2616, 168, 'Sarangani', 'SRG', 1);
INSERT INTO `zone` VALUES(2617, 168, 'Siquijor', 'SQJ', 1);
INSERT INTO `zone` VALUES(2618, 168, 'Sorsogon', 'SRS', 1);
INSERT INTO `zone` VALUES(2619, 168, 'South Cotabato', 'SCO', 1);
INSERT INTO `zone` VALUES(2620, 168, 'Southern Leyte', 'SLE', 1);
INSERT INTO `zone` VALUES(2621, 168, 'Sultan Kudarat', 'SKU', 1);
INSERT INTO `zone` VALUES(2622, 168, 'Sulu', 'SLU', 1);
INSERT INTO `zone` VALUES(2623, 168, 'Surigao del Norte', 'SNO', 1);
INSERT INTO `zone` VALUES(2624, 168, 'Surigao del Sur', 'SSU', 1);
INSERT INTO `zone` VALUES(2625, 168, 'Tarlac', 'TAR', 1);
INSERT INTO `zone` VALUES(2626, 168, 'Tawi-Tawi', 'TAW', 1);
INSERT INTO `zone` VALUES(2627, 168, 'Zambales', 'ZBL', 1);
INSERT INTO `zone` VALUES(2628, 168, 'Zamboanga del Norte', 'ZNO', 1);
INSERT INTO `zone` VALUES(2629, 168, 'Zamboanga del Sur', 'ZSU', 1);
INSERT INTO `zone` VALUES(2630, 168, 'Zamboanga Sibugay', 'ZSI', 1);
INSERT INTO `zone` VALUES(2631, 170, 'Dolnoslaskie', 'DO', 1);
INSERT INTO `zone` VALUES(2632, 170, 'Kujawsko-Pomorskie', 'KP', 1);
INSERT INTO `zone` VALUES(2633, 170, 'Lodzkie', 'LO', 1);
INSERT INTO `zone` VALUES(2634, 170, 'Lubelskie', 'LL', 1);
INSERT INTO `zone` VALUES(2635, 170, 'Lubuskie', 'LU', 1);
INSERT INTO `zone` VALUES(2636, 170, 'Malopolskie', 'ML', 1);
INSERT INTO `zone` VALUES(2637, 170, 'Mazowieckie', 'MZ', 1);
INSERT INTO `zone` VALUES(2638, 170, 'Opolskie', 'OP', 1);
INSERT INTO `zone` VALUES(2639, 170, 'Podkarpackie', 'PP', 1);
INSERT INTO `zone` VALUES(2640, 170, 'Podlaskie', 'PL', 1);
INSERT INTO `zone` VALUES(2641, 170, 'Pomorskie', 'PM', 1);
INSERT INTO `zone` VALUES(2642, 170, 'Slaskie', 'SL', 1);
INSERT INTO `zone` VALUES(2643, 170, 'Swietokrzyskie', 'SW', 1);
INSERT INTO `zone` VALUES(2644, 170, 'Warminsko-Mazurskie', 'WM', 1);
INSERT INTO `zone` VALUES(2645, 170, 'Wielkopolskie', 'WP', 1);
INSERT INTO `zone` VALUES(2646, 170, 'Zachodniopomorskie', 'ZA', 1);
INSERT INTO `zone` VALUES(2647, 198, 'Saint Pierre', 'P', 1);
INSERT INTO `zone` VALUES(2648, 198, 'Miquelon', 'M', 1);
INSERT INTO `zone` VALUES(2649, 171, 'A&ccedil;ores', 'AC', 1);
INSERT INTO `zone` VALUES(2650, 171, 'Aveiro', 'AV', 1);
INSERT INTO `zone` VALUES(2651, 171, 'Beja', 'BE', 1);
INSERT INTO `zone` VALUES(2652, 171, 'Braga', 'BR', 1);
INSERT INTO `zone` VALUES(2653, 171, 'Bragan&ccedil;a', 'BA', 1);
INSERT INTO `zone` VALUES(2654, 171, 'Castelo Branco', 'CB', 1);
INSERT INTO `zone` VALUES(2655, 171, 'Coimbra', 'CO', 1);
INSERT INTO `zone` VALUES(2656, 171, '&Eacute;vora', 'EV', 1);
INSERT INTO `zone` VALUES(2657, 171, 'Faro', 'FA', 1);
INSERT INTO `zone` VALUES(2658, 171, 'Guarda', 'GU', 1);
INSERT INTO `zone` VALUES(2659, 171, 'Leiria', 'LE', 1);
INSERT INTO `zone` VALUES(2660, 171, 'Lisboa', 'LI', 1);
INSERT INTO `zone` VALUES(2661, 171, 'Madeira', 'ME', 1);
INSERT INTO `zone` VALUES(2662, 171, 'Portalegre', 'PO', 1);
INSERT INTO `zone` VALUES(2663, 171, 'Porto', 'PR', 1);
INSERT INTO `zone` VALUES(2664, 171, 'Santar&eacute;m', 'SA', 1);
INSERT INTO `zone` VALUES(2665, 171, 'Set&uacute;bal', 'SE', 1);
INSERT INTO `zone` VALUES(2666, 171, 'Viana do Castelo', 'VC', 1);
INSERT INTO `zone` VALUES(2667, 171, 'Vila Real', 'VR', 1);
INSERT INTO `zone` VALUES(2668, 171, 'Viseu', 'VI', 1);
INSERT INTO `zone` VALUES(2669, 173, 'Ad Dawhah', 'DW', 1);
INSERT INTO `zone` VALUES(2670, 173, 'Al Ghuwayriyah', 'GW', 1);
INSERT INTO `zone` VALUES(2671, 173, 'Al Jumayliyah', 'JM', 1);
INSERT INTO `zone` VALUES(2672, 173, 'Al Khawr', 'KR', 1);
INSERT INTO `zone` VALUES(2673, 173, 'Al Wakrah', 'WK', 1);
INSERT INTO `zone` VALUES(2674, 173, 'Ar Rayyan', 'RN', 1);
INSERT INTO `zone` VALUES(2675, 173, 'Jarayan al Batinah', 'JB', 1);
INSERT INTO `zone` VALUES(2676, 173, 'Madinat ash Shamal', 'MS', 1);
INSERT INTO `zone` VALUES(2677, 173, 'Umm Sa''id', 'UD', 1);
INSERT INTO `zone` VALUES(2678, 173, 'Umm Salal', 'UL', 1);
INSERT INTO `zone` VALUES(2679, 175, 'Alba', 'AB', 1);
INSERT INTO `zone` VALUES(2680, 175, 'Arad', 'AR', 1);
INSERT INTO `zone` VALUES(2681, 175, 'Arges', 'AG', 1);
INSERT INTO `zone` VALUES(2682, 175, 'Bacau', 'BC', 1);
INSERT INTO `zone` VALUES(2683, 175, 'Bihor', 'BH', 1);
INSERT INTO `zone` VALUES(2684, 175, 'Bistrita-Nasaud', 'BN', 1);
INSERT INTO `zone` VALUES(2685, 175, 'Botosani', 'BT', 1);
INSERT INTO `zone` VALUES(2686, 175, 'Brasov', 'BV', 1);
INSERT INTO `zone` VALUES(2687, 175, 'Braila', 'BR', 1);
INSERT INTO `zone` VALUES(2688, 175, 'Bucuresti', 'B', 1);
INSERT INTO `zone` VALUES(2689, 175, 'Buzau', 'BZ', 1);
INSERT INTO `zone` VALUES(2690, 175, 'Caras-Severin', 'CS', 1);
INSERT INTO `zone` VALUES(2691, 175, 'Calarasi', 'CL', 1);
INSERT INTO `zone` VALUES(2692, 175, 'Cluj', 'CJ', 1);
INSERT INTO `zone` VALUES(2693, 175, 'Constanta', 'CT', 1);
INSERT INTO `zone` VALUES(2694, 175, 'Covasna', 'CV', 1);
INSERT INTO `zone` VALUES(2695, 175, 'Dimbovita', 'DB', 1);
INSERT INTO `zone` VALUES(2696, 175, 'Dolj', 'DJ', 1);
INSERT INTO `zone` VALUES(2697, 175, 'Galati', 'GL', 1);
INSERT INTO `zone` VALUES(2698, 175, 'Giurgiu', 'GR', 1);
INSERT INTO `zone` VALUES(2699, 175, 'Gorj', 'GJ', 1);
INSERT INTO `zone` VALUES(2700, 175, 'Harghita', 'HR', 1);
INSERT INTO `zone` VALUES(2701, 175, 'Hunedoara', 'HD', 1);
INSERT INTO `zone` VALUES(2702, 175, 'Ialomita', 'IL', 1);
INSERT INTO `zone` VALUES(2703, 175, 'Iasi', 'IS', 1);
INSERT INTO `zone` VALUES(2704, 175, 'Ilfov', 'IF', 1);
INSERT INTO `zone` VALUES(2705, 175, 'Maramures', 'MM', 1);
INSERT INTO `zone` VALUES(2706, 175, 'Mehedinti', 'MH', 1);
INSERT INTO `zone` VALUES(2707, 175, 'Mures', 'MS', 1);
INSERT INTO `zone` VALUES(2708, 175, 'Neamt', 'NT', 1);
INSERT INTO `zone` VALUES(2709, 175, 'Olt', 'OT', 1);
INSERT INTO `zone` VALUES(2710, 175, 'Prahova', 'PH', 1);
INSERT INTO `zone` VALUES(2711, 175, 'Satu-Mare', 'SM', 1);
INSERT INTO `zone` VALUES(2712, 175, 'Salaj', 'SJ', 1);
INSERT INTO `zone` VALUES(2713, 175, 'Sibiu', 'SB', 1);
INSERT INTO `zone` VALUES(2714, 175, 'Suceava', 'SV', 1);
INSERT INTO `zone` VALUES(2715, 175, 'Teleorman', 'TR', 1);
INSERT INTO `zone` VALUES(2716, 175, 'Timis', 'TM', 1);
INSERT INTO `zone` VALUES(2717, 175, 'Tulcea', 'TL', 1);
INSERT INTO `zone` VALUES(2718, 175, 'Vaslui', 'VS', 1);
INSERT INTO `zone` VALUES(2719, 175, 'Valcea', 'VL', 1);
INSERT INTO `zone` VALUES(2720, 175, 'Vrancea', 'VN', 1);
INSERT INTO `zone` VALUES(2721, 176, 'Abakan', 'AB', 1);
INSERT INTO `zone` VALUES(2722, 176, 'Aginskoye', 'AG', 1);
INSERT INTO `zone` VALUES(2723, 176, 'Anadyr', 'AN', 1);
INSERT INTO `zone` VALUES(2724, 176, 'Arkahangelsk', 'AR', 1);
INSERT INTO `zone` VALUES(2725, 176, 'Astrakhan', 'AS', 1);
INSERT INTO `zone` VALUES(2726, 176, 'Barnaul', 'BA', 1);
INSERT INTO `zone` VALUES(2727, 176, 'Belgorod', 'BE', 1);
INSERT INTO `zone` VALUES(2728, 176, 'Birobidzhan', 'BI', 1);
INSERT INTO `zone` VALUES(2729, 176, 'Blagoveshchensk', 'BL', 1);
INSERT INTO `zone` VALUES(2730, 176, 'Bryansk', 'BR', 1);
INSERT INTO `zone` VALUES(2731, 176, 'Cheboksary', 'CH', 1);
INSERT INTO `zone` VALUES(2732, 176, 'Chelyabinsk', 'CL', 1);
INSERT INTO `zone` VALUES(2733, 176, 'Cherkessk', 'CR', 1);
INSERT INTO `zone` VALUES(2734, 176, 'Chita', 'CI', 1);
INSERT INTO `zone` VALUES(2735, 176, 'Dudinka', 'DU', 1);
INSERT INTO `zone` VALUES(2736, 176, 'Elista', 'EL', 1);
INSERT INTO `zone` VALUES(2738, 176, 'Gorno-Altaysk', 'GA', 1);
INSERT INTO `zone` VALUES(2739, 176, 'Groznyy', 'GR', 1);
INSERT INTO `zone` VALUES(2740, 176, 'Irkutsk', 'IR', 1);
INSERT INTO `zone` VALUES(2741, 176, 'Ivanovo', 'IV', 1);
INSERT INTO `zone` VALUES(2742, 176, 'Izhevsk', 'IZ', 1);
INSERT INTO `zone` VALUES(2743, 176, 'Kalinigrad', 'KA', 1);
INSERT INTO `zone` VALUES(2744, 176, 'Kaluga', 'KL', 1);
INSERT INTO `zone` VALUES(2745, 176, 'Kasnodar', 'KS', 1);
INSERT INTO `zone` VALUES(2746, 176, 'Kazan', 'KZ', 1);
INSERT INTO `zone` VALUES(2747, 176, 'Kemerovo', 'KE', 1);
INSERT INTO `zone` VALUES(2748, 176, 'Khabarovsk', 'KH', 1);
INSERT INTO `zone` VALUES(2749, 176, 'Khanty-Mansiysk', 'KM', 1);
INSERT INTO `zone` VALUES(2750, 176, 'Kostroma', 'KO', 1);
INSERT INTO `zone` VALUES(2751, 176, 'Krasnodar', 'KR', 1);
INSERT INTO `zone` VALUES(2752, 176, 'Krasnoyarsk', 'KN', 1);
INSERT INTO `zone` VALUES(2753, 176, 'Kudymkar', 'KU', 1);
INSERT INTO `zone` VALUES(2754, 176, 'Kurgan', 'KG', 1);
INSERT INTO `zone` VALUES(2755, 176, 'Kursk', 'KK', 1);
INSERT INTO `zone` VALUES(2756, 176, 'Kyzyl', 'KY', 1);
INSERT INTO `zone` VALUES(2757, 176, 'Lipetsk', 'LI', 1);
INSERT INTO `zone` VALUES(2758, 176, 'Magadan', 'MA', 1);
INSERT INTO `zone` VALUES(2759, 176, 'Makhachkala', 'MK', 1);
INSERT INTO `zone` VALUES(2760, 176, 'Maykop', 'MY', 1);
INSERT INTO `zone` VALUES(2761, 176, 'Moscow', 'MO', 1);
INSERT INTO `zone` VALUES(2762, 176, 'Murmansk', 'MU', 1);
INSERT INTO `zone` VALUES(2763, 176, 'Nalchik', 'NA', 1);
INSERT INTO `zone` VALUES(2764, 176, 'Naryan Mar', 'NR', 1);
INSERT INTO `zone` VALUES(2765, 176, 'Nazran', 'NZ', 1);
INSERT INTO `zone` VALUES(2766, 176, 'Nizhniy Novgorod', 'NI', 1);
INSERT INTO `zone` VALUES(2767, 176, 'Novgorod', 'NO', 1);
INSERT INTO `zone` VALUES(2768, 176, 'Novosibirsk', 'NV', 1);
INSERT INTO `zone` VALUES(2769, 176, 'Omsk', 'OM', 1);
INSERT INTO `zone` VALUES(2770, 176, 'Orel', 'OR', 1);
INSERT INTO `zone` VALUES(2771, 176, 'Orenburg', 'OE', 1);
INSERT INTO `zone` VALUES(2772, 176, 'Palana', 'PA', 1);
INSERT INTO `zone` VALUES(2773, 176, 'Penza', 'PE', 1);
INSERT INTO `zone` VALUES(2774, 176, 'Perm', 'PR', 1);
INSERT INTO `zone` VALUES(2775, 176, 'Petropavlovsk-Kamchatskiy', 'PK', 1);
INSERT INTO `zone` VALUES(2776, 176, 'Petrozavodsk', 'PT', 1);
INSERT INTO `zone` VALUES(2777, 176, 'Pskov', 'PS', 1);
INSERT INTO `zone` VALUES(2778, 176, 'Rostov-na-Donu', 'RO', 1);
INSERT INTO `zone` VALUES(2779, 176, 'Ryazan', 'RY', 1);
INSERT INTO `zone` VALUES(2780, 176, 'Salekhard', 'SL', 1);
INSERT INTO `zone` VALUES(2781, 176, 'Samara', 'SA', 1);
INSERT INTO `zone` VALUES(2782, 176, 'Saransk', 'SR', 1);
INSERT INTO `zone` VALUES(2783, 176, 'Saratov', 'SV', 1);
INSERT INTO `zone` VALUES(2784, 176, 'Smolensk', 'SM', 1);
INSERT INTO `zone` VALUES(2785, 176, 'St. Petersburg', 'SP', 1);
INSERT INTO `zone` VALUES(2786, 176, 'Stavropol', 'ST', 1);
INSERT INTO `zone` VALUES(2787, 176, 'Syktyvkar', 'SY', 1);
INSERT INTO `zone` VALUES(2788, 176, 'Tambov', 'TA', 1);
INSERT INTO `zone` VALUES(2789, 176, 'Tomsk', 'TO', 1);
INSERT INTO `zone` VALUES(2790, 176, 'Tula', 'TU', 1);
INSERT INTO `zone` VALUES(2791, 176, 'Tura', 'TR', 1);
INSERT INTO `zone` VALUES(2792, 176, 'Tver', 'TV', 1);
INSERT INTO `zone` VALUES(2793, 176, 'Tyumen', 'TY', 1);
INSERT INTO `zone` VALUES(2794, 176, 'Ufa', 'UF', 1);
INSERT INTO `zone` VALUES(2795, 176, 'Ul''yanovsk', 'UL', 1);
INSERT INTO `zone` VALUES(2796, 176, 'Ulan-Ude', 'UU', 1);
INSERT INTO `zone` VALUES(2797, 176, 'Ust''-Ordynskiy', 'US', 1);
INSERT INTO `zone` VALUES(2798, 176, 'Vladikavkaz', 'VL', 1);
INSERT INTO `zone` VALUES(2799, 176, 'Vladimir', 'VA', 1);
INSERT INTO `zone` VALUES(2800, 176, 'Vladivostok', 'VV', 1);
INSERT INTO `zone` VALUES(2801, 176, 'Volgograd', 'VG', 1);
INSERT INTO `zone` VALUES(2802, 176, 'Vologda', 'VD', 1);
INSERT INTO `zone` VALUES(2803, 176, 'Voronezh', 'VO', 1);
INSERT INTO `zone` VALUES(2804, 176, 'Vyatka', 'VY', 1);
INSERT INTO `zone` VALUES(2805, 176, 'Yakutsk', 'YA', 1);
INSERT INTO `zone` VALUES(2806, 176, 'Yaroslavl', 'YR', 1);
INSERT INTO `zone` VALUES(2807, 176, 'Yekaterinburg', 'YE', 1);
INSERT INTO `zone` VALUES(2808, 176, 'Yoshkar-Ola', 'YO', 1);
INSERT INTO `zone` VALUES(2809, 177, 'Butare', 'BU', 1);
INSERT INTO `zone` VALUES(2810, 177, 'Byumba', 'BY', 1);
INSERT INTO `zone` VALUES(2811, 177, 'Cyangugu', 'CY', 1);
INSERT INTO `zone` VALUES(2812, 177, 'Gikongoro', 'GK', 1);
INSERT INTO `zone` VALUES(2813, 177, 'Gisenyi', 'GS', 1);
INSERT INTO `zone` VALUES(2814, 177, 'Gitarama', 'GT', 1);
INSERT INTO `zone` VALUES(2815, 177, 'Kibungo', 'KG', 1);
INSERT INTO `zone` VALUES(2816, 177, 'Kibuye', 'KY', 1);
INSERT INTO `zone` VALUES(2817, 177, 'Kigali Rurale', 'KR', 1);
INSERT INTO `zone` VALUES(2818, 177, 'Kigali-ville', 'KV', 1);
INSERT INTO `zone` VALUES(2819, 177, 'Ruhengeri', 'RU', 1);
INSERT INTO `zone` VALUES(2820, 177, 'Umutara', 'UM', 1);
INSERT INTO `zone` VALUES(2821, 178, 'Christ Church Nichola Town', 'CCN', 1);
INSERT INTO `zone` VALUES(2822, 178, 'Saint Anne Sandy Point', 'SAS', 1);
INSERT INTO `zone` VALUES(2823, 178, 'Saint George Basseterre', 'SGB', 1);
INSERT INTO `zone` VALUES(2824, 178, 'Saint George Gingerland', 'SGG', 1);
INSERT INTO `zone` VALUES(2825, 178, 'Saint James Windward', 'SJW', 1);
INSERT INTO `zone` VALUES(2826, 178, 'Saint John Capesterre', 'SJC', 1);
INSERT INTO `zone` VALUES(2827, 178, 'Saint John Figtree', 'SJF', 1);
INSERT INTO `zone` VALUES(2828, 178, 'Saint Mary Cayon', 'SMC', 1);
INSERT INTO `zone` VALUES(2829, 178, 'Saint Paul Capesterre', 'CAP', 1);
INSERT INTO `zone` VALUES(2830, 178, 'Saint Paul Charlestown', 'CHA', 1);
INSERT INTO `zone` VALUES(2831, 178, 'Saint Peter Basseterre', 'SPB', 1);
INSERT INTO `zone` VALUES(2832, 178, 'Saint Thomas Lowland', 'STL', 1);
INSERT INTO `zone` VALUES(2833, 178, 'Saint Thomas Middle Island', 'STM', 1);
INSERT INTO `zone` VALUES(2834, 178, 'Trinity Palmetto Point', 'TPP', 1);
INSERT INTO `zone` VALUES(2835, 179, 'Anse-la-Raye', 'AR', 1);
INSERT INTO `zone` VALUES(2836, 179, 'Castries', 'CA', 1);
INSERT INTO `zone` VALUES(2837, 179, 'Choiseul', 'CH', 1);
INSERT INTO `zone` VALUES(2838, 179, 'Dauphin', 'DA', 1);
INSERT INTO `zone` VALUES(2839, 179, 'Dennery', 'DE', 1);
INSERT INTO `zone` VALUES(2840, 179, 'Gros-Islet', 'GI', 1);
INSERT INTO `zone` VALUES(2841, 179, 'Laborie', 'LA', 1);
INSERT INTO `zone` VALUES(2842, 179, 'Micoud', 'MI', 1);
INSERT INTO `zone` VALUES(2843, 179, 'Praslin', 'PR', 1);
INSERT INTO `zone` VALUES(2844, 179, 'Soufriere', 'SO', 1);
INSERT INTO `zone` VALUES(2845, 179, 'Vieux-Fort', 'VF', 1);
INSERT INTO `zone` VALUES(2846, 180, 'Charlotte', 'C', 1);
INSERT INTO `zone` VALUES(2847, 180, 'Grenadines', 'R', 1);
INSERT INTO `zone` VALUES(2848, 180, 'Saint Andrew', 'A', 1);
INSERT INTO `zone` VALUES(2849, 180, 'Saint David', 'D', 1);
INSERT INTO `zone` VALUES(2850, 180, 'Saint George', 'G', 1);
INSERT INTO `zone` VALUES(2851, 180, 'Saint Patrick', 'P', 1);
INSERT INTO `zone` VALUES(2852, 181, 'A''ana', 'AN', 1);
INSERT INTO `zone` VALUES(2853, 181, 'Aiga-i-le-Tai', 'AI', 1);
INSERT INTO `zone` VALUES(2854, 181, 'Atua', 'AT', 1);
INSERT INTO `zone` VALUES(2855, 181, 'Fa''asaleleaga', 'FA', 1);
INSERT INTO `zone` VALUES(2856, 181, 'Gaga''emauga', 'GE', 1);
INSERT INTO `zone` VALUES(2857, 181, 'Gagaifomauga', 'GF', 1);
INSERT INTO `zone` VALUES(2858, 181, 'Palauli', 'PA', 1);
INSERT INTO `zone` VALUES(2859, 181, 'Satupa''itea', 'SA', 1);
INSERT INTO `zone` VALUES(2860, 181, 'Tuamasaga', 'TU', 1);
INSERT INTO `zone` VALUES(2861, 181, 'Va''a-o-Fonoti', 'VF', 1);
INSERT INTO `zone` VALUES(2862, 181, 'Vaisigano', 'VS', 1);
INSERT INTO `zone` VALUES(2863, 182, 'Acquaviva', 'AC', 1);
INSERT INTO `zone` VALUES(2864, 182, 'Borgo Maggiore', 'BM', 1);
INSERT INTO `zone` VALUES(2865, 182, 'Chiesanuova', 'CH', 1);
INSERT INTO `zone` VALUES(2866, 182, 'Domagnano', 'DO', 1);
INSERT INTO `zone` VALUES(2867, 182, 'Faetano', 'FA', 1);
INSERT INTO `zone` VALUES(2868, 182, 'Fiorentino', 'FI', 1);
INSERT INTO `zone` VALUES(2869, 182, 'Montegiardino', 'MO', 1);
INSERT INTO `zone` VALUES(2870, 182, 'Citta di San Marino', 'SM', 1);
INSERT INTO `zone` VALUES(2871, 182, 'Serravalle', 'SE', 1);
INSERT INTO `zone` VALUES(2872, 183, 'Sao Tome', 'S', 1);
INSERT INTO `zone` VALUES(2873, 183, 'Principe', 'P', 1);
INSERT INTO `zone` VALUES(2874, 184, 'Al Bahah', 'BH', 1);
INSERT INTO `zone` VALUES(2875, 184, 'Al Hudud ash Shamaliyah', 'HS', 1);
INSERT INTO `zone` VALUES(2876, 184, 'Al Jawf', 'JF', 1);
INSERT INTO `zone` VALUES(2877, 184, 'Al Madinah', 'MD', 1);
INSERT INTO `zone` VALUES(2878, 184, 'Al Qasim', 'QS', 1);
INSERT INTO `zone` VALUES(2879, 184, 'Ar Riyad', 'RD', 1);
INSERT INTO `zone` VALUES(2880, 184, 'Ash Sharqiyah (Eastern)', 'AQ', 1);
INSERT INTO `zone` VALUES(2881, 184, '''Asir', 'AS', 1);
INSERT INTO `zone` VALUES(2882, 184, 'Ha''il', 'HL', 1);
INSERT INTO `zone` VALUES(2883, 184, 'Jizan', 'JZ', 1);
INSERT INTO `zone` VALUES(2884, 184, 'Makkah', 'ML', 1);
INSERT INTO `zone` VALUES(2885, 184, 'Najran', 'NR', 1);
INSERT INTO `zone` VALUES(2886, 184, 'Tabuk', 'TB', 1);
INSERT INTO `zone` VALUES(2887, 185, 'Dakar', 'DA', 1);
INSERT INTO `zone` VALUES(2888, 185, 'Diourbel', 'DI', 1);
INSERT INTO `zone` VALUES(2889, 185, 'Fatick', 'FA', 1);
INSERT INTO `zone` VALUES(2890, 185, 'Kaolack', 'KA', 1);
INSERT INTO `zone` VALUES(2891, 185, 'Kolda', 'KO', 1);
INSERT INTO `zone` VALUES(2892, 185, 'Louga', 'LO', 1);
INSERT INTO `zone` VALUES(2893, 185, 'Matam', 'MA', 1);
INSERT INTO `zone` VALUES(2894, 185, 'Saint-Louis', 'SL', 1);
INSERT INTO `zone` VALUES(2895, 185, 'Tambacounda', 'TA', 1);
INSERT INTO `zone` VALUES(2896, 185, 'Thies', 'TH', 1);
INSERT INTO `zone` VALUES(2897, 185, 'Ziguinchor', 'ZI', 1);
INSERT INTO `zone` VALUES(2898, 186, 'Anse aux Pins', 'AP', 1);
INSERT INTO `zone` VALUES(2899, 186, 'Anse Boileau', 'AB', 1);
INSERT INTO `zone` VALUES(2900, 186, 'Anse Etoile', 'AE', 1);
INSERT INTO `zone` VALUES(2901, 186, 'Anse Louis', 'AL', 1);
INSERT INTO `zone` VALUES(2902, 186, 'Anse Royale', 'AR', 1);
INSERT INTO `zone` VALUES(2903, 186, 'Baie Lazare', 'BL', 1);
INSERT INTO `zone` VALUES(2904, 186, 'Baie Sainte Anne', 'BS', 1);
INSERT INTO `zone` VALUES(2905, 186, 'Beau Vallon', 'BV', 1);
INSERT INTO `zone` VALUES(2906, 186, 'Bel Air', 'BA', 1);
INSERT INTO `zone` VALUES(2907, 186, 'Bel Ombre', 'BO', 1);
INSERT INTO `zone` VALUES(2908, 186, 'Cascade', 'CA', 1);
INSERT INTO `zone` VALUES(2909, 186, 'Glacis', 'GL', 1);
INSERT INTO `zone` VALUES(2910, 186, 'Grand'' Anse (on Mahe)', 'GM', 1);
INSERT INTO `zone` VALUES(2911, 186, 'Grand'' Anse (on Praslin)', 'GP', 1);
INSERT INTO `zone` VALUES(2912, 186, 'La Digue', 'DG', 1);
INSERT INTO `zone` VALUES(2913, 186, 'La Riviere Anglaise', 'RA', 1);
INSERT INTO `zone` VALUES(2914, 186, 'Mont Buxton', 'MB', 1);
INSERT INTO `zone` VALUES(2915, 186, 'Mont Fleuri', 'MF', 1);
INSERT INTO `zone` VALUES(2916, 186, 'Plaisance', 'PL', 1);
INSERT INTO `zone` VALUES(2917, 186, 'Pointe La Rue', 'PR', 1);
INSERT INTO `zone` VALUES(2918, 186, 'Port Glaud', 'PG', 1);
INSERT INTO `zone` VALUES(2919, 186, 'Saint Louis', 'SL', 1);
INSERT INTO `zone` VALUES(2920, 186, 'Takamaka', 'TA', 1);
INSERT INTO `zone` VALUES(2921, 187, 'Eastern', 'E', 1);
INSERT INTO `zone` VALUES(2922, 187, 'Northern', 'N', 1);
INSERT INTO `zone` VALUES(2923, 187, 'Southern', 'S', 1);
INSERT INTO `zone` VALUES(2924, 187, 'Western', 'W', 1);
INSERT INTO `zone` VALUES(2925, 189, 'Banskobystrick', 'BA', 1);
INSERT INTO `zone` VALUES(2926, 189, 'Bratislavsk', 'BR', 1);
INSERT INTO `zone` VALUES(2927, 189, 'Koick', 'KO', 1);
INSERT INTO `zone` VALUES(2928, 189, 'Nitriansky', 'NI', 1);
INSERT INTO `zone` VALUES(2929, 189, 'Preovsk', 'PR', 1);
INSERT INTO `zone` VALUES(2930, 189, 'Treniansky', 'TC', 1);
INSERT INTO `zone` VALUES(2931, 189, 'Trnavsk', 'TV', 1);
INSERT INTO `zone` VALUES(2932, 189, 'ilinsk', 'ZI', 1);
INSERT INTO `zone` VALUES(2933, 191, 'Central', 'CE', 1);
INSERT INTO `zone` VALUES(2934, 191, 'Choiseul', 'CH', 1);
INSERT INTO `zone` VALUES(2935, 191, 'Guadalcanal', 'GC', 1);
INSERT INTO `zone` VALUES(2936, 191, 'Honiara', 'HO', 1);
INSERT INTO `zone` VALUES(2937, 191, 'Isabel', 'IS', 1);
INSERT INTO `zone` VALUES(2938, 191, 'Makira', 'MK', 1);
INSERT INTO `zone` VALUES(2939, 191, 'Malaita', 'ML', 1);
INSERT INTO `zone` VALUES(2940, 191, 'Rennell and Bellona', 'RB', 1);
INSERT INTO `zone` VALUES(2941, 191, 'Temotu', 'TM', 1);
INSERT INTO `zone` VALUES(2942, 191, 'Western', 'WE', 1);
INSERT INTO `zone` VALUES(2943, 192, 'Awdal', 'AW', 1);
INSERT INTO `zone` VALUES(2944, 192, 'Bakool', 'BK', 1);
INSERT INTO `zone` VALUES(2945, 192, 'Banaadir', 'BN', 1);
INSERT INTO `zone` VALUES(2946, 192, 'Bari', 'BR', 1);
INSERT INTO `zone` VALUES(2947, 192, 'Bay', 'BY', 1);
INSERT INTO `zone` VALUES(2948, 192, 'Galguduud', 'GA', 1);
INSERT INTO `zone` VALUES(2949, 192, 'Gedo', 'GE', 1);
INSERT INTO `zone` VALUES(2950, 192, 'Hiiraan', 'HI', 1);
INSERT INTO `zone` VALUES(2951, 192, 'Jubbada Dhexe', 'JD', 1);
INSERT INTO `zone` VALUES(2952, 192, 'Jubbada Hoose', 'JH', 1);
INSERT INTO `zone` VALUES(2953, 192, 'Mudug', 'MU', 1);
INSERT INTO `zone` VALUES(2954, 192, 'Nugaal', 'NU', 1);
INSERT INTO `zone` VALUES(2955, 192, 'Sanaag', 'SA', 1);
INSERT INTO `zone` VALUES(2956, 192, 'Shabeellaha Dhexe', 'SD', 1);
INSERT INTO `zone` VALUES(2957, 192, 'Shabeellaha Hoose', 'SH', 1);
INSERT INTO `zone` VALUES(2958, 192, 'Sool', 'SL', 1);
INSERT INTO `zone` VALUES(2959, 192, 'Togdheer', 'TO', 1);
INSERT INTO `zone` VALUES(2960, 192, 'Woqooyi Galbeed', 'WG', 1);
INSERT INTO `zone` VALUES(2961, 193, 'Eastern Cape', 'EC', 1);
INSERT INTO `zone` VALUES(2962, 193, 'Free State', 'FS', 1);
INSERT INTO `zone` VALUES(2963, 193, 'Gauteng', 'GT', 1);
INSERT INTO `zone` VALUES(2964, 193, 'KwaZulu-Natal', 'KN', 1);
INSERT INTO `zone` VALUES(2965, 193, 'Limpopo', 'LP', 1);
INSERT INTO `zone` VALUES(2966, 193, 'Mpumalanga', 'MP', 1);
INSERT INTO `zone` VALUES(2967, 193, 'North West', 'NW', 1);
INSERT INTO `zone` VALUES(2968, 193, 'Northern Cape', 'NC', 1);
INSERT INTO `zone` VALUES(2969, 193, 'Western Cape', 'WC', 1);
INSERT INTO `zone` VALUES(2970, 195, 'La Coru&ntilde;a', 'CA', 1);
INSERT INTO `zone` VALUES(2971, 195, '&Aacute;lava', 'AL', 1);
INSERT INTO `zone` VALUES(2972, 195, 'Albacete', 'AB', 1);
INSERT INTO `zone` VALUES(2973, 195, 'Alicante', 'AC', 1);
INSERT INTO `zone` VALUES(2974, 195, 'Almeria', 'AM', 1);
INSERT INTO `zone` VALUES(2975, 195, 'Asturias', 'AS', 1);
INSERT INTO `zone` VALUES(2976, 195, '&Aacute;vila', 'AV', 1);
INSERT INTO `zone` VALUES(2977, 195, 'Badajoz', 'BJ', 1);
INSERT INTO `zone` VALUES(2978, 195, 'Baleares', 'IB', 1);
INSERT INTO `zone` VALUES(2979, 195, 'Barcelona', 'BA', 1);
INSERT INTO `zone` VALUES(2980, 195, 'Burgos', 'BU', 1);
INSERT INTO `zone` VALUES(2981, 195, 'C&aacute;ceres', 'CC', 1);
INSERT INTO `zone` VALUES(2982, 195, 'C&aacute;diz', 'CZ', 1);
INSERT INTO `zone` VALUES(2983, 195, 'Cantabria', 'CT', 1);
INSERT INTO `zone` VALUES(2984, 195, 'Castell&oacute;n', 'CL', 1);
INSERT INTO `zone` VALUES(2985, 195, 'Ceuta', 'CE', 1);
INSERT INTO `zone` VALUES(2986, 195, 'Ciudad Real', 'CR', 1);
INSERT INTO `zone` VALUES(2987, 195, 'C&oacute;rdoba', 'CD', 1);
INSERT INTO `zone` VALUES(2988, 195, 'Cuenca', 'CU', 1);
INSERT INTO `zone` VALUES(2989, 195, 'Girona', 'GI', 1);
INSERT INTO `zone` VALUES(2990, 195, 'Granada', 'GD', 1);
INSERT INTO `zone` VALUES(2991, 195, 'Guadalajara', 'GJ', 1);
INSERT INTO `zone` VALUES(2992, 195, 'Guip&uacute;zcoa', 'GP', 1);
INSERT INTO `zone` VALUES(2993, 195, 'Huelva', 'HL', 1);
INSERT INTO `zone` VALUES(2994, 195, 'Huesca', 'HS', 1);
INSERT INTO `zone` VALUES(2995, 195, 'Ja&eacute;n', 'JN', 1);
INSERT INTO `zone` VALUES(2996, 195, 'La Rioja', 'RJ', 1);
INSERT INTO `zone` VALUES(2997, 195, 'Las Palmas', 'PM', 1);
INSERT INTO `zone` VALUES(2998, 195, 'Leon', 'LE', 1);
INSERT INTO `zone` VALUES(2999, 195, 'Lleida', 'LL', 1);
INSERT INTO `zone` VALUES(3000, 195, 'Lugo', 'LG', 1);
INSERT INTO `zone` VALUES(3001, 195, 'Madrid', 'MD', 1);
INSERT INTO `zone` VALUES(3002, 195, 'Malaga', 'MA', 1);
INSERT INTO `zone` VALUES(3003, 195, 'Melilla', 'ML', 1);
INSERT INTO `zone` VALUES(3004, 195, 'Murcia', 'MU', 1);
INSERT INTO `zone` VALUES(3005, 195, 'Navarra', 'NV', 1);
INSERT INTO `zone` VALUES(3006, 195, 'Ourense', 'OU', 1);
INSERT INTO `zone` VALUES(3007, 195, 'Palencia', 'PL', 1);
INSERT INTO `zone` VALUES(3008, 195, 'Pontevedra', 'PO', 1);
INSERT INTO `zone` VALUES(3009, 195, 'Salamanca', 'SL', 1);
INSERT INTO `zone` VALUES(3010, 195, 'Santa Cruz de Tenerife', 'SC', 1);
INSERT INTO `zone` VALUES(3011, 195, 'Segovia', 'SG', 1);
INSERT INTO `zone` VALUES(3012, 195, 'Sevilla', 'SV', 1);
INSERT INTO `zone` VALUES(3013, 195, 'Soria', 'SO', 1);
INSERT INTO `zone` VALUES(3014, 195, 'Tarragona', 'TA', 1);
INSERT INTO `zone` VALUES(3015, 195, 'Teruel', 'TE', 1);
INSERT INTO `zone` VALUES(3016, 195, 'Toledo', 'TO', 1);
INSERT INTO `zone` VALUES(3017, 195, 'Valencia', 'VC', 1);
INSERT INTO `zone` VALUES(3018, 195, 'Valladolid', 'VD', 1);
INSERT INTO `zone` VALUES(3019, 195, 'Vizcaya', 'VZ', 1);
INSERT INTO `zone` VALUES(3020, 195, 'Zamora', 'ZM', 1);
INSERT INTO `zone` VALUES(3021, 195, 'Zaragoza', 'ZR', 1);
INSERT INTO `zone` VALUES(3022, 196, 'Central', 'CE', 1);
INSERT INTO `zone` VALUES(3023, 196, 'Eastern', 'EA', 1);
INSERT INTO `zone` VALUES(3024, 196, 'North Central', 'NC', 1);
INSERT INTO `zone` VALUES(3025, 196, 'Northern', 'NO', 1);
INSERT INTO `zone` VALUES(3026, 196, 'North Western', 'NW', 1);
INSERT INTO `zone` VALUES(3027, 196, 'Sabaragamuwa', 'SA', 1);
INSERT INTO `zone` VALUES(3028, 196, 'Southern', 'SO', 1);
INSERT INTO `zone` VALUES(3029, 196, 'Uva', 'UV', 1);
INSERT INTO `zone` VALUES(3030, 196, 'Western', 'WE', 1);
INSERT INTO `zone` VALUES(3032, 197, 'Saint Helena', 'S', 1);
INSERT INTO `zone` VALUES(3034, 199, 'A''ali an Nil', 'ANL', 1);
INSERT INTO `zone` VALUES(3035, 199, 'Al Bahr al Ahmar', 'BAM', 1);
INSERT INTO `zone` VALUES(3036, 199, 'Al Buhayrat', 'BRT', 1);
INSERT INTO `zone` VALUES(3037, 199, 'Al Jazirah', 'JZR', 1);
INSERT INTO `zone` VALUES(3038, 199, 'Al Khartum', 'KRT', 1);
INSERT INTO `zone` VALUES(3039, 199, 'Al Qadarif', 'QDR', 1);
INSERT INTO `zone` VALUES(3040, 199, 'Al Wahdah', 'WDH', 1);
INSERT INTO `zone` VALUES(3041, 199, 'An Nil al Abyad', 'ANB', 1);
INSERT INTO `zone` VALUES(3042, 199, 'An Nil al Azraq', 'ANZ', 1);
INSERT INTO `zone` VALUES(3043, 199, 'Ash Shamaliyah', 'ASH', 1);
INSERT INTO `zone` VALUES(3044, 199, 'Bahr al Jabal', 'BJA', 1);
INSERT INTO `zone` VALUES(3045, 199, 'Gharb al Istiwa''iyah', 'GIS', 1);
INSERT INTO `zone` VALUES(3046, 199, 'Gharb Bahr al Ghazal', 'GBG', 1);
INSERT INTO `zone` VALUES(3047, 199, 'Gharb Darfur', 'GDA', 1);
INSERT INTO `zone` VALUES(3048, 199, 'Gharb Kurdufan', 'GKU', 1);
INSERT INTO `zone` VALUES(3049, 199, 'Janub Darfur', 'JDA', 1);
INSERT INTO `zone` VALUES(3050, 199, 'Janub Kurdufan', 'JKU', 1);
INSERT INTO `zone` VALUES(3051, 199, 'Junqali', 'JQL', 1);
INSERT INTO `zone` VALUES(3052, 199, 'Kassala', 'KSL', 1);
INSERT INTO `zone` VALUES(3053, 199, 'Nahr an Nil', 'NNL', 1);
INSERT INTO `zone` VALUES(3054, 199, 'Shamal Bahr al Ghazal', 'SBG', 1);
INSERT INTO `zone` VALUES(3055, 199, 'Shamal Darfur', 'SDA', 1);
INSERT INTO `zone` VALUES(3056, 199, 'Shamal Kurdufan', 'SKU', 1);
INSERT INTO `zone` VALUES(3057, 199, 'Sharq al Istiwa''iyah', 'SIS', 1);
INSERT INTO `zone` VALUES(3058, 199, 'Sinnar', 'SNR', 1);
INSERT INTO `zone` VALUES(3059, 199, 'Warab', 'WRB', 1);
INSERT INTO `zone` VALUES(3060, 200, 'Brokopondo', 'BR', 1);
INSERT INTO `zone` VALUES(3061, 200, 'Commewijne', 'CM', 1);
INSERT INTO `zone` VALUES(3062, 200, 'Coronie', 'CR', 1);
INSERT INTO `zone` VALUES(3063, 200, 'Marowijne', 'MA', 1);
INSERT INTO `zone` VALUES(3064, 200, 'Nickerie', 'NI', 1);
INSERT INTO `zone` VALUES(3065, 200, 'Para', 'PA', 1);
INSERT INTO `zone` VALUES(3066, 200, 'Paramaribo', 'PM', 1);
INSERT INTO `zone` VALUES(3067, 200, 'Saramacca', 'SA', 1);
INSERT INTO `zone` VALUES(3068, 200, 'Sipaliwini', 'SI', 1);
INSERT INTO `zone` VALUES(3069, 200, 'Wanica', 'WA', 1);
INSERT INTO `zone` VALUES(3070, 202, 'Hhohho', 'H', 1);
INSERT INTO `zone` VALUES(3071, 202, 'Lubombo', 'L', 1);
INSERT INTO `zone` VALUES(3072, 202, 'Manzini', 'M', 1);
INSERT INTO `zone` VALUES(3073, 202, 'Shishelweni', 'S', 1);
INSERT INTO `zone` VALUES(3074, 203, 'Blekinge', 'K', 1);
INSERT INTO `zone` VALUES(3075, 203, 'Dalarna', 'W', 1);
INSERT INTO `zone` VALUES(3076, 203, 'Gvleborg', 'X', 1);
INSERT INTO `zone` VALUES(3077, 203, 'Gotland', 'I', 1);
INSERT INTO `zone` VALUES(3078, 203, 'Halland', 'N', 1);
INSERT INTO `zone` VALUES(3079, 203, 'Jmtland', 'Z', 1);
INSERT INTO `zone` VALUES(3080, 203, 'Jnkping', 'F', 1);
INSERT INTO `zone` VALUES(3081, 203, 'Kalmar', 'H', 1);
INSERT INTO `zone` VALUES(3082, 203, 'Kronoberg', 'G', 1);
INSERT INTO `zone` VALUES(3083, 203, 'Norrbotten', 'BD', 1);
INSERT INTO `zone` VALUES(3084, 203, 'rebro', 'T', 1);
INSERT INTO `zone` VALUES(3085, 203, 'stergtland', 'E', 1);
INSERT INTO `zone` VALUES(3086, 203, 'Sk&aring;ne', 'M', 1);
INSERT INTO `zone` VALUES(3087, 203, 'Sdermanland', 'D', 1);
INSERT INTO `zone` VALUES(3088, 203, 'Stockholm', 'AB', 1);
INSERT INTO `zone` VALUES(3089, 203, 'Uppsala', 'C', 1);
INSERT INTO `zone` VALUES(3090, 203, 'Vrmland', 'S', 1);
INSERT INTO `zone` VALUES(3091, 203, 'Vsterbotten', 'AC', 1);
INSERT INTO `zone` VALUES(3092, 203, 'Vsternorrland', 'Y', 1);
INSERT INTO `zone` VALUES(3093, 203, 'Vstmanland', 'U', 1);
INSERT INTO `zone` VALUES(3094, 203, 'Vstra Gtaland', 'O', 1);
INSERT INTO `zone` VALUES(3095, 204, 'Aargau', 'AG', 1);
INSERT INTO `zone` VALUES(3096, 204, 'Appenzell Ausserrhoden', 'AR', 1);
INSERT INTO `zone` VALUES(3097, 204, 'Appenzell Innerrhoden', 'AI', 1);
INSERT INTO `zone` VALUES(3098, 204, 'Basel-Stadt', 'BS', 1);
INSERT INTO `zone` VALUES(3099, 204, 'Basel-Landschaft', 'BL', 1);
INSERT INTO `zone` VALUES(3100, 204, 'Bern', 'BE', 1);
INSERT INTO `zone` VALUES(3101, 204, 'Fribourg', 'FR', 1);
INSERT INTO `zone` VALUES(3102, 204, 'Gen&egrave;ve', 'GE', 1);
INSERT INTO `zone` VALUES(3103, 204, 'Glarus', 'GL', 1);
INSERT INTO `zone` VALUES(3104, 204, 'Graubnden', 'GR', 1);
INSERT INTO `zone` VALUES(3105, 204, 'Jura', 'JU', 1);
INSERT INTO `zone` VALUES(3106, 204, 'Luzern', 'LU', 1);
INSERT INTO `zone` VALUES(3107, 204, 'Neuch&acirc;tel', 'NE', 1);
INSERT INTO `zone` VALUES(3108, 204, 'Nidwald', 'NW', 1);
INSERT INTO `zone` VALUES(3109, 204, 'Obwald', 'OW', 1);
INSERT INTO `zone` VALUES(3110, 204, 'St. Gallen', 'SG', 1);
INSERT INTO `zone` VALUES(3111, 204, 'Schaffhausen', 'SH', 1);
INSERT INTO `zone` VALUES(3112, 204, 'Schwyz', 'SZ', 1);
INSERT INTO `zone` VALUES(3113, 204, 'Solothurn', 'SO', 1);
INSERT INTO `zone` VALUES(3114, 204, 'Thurgau', 'TG', 1);
INSERT INTO `zone` VALUES(3115, 204, 'Ticino', 'TI', 1);
INSERT INTO `zone` VALUES(3116, 204, 'Uri', 'UR', 1);
INSERT INTO `zone` VALUES(3117, 204, 'Valais', 'VS', 1);
INSERT INTO `zone` VALUES(3118, 204, 'Vaud', 'VD', 1);
INSERT INTO `zone` VALUES(3119, 204, 'Zug', 'ZG', 1);
INSERT INTO `zone` VALUES(3120, 204, 'Zrich', 'ZH', 1);
INSERT INTO `zone` VALUES(3121, 205, 'Al Hasakah', 'HA', 1);
INSERT INTO `zone` VALUES(3122, 205, 'Al Ladhiqiyah', 'LA', 1);
INSERT INTO `zone` VALUES(3123, 205, 'Al Qunaytirah', 'QU', 1);
INSERT INTO `zone` VALUES(3124, 205, 'Ar Raqqah', 'RQ', 1);
INSERT INTO `zone` VALUES(3125, 205, 'As Suwayda', 'SU', 1);
INSERT INTO `zone` VALUES(3126, 205, 'Dara', 'DA', 1);
INSERT INTO `zone` VALUES(3127, 205, 'Dayr az Zawr', 'DZ', 1);
INSERT INTO `zone` VALUES(3128, 205, 'Dimashq', 'DI', 1);
INSERT INTO `zone` VALUES(3129, 205, 'Halab', 'HL', 1);
INSERT INTO `zone` VALUES(3130, 205, 'Hamah', 'HM', 1);
INSERT INTO `zone` VALUES(3131, 205, 'Hims', 'HI', 1);
INSERT INTO `zone` VALUES(3132, 205, 'Idlib', 'ID', 1);
INSERT INTO `zone` VALUES(3133, 205, 'Rif Dimashq', 'RD', 1);
INSERT INTO `zone` VALUES(3134, 205, 'Tartus', 'TA', 1);
INSERT INTO `zone` VALUES(3135, 206, 'Chang-hua', 'CH', 1);
INSERT INTO `zone` VALUES(3136, 206, 'Chia-i', 'CI', 1);
INSERT INTO `zone` VALUES(3137, 206, 'Hsin-chu', 'HS', 1);
INSERT INTO `zone` VALUES(3138, 206, 'Hua-lien', 'HL', 1);
INSERT INTO `zone` VALUES(3139, 206, 'I-lan', 'IL', 1);
INSERT INTO `zone` VALUES(3140, 206, 'Kao-hsiung county', 'KH', 1);
INSERT INTO `zone` VALUES(3141, 206, 'Kin-men', 'KM', 1);
INSERT INTO `zone` VALUES(3142, 206, 'Lien-chiang', 'LC', 1);
INSERT INTO `zone` VALUES(3143, 206, 'Miao-li', 'ML', 1);
INSERT INTO `zone` VALUES(3144, 206, 'Nan-t''ou', 'NT', 1);
INSERT INTO `zone` VALUES(3145, 206, 'P''eng-hu', 'PH', 1);
INSERT INTO `zone` VALUES(3146, 206, 'P''ing-tung', 'PT', 1);
INSERT INTO `zone` VALUES(3147, 206, 'T''ai-chung', 'TG', 1);
INSERT INTO `zone` VALUES(3148, 206, 'T''ai-nan', 'TA', 1);
INSERT INTO `zone` VALUES(3149, 206, 'T''ai-pei county', 'TP', 1);
INSERT INTO `zone` VALUES(3150, 206, 'T''ai-tung', 'TT', 1);
INSERT INTO `zone` VALUES(3151, 206, 'T''ao-yuan', 'TY', 1);
INSERT INTO `zone` VALUES(3152, 206, 'Yun-lin', 'YL', 1);
INSERT INTO `zone` VALUES(3153, 206, 'Chia-i city', 'CC', 1);
INSERT INTO `zone` VALUES(3154, 206, 'Chi-lung', 'CL', 1);
INSERT INTO `zone` VALUES(3155, 206, 'Hsin-chu', 'HC', 1);
INSERT INTO `zone` VALUES(3156, 206, 'T''ai-chung', 'TH', 1);
INSERT INTO `zone` VALUES(3157, 206, 'T''ai-nan', 'TN', 1);
INSERT INTO `zone` VALUES(3158, 206, 'Kao-hsiung city', 'KC', 1);
INSERT INTO `zone` VALUES(3159, 206, 'T''ai-pei city', 'TC', 1);
INSERT INTO `zone` VALUES(3160, 207, 'Gorno-Badakhstan', 'GB', 1);
INSERT INTO `zone` VALUES(3161, 207, 'Khatlon', 'KT', 1);
INSERT INTO `zone` VALUES(3162, 207, 'Sughd', 'SU', 1);
INSERT INTO `zone` VALUES(3163, 208, 'Arusha', 'AR', 1);
INSERT INTO `zone` VALUES(3164, 208, 'Dar es Salaam', 'DS', 1);
INSERT INTO `zone` VALUES(3165, 208, 'Dodoma', 'DO', 1);
INSERT INTO `zone` VALUES(3166, 208, 'Iringa', 'IR', 1);
INSERT INTO `zone` VALUES(3167, 208, 'Kagera', 'KA', 1);
INSERT INTO `zone` VALUES(3168, 208, 'Kigoma', 'KI', 1);
INSERT INTO `zone` VALUES(3169, 208, 'Kilimanjaro', 'KJ', 1);
INSERT INTO `zone` VALUES(3170, 208, 'Lindi', 'LN', 1);
INSERT INTO `zone` VALUES(3171, 208, 'Manyara', 'MY', 1);
INSERT INTO `zone` VALUES(3172, 208, 'Mara', 'MR', 1);
INSERT INTO `zone` VALUES(3173, 208, 'Mbeya', 'MB', 1);
INSERT INTO `zone` VALUES(3174, 208, 'Morogoro', 'MO', 1);
INSERT INTO `zone` VALUES(3175, 208, 'Mtwara', 'MT', 1);
INSERT INTO `zone` VALUES(3176, 208, 'Mwanza', 'MW', 1);
INSERT INTO `zone` VALUES(3177, 208, 'Pemba North', 'PN', 1);
INSERT INTO `zone` VALUES(3178, 208, 'Pemba South', 'PS', 1);
INSERT INTO `zone` VALUES(3179, 208, 'Pwani', 'PW', 1);
INSERT INTO `zone` VALUES(3180, 208, 'Rukwa', 'RK', 1);
INSERT INTO `zone` VALUES(3181, 208, 'Ruvuma', 'RV', 1);
INSERT INTO `zone` VALUES(3182, 208, 'Shinyanga', 'SH', 1);
INSERT INTO `zone` VALUES(3183, 208, 'Singida', 'SI', 1);
INSERT INTO `zone` VALUES(3184, 208, 'Tabora', 'TB', 1);
INSERT INTO `zone` VALUES(3185, 208, 'Tanga', 'TN', 1);
INSERT INTO `zone` VALUES(3186, 208, 'Zanzibar Central/South', 'ZC', 1);
INSERT INTO `zone` VALUES(3187, 208, 'Zanzibar North', 'ZN', 1);
INSERT INTO `zone` VALUES(3188, 208, 'Zanzibar Urban/West', 'ZU', 1);
INSERT INTO `zone` VALUES(3189, 209, 'Amnat Charoen', 'Amnat Charoen', 1);
INSERT INTO `zone` VALUES(3190, 209, 'Ang Thong', 'Ang Thong', 1);
INSERT INTO `zone` VALUES(3191, 209, 'Ayutthaya', 'Ayutthaya', 1);
INSERT INTO `zone` VALUES(3192, 209, 'Bangkok', 'Bangkok', 1);
INSERT INTO `zone` VALUES(3193, 209, 'Buriram', 'Buriram', 1);
INSERT INTO `zone` VALUES(3194, 209, 'Chachoengsao', 'Chachoengsao', 1);
INSERT INTO `zone` VALUES(3195, 209, 'Chai Nat', 'Chai Nat', 1);
INSERT INTO `zone` VALUES(3196, 209, 'Chaiyaphum', 'Chaiyaphum', 1);
INSERT INTO `zone` VALUES(3197, 209, 'Chanthaburi', 'Chanthaburi', 1);
INSERT INTO `zone` VALUES(3198, 209, 'Chiang Mai', 'Chiang Mai', 1);
INSERT INTO `zone` VALUES(3199, 209, 'Chiang Rai', 'Chiang Rai', 1);
INSERT INTO `zone` VALUES(3200, 209, 'Chon Buri', 'Chon Buri', 1);
INSERT INTO `zone` VALUES(3201, 209, 'Chumphon', 'Chumphon', 1);
INSERT INTO `zone` VALUES(3202, 209, 'Kalasin', 'Kalasin', 1);
INSERT INTO `zone` VALUES(3203, 209, 'Kamphaeng Phet', 'Kamphaeng Phet', 1);
INSERT INTO `zone` VALUES(3204, 209, 'Kanchanaburi', 'Kanchanaburi', 1);
INSERT INTO `zone` VALUES(3205, 209, 'Khon Kaen', 'Khon Kaen', 1);
INSERT INTO `zone` VALUES(3206, 209, 'Krabi', 'Krabi', 1);
INSERT INTO `zone` VALUES(3207, 209, 'Lampang', 'Lampang', 1);
INSERT INTO `zone` VALUES(3208, 209, 'Lamphun', 'Lamphun', 1);
INSERT INTO `zone` VALUES(3209, 209, 'Loei', 'Loei', 1);
INSERT INTO `zone` VALUES(3210, 209, 'Lop Buri', 'Lop Buri', 1);
INSERT INTO `zone` VALUES(3211, 209, 'Mae Hong Son', 'Mae Hong Son', 1);
INSERT INTO `zone` VALUES(3212, 209, 'Maha Sarakham', 'Maha Sarakham', 1);
INSERT INTO `zone` VALUES(3213, 209, 'Mukdahan', 'Mukdahan', 1);
INSERT INTO `zone` VALUES(3214, 209, 'Nakhon Nayok', 'Nakhon Nayok', 1);
INSERT INTO `zone` VALUES(3215, 209, 'Nakhon Pathom', 'Nakhon Pathom', 1);
INSERT INTO `zone` VALUES(3216, 209, 'Nakhon Phanom', 'Nakhon Phanom', 1);
INSERT INTO `zone` VALUES(3217, 209, 'Nakhon Ratchasima', 'Nakhon Ratchasima', 1);
INSERT INTO `zone` VALUES(3218, 209, 'Nakhon Sawan', 'Nakhon Sawan', 1);
INSERT INTO `zone` VALUES(3219, 209, 'Nakhon Si Thammarat', 'Nakhon Si Thammarat', 1);
INSERT INTO `zone` VALUES(3220, 209, 'Nan', 'Nan', 1);
INSERT INTO `zone` VALUES(3221, 209, 'Narathiwat', 'Narathiwat', 1);
INSERT INTO `zone` VALUES(3222, 209, 'Nong Bua Lamphu', 'Nong Bua Lamphu', 1);
INSERT INTO `zone` VALUES(3223, 209, 'Nong Khai', 'Nong Khai', 1);
INSERT INTO `zone` VALUES(3224, 209, 'Nonthaburi', 'Nonthaburi', 1);
INSERT INTO `zone` VALUES(3225, 209, 'Pathum Thani', 'Pathum Thani', 1);
INSERT INTO `zone` VALUES(3226, 209, 'Pattani', 'Pattani', 1);
INSERT INTO `zone` VALUES(3227, 209, 'Phangnga', 'Phangnga', 1);
INSERT INTO `zone` VALUES(3228, 209, 'Phatthalung', 'Phatthalung', 1);
INSERT INTO `zone` VALUES(3229, 209, 'Phayao', 'Phayao', 1);
INSERT INTO `zone` VALUES(3230, 209, 'Phetchabun', 'Phetchabun', 1);
INSERT INTO `zone` VALUES(3231, 209, 'Phetchaburi', 'Phetchaburi', 1);
INSERT INTO `zone` VALUES(3232, 209, 'Phichit', 'Phichit', 1);
INSERT INTO `zone` VALUES(3233, 209, 'Phitsanulok', 'Phitsanulok', 1);
INSERT INTO `zone` VALUES(3234, 209, 'Phrae', 'Phrae', 1);
INSERT INTO `zone` VALUES(3235, 209, 'Phuket', 'Phuket', 1);
INSERT INTO `zone` VALUES(3236, 209, 'Prachin Buri', 'Prachin Buri', 1);
INSERT INTO `zone` VALUES(3237, 209, 'Prachuap Khiri Khan', 'Prachuap Khiri Khan', 1);
INSERT INTO `zone` VALUES(3238, 209, 'Ranong', 'Ranong', 1);
INSERT INTO `zone` VALUES(3239, 209, 'Ratchaburi', 'Ratchaburi', 1);
INSERT INTO `zone` VALUES(3240, 209, 'Rayong', 'Rayong', 1);
INSERT INTO `zone` VALUES(3241, 209, 'Roi Et', 'Roi Et', 1);
INSERT INTO `zone` VALUES(3242, 209, 'Sa Kaeo', 'Sa Kaeo', 1);
INSERT INTO `zone` VALUES(3243, 209, 'Sakon Nakhon', 'Sakon Nakhon', 1);
INSERT INTO `zone` VALUES(3244, 209, 'Samut Prakan', 'Samut Prakan', 1);
INSERT INTO `zone` VALUES(3245, 209, 'Samut Sakhon', 'Samut Sakhon', 1);
INSERT INTO `zone` VALUES(3246, 209, 'Samut Songkhram', 'Samut Songkhram', 1);
INSERT INTO `zone` VALUES(3247, 209, 'Sara Buri', 'Sara Buri', 1);
INSERT INTO `zone` VALUES(3248, 209, 'Satun', 'Satun', 1);
INSERT INTO `zone` VALUES(3249, 209, 'Sing Buri', 'Sing Buri', 1);
INSERT INTO `zone` VALUES(3250, 209, 'Sisaket', 'Sisaket', 1);
INSERT INTO `zone` VALUES(3251, 209, 'Songkhla', 'Songkhla', 1);
INSERT INTO `zone` VALUES(3252, 209, 'Sukhothai', 'Sukhothai', 1);
INSERT INTO `zone` VALUES(3253, 209, 'Suphan Buri', 'Suphan Buri', 1);
INSERT INTO `zone` VALUES(3254, 209, 'Surat Thani', 'Surat Thani', 1);
INSERT INTO `zone` VALUES(3255, 209, 'Surin', 'Surin', 1);
INSERT INTO `zone` VALUES(3256, 209, 'Tak', 'Tak', 1);
INSERT INTO `zone` VALUES(3257, 209, 'Trang', 'Trang', 1);
INSERT INTO `zone` VALUES(3258, 209, 'Trat', 'Trat', 1);
INSERT INTO `zone` VALUES(3259, 209, 'Ubon Ratchathani', 'Ubon Ratchathani', 1);
INSERT INTO `zone` VALUES(3260, 209, 'Udon Thani', 'Udon Thani', 1);
INSERT INTO `zone` VALUES(3261, 209, 'Uthai Thani', 'Uthai Thani', 1);
INSERT INTO `zone` VALUES(3262, 209, 'Uttaradit', 'Uttaradit', 1);
INSERT INTO `zone` VALUES(3263, 209, 'Yala', 'Yala', 1);
INSERT INTO `zone` VALUES(3264, 209, 'Yasothon', 'Yasothon', 1);
INSERT INTO `zone` VALUES(3265, 210, 'Kara', 'K', 1);
INSERT INTO `zone` VALUES(3266, 210, 'Plateaux', 'P', 1);
INSERT INTO `zone` VALUES(3267, 210, 'Savanes', 'S', 1);
INSERT INTO `zone` VALUES(3268, 210, 'Centrale', 'C', 1);
INSERT INTO `zone` VALUES(3269, 210, 'Maritime', 'M', 1);
INSERT INTO `zone` VALUES(3270, 211, 'Atafu', 'A', 1);
INSERT INTO `zone` VALUES(3271, 211, 'Fakaofo', 'F', 1);
INSERT INTO `zone` VALUES(3272, 211, 'Nukunonu', 'N', 1);
INSERT INTO `zone` VALUES(3273, 212, 'Ha''apai', 'H', 1);
INSERT INTO `zone` VALUES(3274, 212, 'Tongatapu', 'T', 1);
INSERT INTO `zone` VALUES(3275, 212, 'Vava''u', 'V', 1);
INSERT INTO `zone` VALUES(3276, 213, 'Couva/Tabaquite/Talparo', 'CT', 1);
INSERT INTO `zone` VALUES(3277, 213, 'Diego Martin', 'DM', 1);
INSERT INTO `zone` VALUES(3278, 213, 'Mayaro/Rio Claro', 'MR', 1);
INSERT INTO `zone` VALUES(3279, 213, 'Penal/Debe', 'PD', 1);
INSERT INTO `zone` VALUES(3280, 213, 'Princes Town', 'PT', 1);
INSERT INTO `zone` VALUES(3281, 213, 'Sangre Grande', 'SG', 1);
INSERT INTO `zone` VALUES(3282, 213, 'San Juan/Laventille', 'SL', 1);
INSERT INTO `zone` VALUES(3283, 213, 'Siparia', 'SI', 1);
INSERT INTO `zone` VALUES(3284, 213, 'Tunapuna/Piarco', 'TP', 1);
INSERT INTO `zone` VALUES(3285, 213, 'Port of Spain', 'PS', 1);
INSERT INTO `zone` VALUES(3286, 213, 'San Fernando', 'SF', 1);
INSERT INTO `zone` VALUES(3287, 213, 'Arima', 'AR', 1);
INSERT INTO `zone` VALUES(3288, 213, 'Point Fortin', 'PF', 1);
INSERT INTO `zone` VALUES(3289, 213, 'Chaguanas', 'CH', 1);
INSERT INTO `zone` VALUES(3290, 213, 'Tobago', 'TO', 1);
INSERT INTO `zone` VALUES(3291, 214, 'Ariana', 'AR', 1);
INSERT INTO `zone` VALUES(3292, 214, 'Beja', 'BJ', 1);
INSERT INTO `zone` VALUES(3293, 214, 'Ben Arous', 'BA', 1);
INSERT INTO `zone` VALUES(3294, 214, 'Bizerte', 'BI', 1);
INSERT INTO `zone` VALUES(3295, 214, 'Gabes', 'GB', 1);
INSERT INTO `zone` VALUES(3296, 214, 'Gafsa', 'GF', 1);
INSERT INTO `zone` VALUES(3297, 214, 'Jendouba', 'JE', 1);
INSERT INTO `zone` VALUES(3298, 214, 'Kairouan', 'KR', 1);
INSERT INTO `zone` VALUES(3299, 214, 'Kasserine', 'KS', 1);
INSERT INTO `zone` VALUES(3300, 214, 'Kebili', 'KB', 1);
INSERT INTO `zone` VALUES(3301, 214, 'Kef', 'KF', 1);
INSERT INTO `zone` VALUES(3302, 214, 'Mahdia', 'MH', 1);
INSERT INTO `zone` VALUES(3303, 214, 'Manouba', 'MN', 1);
INSERT INTO `zone` VALUES(3304, 214, 'Medenine', 'ME', 1);
INSERT INTO `zone` VALUES(3305, 214, 'Monastir', 'MO', 1);
INSERT INTO `zone` VALUES(3306, 214, 'Nabeul', 'NA', 1);
INSERT INTO `zone` VALUES(3307, 214, 'Sfax', 'SF', 1);
INSERT INTO `zone` VALUES(3308, 214, 'Sidi', 'SD', 1);
INSERT INTO `zone` VALUES(3309, 214, 'Siliana', 'SL', 1);
INSERT INTO `zone` VALUES(3310, 214, 'Sousse', 'SO', 1);
INSERT INTO `zone` VALUES(3311, 214, 'Tataouine', 'TA', 1);
INSERT INTO `zone` VALUES(3312, 214, 'Tozeur', 'TO', 1);
INSERT INTO `zone` VALUES(3313, 214, 'Tunis', 'TU', 1);
INSERT INTO `zone` VALUES(3314, 214, 'Zaghouan', 'ZA', 1);
INSERT INTO `zone` VALUES(3315, 215, 'Adana', 'ADA', 1);
INSERT INTO `zone` VALUES(3316, 215, 'Adyaman', 'ADI', 1);
INSERT INTO `zone` VALUES(3317, 215, 'Afyonkarahisar', 'AFY', 1);
INSERT INTO `zone` VALUES(3318, 215, 'Ar', 'AGR', 1);
INSERT INTO `zone` VALUES(3319, 215, 'Aksaray', 'AKS', 1);
INSERT INTO `zone` VALUES(3320, 215, 'Amasya', 'AMA', 1);
INSERT INTO `zone` VALUES(3321, 215, 'Ankara', 'ANK', 1);
INSERT INTO `zone` VALUES(3322, 215, 'Antalya', 'ANT', 1);
INSERT INTO `zone` VALUES(3323, 215, 'Ardahan', 'ARD', 1);
INSERT INTO `zone` VALUES(3324, 215, 'Artvin', 'ART', 1);
INSERT INTO `zone` VALUES(3325, 215, 'Aydn', 'AYI', 1);
INSERT INTO `zone` VALUES(3326, 215, 'Balkesir', 'BAL', 1);
INSERT INTO `zone` VALUES(3327, 215, 'Bartn', 'BAR', 1);
INSERT INTO `zone` VALUES(3328, 215, 'Batman', 'BAT', 1);
INSERT INTO `zone` VALUES(3329, 215, 'Bayburt', 'BAY', 1);
INSERT INTO `zone` VALUES(3330, 215, 'Bilecik', 'BIL', 1);
INSERT INTO `zone` VALUES(3331, 215, 'Bingl', 'BIN', 1);
INSERT INTO `zone` VALUES(3332, 215, 'Bitlis', 'BIT', 1);
INSERT INTO `zone` VALUES(3333, 215, 'Bolu', 'BOL', 1);
INSERT INTO `zone` VALUES(3334, 215, 'Burdur', 'BRD', 1);
INSERT INTO `zone` VALUES(3335, 215, 'Bursa', 'BRS', 1);
INSERT INTO `zone` VALUES(3336, 215, 'anakkale', 'CKL', 1);
INSERT INTO `zone` VALUES(3337, 215, 'ankr', 'CKR', 1);
INSERT INTO `zone` VALUES(3338, 215, 'orum', 'COR', 1);
INSERT INTO `zone` VALUES(3339, 215, 'Denizli', 'DEN', 1);
INSERT INTO `zone` VALUES(3340, 215, 'Diyarbakr', 'DIY', 1);
INSERT INTO `zone` VALUES(3341, 215, 'Dzce', 'DUZ', 1);
INSERT INTO `zone` VALUES(3342, 215, 'Edirne', 'EDI', 1);
INSERT INTO `zone` VALUES(3343, 215, 'Elaz', 'ELA', 1);
INSERT INTO `zone` VALUES(3344, 215, 'Erzincan', 'EZC', 1);
INSERT INTO `zone` VALUES(3345, 215, 'Erzurum', 'EZR', 1);
INSERT INTO `zone` VALUES(3346, 215, 'Eskiehir', 'ESK', 1);
INSERT INTO `zone` VALUES(3347, 215, 'Gaziantep', 'GAZ', 1);
INSERT INTO `zone` VALUES(3348, 215, 'Giresun', 'GIR', 1);
INSERT INTO `zone` VALUES(3349, 215, 'Gmhane', 'GMS', 1);
INSERT INTO `zone` VALUES(3350, 215, 'Hakkari', 'HKR', 1);
INSERT INTO `zone` VALUES(3351, 215, 'Hatay', 'HTY', 1);
INSERT INTO `zone` VALUES(3352, 215, 'Idr', 'IGD', 1);
INSERT INTO `zone` VALUES(3353, 215, 'Isparta', 'ISP', 1);
INSERT INTO `zone` VALUES(3354, 215, 'stanbul', 'IST', 1);
INSERT INTO `zone` VALUES(3355, 215, 'zmir', 'IZM', 1);
INSERT INTO `zone` VALUES(3356, 215, 'Kahramanmara', 'KAH', 1);
INSERT INTO `zone` VALUES(3357, 215, 'Karabk', 'KRB', 1);
INSERT INTO `zone` VALUES(3358, 215, 'Karaman', 'KRM', 1);
INSERT INTO `zone` VALUES(3359, 215, 'Kars', 'KRS', 1);
INSERT INTO `zone` VALUES(3360, 215, 'Kastamonu', 'KAS', 1);
INSERT INTO `zone` VALUES(3361, 215, 'Kayseri', 'KAY', 1);
INSERT INTO `zone` VALUES(3362, 215, 'Kilis', 'KLS', 1);
INSERT INTO `zone` VALUES(3363, 215, 'Krkkale', 'KRK', 1);
INSERT INTO `zone` VALUES(3364, 215, 'Krklareli', 'KLR', 1);
INSERT INTO `zone` VALUES(3365, 215, 'Krehir', 'KRH', 1);
INSERT INTO `zone` VALUES(3366, 215, 'Kocaeli', 'KOC', 1);
INSERT INTO `zone` VALUES(3367, 215, 'Konya', 'KON', 1);
INSERT INTO `zone` VALUES(3368, 215, 'Ktahya', 'KUT', 1);
INSERT INTO `zone` VALUES(3369, 215, 'Malatya', 'MAL', 1);
INSERT INTO `zone` VALUES(3370, 215, 'Manisa', 'MAN', 1);
INSERT INTO `zone` VALUES(3371, 215, 'Mardin', 'MAR', 1);
INSERT INTO `zone` VALUES(3372, 215, 'Mersin', 'MER', 1);
INSERT INTO `zone` VALUES(3373, 215, 'Mula', 'MUG', 1);
INSERT INTO `zone` VALUES(3374, 215, 'Mu', 'MUS', 1);
INSERT INTO `zone` VALUES(3375, 215, 'Nevehir', 'NEV', 1);
INSERT INTO `zone` VALUES(3376, 215, 'Nide', 'NIG', 1);
INSERT INTO `zone` VALUES(3377, 215, 'Ordu', 'ORD', 1);
INSERT INTO `zone` VALUES(3378, 215, 'Osmaniye', 'OSM', 1);
INSERT INTO `zone` VALUES(3379, 215, 'Rize', 'RIZ', 1);
INSERT INTO `zone` VALUES(3380, 215, 'Sakarya', 'SAK', 1);
INSERT INTO `zone` VALUES(3381, 215, 'Samsun', 'SAM', 1);
INSERT INTO `zone` VALUES(3382, 215, 'anlurfa', 'SAN', 1);
INSERT INTO `zone` VALUES(3383, 215, 'Siirt', 'SII', 1);
INSERT INTO `zone` VALUES(3384, 215, 'Sinop', 'SIN', 1);
INSERT INTO `zone` VALUES(3385, 215, 'rnak', 'SIR', 1);
INSERT INTO `zone` VALUES(3386, 215, 'Sivas', 'SIV', 1);
INSERT INTO `zone` VALUES(3387, 215, 'Tekirda', 'TEL', 1);
INSERT INTO `zone` VALUES(3388, 215, 'Tokat', 'TOK', 1);
INSERT INTO `zone` VALUES(3389, 215, 'Trabzon', 'TRA', 1);
INSERT INTO `zone` VALUES(3390, 215, 'Tunceli', 'TUN', 1);
INSERT INTO `zone` VALUES(3391, 215, 'Uak', 'USK', 1);
INSERT INTO `zone` VALUES(3392, 215, 'Van', 'VAN', 1);
INSERT INTO `zone` VALUES(3393, 215, 'Yalova', 'YAL', 1);
INSERT INTO `zone` VALUES(3394, 215, 'Yozgat', 'YOZ', 1);
INSERT INTO `zone` VALUES(3395, 215, 'Zonguldak', 'ZON', 1);
INSERT INTO `zone` VALUES(3396, 216, 'Ahal Welayaty', 'A', 1);
INSERT INTO `zone` VALUES(3397, 216, 'Balkan Welayaty', 'B', 1);
INSERT INTO `zone` VALUES(3398, 216, 'Dashhowuz Welayaty', 'D', 1);
INSERT INTO `zone` VALUES(3399, 216, 'Lebap Welayaty', 'L', 1);
INSERT INTO `zone` VALUES(3400, 216, 'Mary Welayaty', 'M', 1);
INSERT INTO `zone` VALUES(3401, 217, 'Ambergris Cays', 'AC', 1);
INSERT INTO `zone` VALUES(3402, 217, 'Dellis Cay', 'DC', 1);
INSERT INTO `zone` VALUES(3403, 217, 'French Cay', 'FC', 1);
INSERT INTO `zone` VALUES(3404, 217, 'Little Water Cay', 'LW', 1);
INSERT INTO `zone` VALUES(3405, 217, 'Parrot Cay', 'RC', 1);
INSERT INTO `zone` VALUES(3406, 217, 'Pine Cay', 'PN', 1);
INSERT INTO `zone` VALUES(3407, 217, 'Salt Cay', 'SL', 1);
INSERT INTO `zone` VALUES(3408, 217, 'Grand Turk', 'GT', 1);
INSERT INTO `zone` VALUES(3409, 217, 'South Caicos', 'SC', 1);
INSERT INTO `zone` VALUES(3410, 217, 'East Caicos', 'EC', 1);
INSERT INTO `zone` VALUES(3411, 217, 'Middle Caicos', 'MC', 1);
INSERT INTO `zone` VALUES(3412, 217, 'North Caicos', 'NC', 1);
INSERT INTO `zone` VALUES(3413, 217, 'Providenciales', 'PR', 1);
INSERT INTO `zone` VALUES(3414, 217, 'West Caicos', 'WC', 1);
INSERT INTO `zone` VALUES(3415, 218, 'Nanumanga', 'NMG', 1);
INSERT INTO `zone` VALUES(3416, 218, 'Niulakita', 'NLK', 1);
INSERT INTO `zone` VALUES(3417, 218, 'Niutao', 'NTO', 1);
INSERT INTO `zone` VALUES(3418, 218, 'Funafuti', 'FUN', 1);
INSERT INTO `zone` VALUES(3419, 218, 'Nanumea', 'NME', 1);
INSERT INTO `zone` VALUES(3420, 218, 'Nui', 'NUI', 1);
INSERT INTO `zone` VALUES(3421, 218, 'Nukufetau', 'NFT', 1);
INSERT INTO `zone` VALUES(3422, 218, 'Nukulaelae', 'NLL', 1);
INSERT INTO `zone` VALUES(3423, 218, 'Vaitupu', 'VAI', 1);
INSERT INTO `zone` VALUES(3424, 219, 'Kalangala', 'KAL', 1);
INSERT INTO `zone` VALUES(3425, 219, 'Kampala', 'KMP', 1);
INSERT INTO `zone` VALUES(3426, 219, 'Kayunga', 'KAY', 1);
INSERT INTO `zone` VALUES(3427, 219, 'Kiboga', 'KIB', 1);
INSERT INTO `zone` VALUES(3428, 219, 'Luwero', 'LUW', 1);
INSERT INTO `zone` VALUES(3429, 219, 'Masaka', 'MAS', 1);
INSERT INTO `zone` VALUES(3430, 219, 'Mpigi', 'MPI', 1);
INSERT INTO `zone` VALUES(3431, 219, 'Mubende', 'MUB', 1);
INSERT INTO `zone` VALUES(3432, 219, 'Mukono', 'MUK', 1);
INSERT INTO `zone` VALUES(3433, 219, 'Nakasongola', 'NKS', 1);
INSERT INTO `zone` VALUES(3434, 219, 'Rakai', 'RAK', 1);
INSERT INTO `zone` VALUES(3435, 219, 'Sembabule', 'SEM', 1);
INSERT INTO `zone` VALUES(3436, 219, 'Wakiso', 'WAK', 1);
INSERT INTO `zone` VALUES(3437, 219, 'Bugiri', 'BUG', 1);
INSERT INTO `zone` VALUES(3438, 219, 'Busia', 'BUS', 1);
INSERT INTO `zone` VALUES(3439, 219, 'Iganga', 'IGA', 1);
INSERT INTO `zone` VALUES(3440, 219, 'Jinja', 'JIN', 1);
INSERT INTO `zone` VALUES(3441, 219, 'Kaberamaido', 'KAB', 1);
INSERT INTO `zone` VALUES(3442, 219, 'Kamuli', 'KML', 1);
INSERT INTO `zone` VALUES(3443, 219, 'Kapchorwa', 'KPC', 1);
INSERT INTO `zone` VALUES(3444, 219, 'Katakwi', 'KTK', 1);
INSERT INTO `zone` VALUES(3445, 219, 'Kumi', 'KUM', 1);
INSERT INTO `zone` VALUES(3446, 219, 'Mayuge', 'MAY', 1);
INSERT INTO `zone` VALUES(3447, 219, 'Mbale', 'MBA', 1);
INSERT INTO `zone` VALUES(3448, 219, 'Pallisa', 'PAL', 1);
INSERT INTO `zone` VALUES(3449, 219, 'Sironko', 'SIR', 1);
INSERT INTO `zone` VALUES(3450, 219, 'Soroti', 'SOR', 1);
INSERT INTO `zone` VALUES(3451, 219, 'Tororo', 'TOR', 1);
INSERT INTO `zone` VALUES(3452, 219, 'Adjumani', 'ADJ', 1);
INSERT INTO `zone` VALUES(3453, 219, 'Apac', 'APC', 1);
INSERT INTO `zone` VALUES(3454, 219, 'Arua', 'ARU', 1);
INSERT INTO `zone` VALUES(3455, 219, 'Gulu', 'GUL', 1);
INSERT INTO `zone` VALUES(3456, 219, 'Kitgum', 'KIT', 1);
INSERT INTO `zone` VALUES(3457, 219, 'Kotido', 'KOT', 1);
INSERT INTO `zone` VALUES(3458, 219, 'Lira', 'LIR', 1);
INSERT INTO `zone` VALUES(3459, 219, 'Moroto', 'MRT', 1);
INSERT INTO `zone` VALUES(3460, 219, 'Moyo', 'MOY', 1);
INSERT INTO `zone` VALUES(3461, 219, 'Nakapiripirit', 'NAK', 1);
INSERT INTO `zone` VALUES(3462, 219, 'Nebbi', 'NEB', 1);
INSERT INTO `zone` VALUES(3463, 219, 'Pader', 'PAD', 1);
INSERT INTO `zone` VALUES(3464, 219, 'Yumbe', 'YUM', 1);
INSERT INTO `zone` VALUES(3465, 219, 'Bundibugyo', 'BUN', 1);
INSERT INTO `zone` VALUES(3466, 219, 'Bushenyi', 'BSH', 1);
INSERT INTO `zone` VALUES(3467, 219, 'Hoima', 'HOI', 1);
INSERT INTO `zone` VALUES(3468, 219, 'Kabale', 'KBL', 1);
INSERT INTO `zone` VALUES(3469, 219, 'Kabarole', 'KAR', 1);
INSERT INTO `zone` VALUES(3470, 219, 'Kamwenge', 'KAM', 1);
INSERT INTO `zone` VALUES(3471, 219, 'Kanungu', 'KAN', 1);
INSERT INTO `zone` VALUES(3472, 219, 'Kasese', 'KAS', 1);
INSERT INTO `zone` VALUES(3473, 219, 'Kibaale', 'KBA', 1);
INSERT INTO `zone` VALUES(3474, 219, 'Kisoro', 'KIS', 1);
INSERT INTO `zone` VALUES(3475, 219, 'Kyenjojo', 'KYE', 1);
INSERT INTO `zone` VALUES(3476, 219, 'Masindi', 'MSN', 1);
INSERT INTO `zone` VALUES(3477, 219, 'Mbarara', 'MBR', 1);
INSERT INTO `zone` VALUES(3478, 219, 'Ntungamo', 'NTU', 1);
INSERT INTO `zone` VALUES(3479, 219, 'Rukungiri', 'RUK', 1);
INSERT INTO `zone` VALUES(3480, 220, 'Cherkas''ka Oblast''', '71', 1);
INSERT INTO `zone` VALUES(3481, 220, 'Chernihivs''ka Oblast''', '74', 1);
INSERT INTO `zone` VALUES(3482, 220, 'Chernivets''ka Oblast''', '77', 1);
INSERT INTO `zone` VALUES(3483, 220, 'Crimea', '43', 1);
INSERT INTO `zone` VALUES(3484, 220, 'Dnipropetrovs''ka Oblast''', '12', 1);
INSERT INTO `zone` VALUES(3485, 220, 'Donets''ka Oblast''', '14', 1);
INSERT INTO `zone` VALUES(3486, 220, 'Ivano-Frankivs''ka Oblast''', '26', 1);
INSERT INTO `zone` VALUES(3487, 220, 'Khersons''ka Oblast''', '65', 1);
INSERT INTO `zone` VALUES(3488, 220, 'Khmel''nyts''ka Oblast''', '68', 1);
INSERT INTO `zone` VALUES(3489, 220, 'Kirovohrads''ka Oblast''', '35', 1);
INSERT INTO `zone` VALUES(3490, 220, 'Kyiv', '30', 1);
INSERT INTO `zone` VALUES(3491, 220, 'Kyivs''ka Oblast''', '32', 1);
INSERT INTO `zone` VALUES(3492, 220, 'Luhans''ka Oblast''', '09', 1);
INSERT INTO `zone` VALUES(3493, 220, 'L''vivs''ka Oblast''', '46', 1);
INSERT INTO `zone` VALUES(3494, 220, 'Mykolayivs''ka Oblast''', '48', 1);
INSERT INTO `zone` VALUES(3495, 220, 'Odes''ka Oblast''', '51', 1);
INSERT INTO `zone` VALUES(3496, 220, 'Poltavs''ka Oblast''', '53', 1);
INSERT INTO `zone` VALUES(3497, 220, 'Rivnens''ka Oblast''', '56', 1);
INSERT INTO `zone` VALUES(3498, 220, 'Sevastopol''', '40', 1);
INSERT INTO `zone` VALUES(3499, 220, 'Sums''ka Oblast''', '59', 1);
INSERT INTO `zone` VALUES(3500, 220, 'Ternopil''s''ka Oblast''', '61', 1);
INSERT INTO `zone` VALUES(3501, 220, 'Vinnyts''ka Oblast''', '05', 1);
INSERT INTO `zone` VALUES(3502, 220, 'Volyns''ka Oblast''', '07', 1);
INSERT INTO `zone` VALUES(3503, 220, 'Zakarpats''ka Oblast''', '21', 1);
INSERT INTO `zone` VALUES(3504, 220, 'Zaporiz''ka Oblast''', '23', 1);
INSERT INTO `zone` VALUES(3505, 220, 'Zhytomyrs''ka oblast''', '18', 1);
INSERT INTO `zone` VALUES(3506, 221, 'Abu Dhabi', 'ADH', 1);
INSERT INTO `zone` VALUES(3507, 221, '''Ajman', 'AJ', 1);
INSERT INTO `zone` VALUES(3508, 221, 'Al Fujayrah', 'FU', 1);
INSERT INTO `zone` VALUES(3509, 221, 'Ash Shariqah', 'SH', 1);
INSERT INTO `zone` VALUES(3510, 221, 'Dubai', 'DU', 1);
INSERT INTO `zone` VALUES(3511, 221, 'R''as al Khaymah', 'RK', 1);
INSERT INTO `zone` VALUES(3512, 221, 'Umm al Qaywayn', 'UQ', 1);
INSERT INTO `zone` VALUES(3513, 222, 'Aberdeen', 'ABN', 1);
INSERT INTO `zone` VALUES(3514, 222, 'Aberdeenshire', 'ABNS', 1);
INSERT INTO `zone` VALUES(3515, 222, 'Anglesey', 'ANG', 1);
INSERT INTO `zone` VALUES(3516, 222, 'Angus', 'AGS', 1);
INSERT INTO `zone` VALUES(3517, 222, 'Argyll and Bute', 'ARY', 1);
INSERT INTO `zone` VALUES(3518, 222, 'Bedfordshire', 'BEDS', 1);
INSERT INTO `zone` VALUES(3519, 222, 'Berkshire', 'BERKS', 1);
INSERT INTO `zone` VALUES(3520, 222, 'Blaenau Gwent', 'BLA', 1);
INSERT INTO `zone` VALUES(3521, 222, 'Bridgend', 'BRI', 1);
INSERT INTO `zone` VALUES(3522, 222, 'Bristol', 'BSTL', 1);
INSERT INTO `zone` VALUES(3523, 222, 'Buckinghamshire', 'BUCKS', 1);
INSERT INTO `zone` VALUES(3524, 222, 'Caerphilly', 'CAE', 1);
INSERT INTO `zone` VALUES(3525, 222, 'Cambridgeshire', 'CAMBS', 1);
INSERT INTO `zone` VALUES(3526, 222, 'Cardiff', 'CDF', 1);
INSERT INTO `zone` VALUES(3527, 222, 'Carmarthenshire', 'CARM', 1);
INSERT INTO `zone` VALUES(3528, 222, 'Ceredigion', 'CDGN', 1);
INSERT INTO `zone` VALUES(3529, 222, 'Cheshire', 'CHES', 1);
INSERT INTO `zone` VALUES(3530, 222, 'Clackmannanshire', 'CLACK', 1);
INSERT INTO `zone` VALUES(3531, 222, 'Conwy', 'CON', 1);
INSERT INTO `zone` VALUES(3532, 222, 'Cornwall', 'CORN', 1);
INSERT INTO `zone` VALUES(3533, 222, 'Denbighshire', 'DNBG', 1);
INSERT INTO `zone` VALUES(3534, 222, 'Derbyshire', 'DERBY', 1);
INSERT INTO `zone` VALUES(3535, 222, 'Devon', 'DVN', 1);
INSERT INTO `zone` VALUES(3536, 222, 'Dorset', 'DOR', 1);
INSERT INTO `zone` VALUES(3537, 222, 'Dumfries and Galloway', 'DGL', 1);
INSERT INTO `zone` VALUES(3538, 222, 'Dundee', 'DUND', 1);
INSERT INTO `zone` VALUES(3539, 222, 'Durham', 'DHM', 1);
INSERT INTO `zone` VALUES(3540, 222, 'East Ayrshire', 'ARYE', 1);
INSERT INTO `zone` VALUES(3541, 222, 'East Dunbartonshire', 'DUNBE', 1);
INSERT INTO `zone` VALUES(3542, 222, 'East Lothian', 'LOTE', 1);
INSERT INTO `zone` VALUES(3543, 222, 'East Renfrewshire', 'RENE', 1);
INSERT INTO `zone` VALUES(3544, 222, 'East Riding of Yorkshire', 'ERYS', 1);
INSERT INTO `zone` VALUES(3545, 222, 'East Sussex', 'SXE', 1);
INSERT INTO `zone` VALUES(3546, 222, 'Edinburgh', 'EDIN', 1);
INSERT INTO `zone` VALUES(3547, 222, 'Essex', 'ESX', 1);
INSERT INTO `zone` VALUES(3548, 222, 'Falkirk', 'FALK', 1);
INSERT INTO `zone` VALUES(3549, 222, 'Fife', 'FFE', 1);
INSERT INTO `zone` VALUES(3550, 222, 'Flintshire', 'FLINT', 1);
INSERT INTO `zone` VALUES(3551, 222, 'Glasgow', 'GLAS', 1);
INSERT INTO `zone` VALUES(3552, 222, 'Gloucestershire', 'GLOS', 1);
INSERT INTO `zone` VALUES(3553, 222, 'Greater London', 'LDN', 1);
INSERT INTO `zone` VALUES(3554, 222, 'Greater Manchester', 'MCH', 1);
INSERT INTO `zone` VALUES(3555, 222, 'Gwynedd', 'GDD', 1);
INSERT INTO `zone` VALUES(3556, 222, 'Hampshire', 'HANTS', 1);
INSERT INTO `zone` VALUES(3557, 222, 'Herefordshire', 'HWR', 1);
INSERT INTO `zone` VALUES(3558, 222, 'Hertfordshire', 'HERTS', 1);
INSERT INTO `zone` VALUES(3559, 222, 'Highlands', 'HLD', 1);
INSERT INTO `zone` VALUES(3560, 222, 'Inverclyde', 'IVER', 1);
INSERT INTO `zone` VALUES(3561, 222, 'Isle of Wight', 'IOW', 1);
INSERT INTO `zone` VALUES(3562, 222, 'Kent', 'KNT', 1);
INSERT INTO `zone` VALUES(3563, 222, 'Lancashire', 'LANCS', 1);
INSERT INTO `zone` VALUES(3564, 222, 'Leicestershire', 'LEICS', 1);
INSERT INTO `zone` VALUES(3565, 222, 'Lincolnshire', 'LINCS', 1);
INSERT INTO `zone` VALUES(3566, 222, 'Merseyside', 'MSY', 1);
INSERT INTO `zone` VALUES(3567, 222, 'Merthyr Tydfil', 'MERT', 1);
INSERT INTO `zone` VALUES(3568, 222, 'Midlothian', 'MLOT', 1);
INSERT INTO `zone` VALUES(3569, 222, 'Monmouthshire', 'MMOUTH', 1);
INSERT INTO `zone` VALUES(3570, 222, 'Moray', 'MORAY', 1);
INSERT INTO `zone` VALUES(3571, 222, 'Neath Port Talbot', 'NPRTAL', 1);
INSERT INTO `zone` VALUES(3572, 222, 'Newport', 'NEWPT', 1);
INSERT INTO `zone` VALUES(3573, 222, 'Norfolk', 'NOR', 1);
INSERT INTO `zone` VALUES(3574, 222, 'North Ayrshire', 'ARYN', 1);
INSERT INTO `zone` VALUES(3575, 222, 'North Lanarkshire', 'LANN', 1);
INSERT INTO `zone` VALUES(3576, 222, 'North Yorkshire', 'YSN', 1);
INSERT INTO `zone` VALUES(3577, 222, 'Northamptonshire', 'NHM', 1);
INSERT INTO `zone` VALUES(3578, 222, 'Northumberland', 'NLD', 1);
INSERT INTO `zone` VALUES(3579, 222, 'Nottinghamshire', 'NOT', 1);
INSERT INTO `zone` VALUES(3580, 222, 'Orkney Islands', 'ORK', 1);
INSERT INTO `zone` VALUES(3581, 222, 'Oxfordshire', 'OFE', 1);
INSERT INTO `zone` VALUES(3582, 222, 'Pembrokeshire', 'PEM', 1);
INSERT INTO `zone` VALUES(3583, 222, 'Perth and Kinross', 'PERTH', 1);
INSERT INTO `zone` VALUES(3584, 222, 'Powys', 'PWS', 1);
INSERT INTO `zone` VALUES(3585, 222, 'Renfrewshire', 'REN', 1);
INSERT INTO `zone` VALUES(3586, 222, 'Rhondda Cynon Taff', 'RHON', 1);
INSERT INTO `zone` VALUES(3587, 222, 'Rutland', 'RUT', 1);
INSERT INTO `zone` VALUES(3588, 222, 'Scottish Borders', 'BOR', 1);
INSERT INTO `zone` VALUES(3589, 222, 'Shetland Islands', 'SHET', 1);
INSERT INTO `zone` VALUES(3590, 222, 'Shropshire', 'SPE', 1);
INSERT INTO `zone` VALUES(3591, 222, 'Somerset', 'SOM', 1);
INSERT INTO `zone` VALUES(3592, 222, 'South Ayrshire', 'ARYS', 1);
INSERT INTO `zone` VALUES(3593, 222, 'South Lanarkshire', 'LANS', 1);
INSERT INTO `zone` VALUES(3594, 222, 'South Yorkshire', 'YSS', 1);
INSERT INTO `zone` VALUES(3595, 222, 'Staffordshire', 'SFD', 1);
INSERT INTO `zone` VALUES(3596, 222, 'Stirling', 'STIR', 1);
INSERT INTO `zone` VALUES(3597, 222, 'Suffolk', 'SFK', 1);
INSERT INTO `zone` VALUES(3598, 222, 'Surrey', 'SRY', 1);
INSERT INTO `zone` VALUES(3599, 222, 'Swansea', 'SWAN', 1);
INSERT INTO `zone` VALUES(3600, 222, 'Torfaen', 'TORF', 1);
INSERT INTO `zone` VALUES(3601, 222, 'Tyne and Wear', 'TWR', 1);
INSERT INTO `zone` VALUES(3602, 222, 'Vale of Glamorgan', 'VGLAM', 1);
INSERT INTO `zone` VALUES(3603, 222, 'Warwickshire', 'WARKS', 1);
INSERT INTO `zone` VALUES(3604, 222, 'West Dunbartonshire', 'WDUN', 1);
INSERT INTO `zone` VALUES(3605, 222, 'West Lothian', 'WLOT', 1);
INSERT INTO `zone` VALUES(3606, 222, 'West Midlands', 'WMD', 1);
INSERT INTO `zone` VALUES(3607, 222, 'West Sussex', 'SXW', 1);
INSERT INTO `zone` VALUES(3608, 222, 'West Yorkshire', 'YSW', 1);
INSERT INTO `zone` VALUES(3609, 222, 'Western Isles', 'WIL', 1);
INSERT INTO `zone` VALUES(3610, 222, 'Wiltshire', 'WLT', 1);
INSERT INTO `zone` VALUES(3611, 222, 'Worcestershire', 'WORCS', 1);
INSERT INTO `zone` VALUES(3612, 222, 'Wrexham', 'WRX', 1);
INSERT INTO `zone` VALUES(3613, 223, 'Alabama', 'AL', 1);
INSERT INTO `zone` VALUES(3614, 223, 'Alaska', 'AK', 1);
INSERT INTO `zone` VALUES(3615, 223, 'American Samoa', 'AS', 1);
INSERT INTO `zone` VALUES(3616, 223, 'Arizona', 'AZ', 1);
INSERT INTO `zone` VALUES(3617, 223, 'Arkansas', 'AR', 1);
INSERT INTO `zone` VALUES(3618, 223, 'Armed Forces Africa', 'AF', 1);
INSERT INTO `zone` VALUES(3619, 223, 'Armed Forces Americas', 'AA', 1);
INSERT INTO `zone` VALUES(3620, 223, 'Armed Forces Canada', 'AC', 1);
INSERT INTO `zone` VALUES(3621, 223, 'Armed Forces Europe', 'AE', 1);
INSERT INTO `zone` VALUES(3622, 223, 'Armed Forces Middle East', 'AM', 1);
INSERT INTO `zone` VALUES(3623, 223, 'Armed Forces Pacific', 'AP', 1);
INSERT INTO `zone` VALUES(3624, 223, 'California', 'CA', 1);
INSERT INTO `zone` VALUES(3625, 223, 'Colorado', 'CO', 1);
INSERT INTO `zone` VALUES(3626, 223, 'Connecticut', 'CT', 1);
INSERT INTO `zone` VALUES(3627, 223, 'Delaware', 'DE', 1);
INSERT INTO `zone` VALUES(3628, 223, 'District of Columbia', 'DC', 1);
INSERT INTO `zone` VALUES(3629, 223, 'Federated States Of Micronesia', 'FM', 1);
INSERT INTO `zone` VALUES(3630, 223, 'Florida', 'FL', 1);
INSERT INTO `zone` VALUES(3631, 223, 'Georgia', 'GA', 1);
INSERT INTO `zone` VALUES(3632, 223, 'Guam', 'GU', 1);
INSERT INTO `zone` VALUES(3633, 223, 'Hawaii', 'HI', 1);
INSERT INTO `zone` VALUES(3634, 223, 'Idaho', 'ID', 1);
INSERT INTO `zone` VALUES(3635, 223, 'Illinois', 'IL', 1);
INSERT INTO `zone` VALUES(3636, 223, 'Indiana', 'IN', 1);
INSERT INTO `zone` VALUES(3637, 223, 'Iowa', 'IA', 1);
INSERT INTO `zone` VALUES(3638, 223, 'Kansas', 'KS', 1);
INSERT INTO `zone` VALUES(3639, 223, 'Kentucky', 'KY', 1);
INSERT INTO `zone` VALUES(3640, 223, 'Louisiana', 'LA', 1);
INSERT INTO `zone` VALUES(3641, 223, 'Maine', 'ME', 1);
INSERT INTO `zone` VALUES(3642, 223, 'Marshall Islands', 'MH', 1);
INSERT INTO `zone` VALUES(3643, 223, 'Maryland', 'MD', 1);
INSERT INTO `zone` VALUES(3644, 223, 'Massachusetts', 'MA', 1);
INSERT INTO `zone` VALUES(3645, 223, 'Michigan', 'MI', 1);
INSERT INTO `zone` VALUES(3646, 223, 'Minnesota', 'MN', 1);
INSERT INTO `zone` VALUES(3647, 223, 'Mississippi', 'MS', 1);
INSERT INTO `zone` VALUES(3648, 223, 'Missouri', 'MO', 1);
INSERT INTO `zone` VALUES(3649, 223, 'Montana', 'MT', 1);
INSERT INTO `zone` VALUES(3650, 223, 'Nebraska', 'NE', 1);
INSERT INTO `zone` VALUES(3651, 223, 'Nevada', 'NV', 1);
INSERT INTO `zone` VALUES(3652, 223, 'New Hampshire', 'NH', 1);
INSERT INTO `zone` VALUES(3653, 223, 'New Jersey', 'NJ', 1);
INSERT INTO `zone` VALUES(3654, 223, 'New Mexico', 'NM', 1);
INSERT INTO `zone` VALUES(3655, 223, 'New York', 'NY', 1);
INSERT INTO `zone` VALUES(3656, 223, 'North Carolina', 'NC', 1);
INSERT INTO `zone` VALUES(3657, 223, 'North Dakota', 'ND', 1);
INSERT INTO `zone` VALUES(3658, 223, 'Northern Mariana Islands', 'MP', 1);
INSERT INTO `zone` VALUES(3659, 223, 'Ohio', 'OH', 1);
INSERT INTO `zone` VALUES(3660, 223, 'Oklahoma', 'OK', 1);
INSERT INTO `zone` VALUES(3661, 223, 'Oregon', 'OR', 1);
INSERT INTO `zone` VALUES(3662, 223, 'Palau', 'PW', 1);
INSERT INTO `zone` VALUES(3663, 223, 'Pennsylvania', 'PA', 1);
INSERT INTO `zone` VALUES(3664, 223, 'Puerto Rico', 'PR', 1);
INSERT INTO `zone` VALUES(3665, 223, 'Rhode Island', 'RI', 1);
INSERT INTO `zone` VALUES(3666, 223, 'South Carolina', 'SC', 1);
INSERT INTO `zone` VALUES(3667, 223, 'South Dakota', 'SD', 1);
INSERT INTO `zone` VALUES(3668, 223, 'Tennessee', 'TN', 1);
INSERT INTO `zone` VALUES(3669, 223, 'Texas', 'TX', 1);
INSERT INTO `zone` VALUES(3670, 223, 'Utah', 'UT', 1);
INSERT INTO `zone` VALUES(3671, 223, 'Vermont', 'VT', 1);
INSERT INTO `zone` VALUES(3672, 223, 'Virgin Islands', 'VI', 1);
INSERT INTO `zone` VALUES(3673, 223, 'Virginia', 'VA', 1);
INSERT INTO `zone` VALUES(3674, 223, 'Washington', 'WA', 1);
INSERT INTO `zone` VALUES(3675, 223, 'West Virginia', 'WV', 1);
INSERT INTO `zone` VALUES(3676, 223, 'Wisconsin', 'WI', 1);
INSERT INTO `zone` VALUES(3677, 223, 'Wyoming', 'WY', 1);
INSERT INTO `zone` VALUES(3678, 224, 'Baker Island', 'BI', 1);
INSERT INTO `zone` VALUES(3679, 224, 'Howland Island', 'HI', 1);
INSERT INTO `zone` VALUES(3680, 224, 'Jarvis Island', 'JI', 1);
INSERT INTO `zone` VALUES(3681, 224, 'Johnston Atoll', 'JA', 1);
INSERT INTO `zone` VALUES(3682, 224, 'Kingman Reef', 'KR', 1);
INSERT INTO `zone` VALUES(3683, 224, 'Midway Atoll', 'MA', 1);
INSERT INTO `zone` VALUES(3684, 224, 'Navassa Island', 'NI', 1);
INSERT INTO `zone` VALUES(3685, 224, 'Palmyra Atoll', 'PA', 1);
INSERT INTO `zone` VALUES(3686, 224, 'Wake Island', 'WI', 1);
INSERT INTO `zone` VALUES(3687, 225, 'Artigas', 'AR', 1);
INSERT INTO `zone` VALUES(3688, 225, 'Canelones', 'CA', 1);
INSERT INTO `zone` VALUES(3689, 225, 'Cerro Largo', 'CL', 1);
INSERT INTO `zone` VALUES(3690, 225, 'Colonia', 'CO', 1);
INSERT INTO `zone` VALUES(3691, 225, 'Durazno', 'DU', 1);
INSERT INTO `zone` VALUES(3692, 225, 'Flores', 'FS', 1);
INSERT INTO `zone` VALUES(3693, 225, 'Florida', 'FA', 1);
INSERT INTO `zone` VALUES(3694, 225, 'Lavalleja', 'LA', 1);
INSERT INTO `zone` VALUES(3695, 225, 'Maldonado', 'MA', 1);
INSERT INTO `zone` VALUES(3696, 225, 'Montevideo', 'MO', 1);
INSERT INTO `zone` VALUES(3697, 225, 'Paysandu', 'PA', 1);
INSERT INTO `zone` VALUES(3698, 225, 'Rio Negro', 'RN', 1);
INSERT INTO `zone` VALUES(3699, 225, 'Rivera', 'RV', 1);
INSERT INTO `zone` VALUES(3700, 225, 'Rocha', 'RO', 1);
INSERT INTO `zone` VALUES(3701, 225, 'Salto', 'SL', 1);
INSERT INTO `zone` VALUES(3702, 225, 'San Jose', 'SJ', 1);
INSERT INTO `zone` VALUES(3703, 225, 'Soriano', 'SO', 1);
INSERT INTO `zone` VALUES(3704, 225, 'Tacuarembo', 'TA', 1);
INSERT INTO `zone` VALUES(3705, 225, 'Treinta y Tres', 'TT', 1);
INSERT INTO `zone` VALUES(3706, 226, 'Andijon', 'AN', 1);
INSERT INTO `zone` VALUES(3707, 226, 'Buxoro', 'BU', 1);
INSERT INTO `zone` VALUES(3708, 226, 'Farg''ona', 'FA', 1);
INSERT INTO `zone` VALUES(3709, 226, 'Jizzax', 'JI', 1);
INSERT INTO `zone` VALUES(3710, 226, 'Namangan', 'NG', 1);
INSERT INTO `zone` VALUES(3711, 226, 'Navoiy', 'NW', 1);
INSERT INTO `zone` VALUES(3712, 226, 'Qashqadaryo', 'QA', 1);
INSERT INTO `zone` VALUES(3713, 226, 'Qoraqalpog''iston Republikasi', 'QR', 1);
INSERT INTO `zone` VALUES(3714, 226, 'Samarqand', 'SA', 1);
INSERT INTO `zone` VALUES(3715, 226, 'Sirdaryo', 'SI', 1);
INSERT INTO `zone` VALUES(3716, 226, 'Surxondaryo', 'SU', 1);
INSERT INTO `zone` VALUES(3717, 226, 'Toshkent City', 'TK', 1);
INSERT INTO `zone` VALUES(3718, 226, 'Toshkent Region', 'TO', 1);
INSERT INTO `zone` VALUES(3719, 226, 'Xorazm', 'XO', 1);
INSERT INTO `zone` VALUES(3720, 227, 'Malampa', 'MA', 1);
INSERT INTO `zone` VALUES(3721, 227, 'Penama', 'PE', 1);
INSERT INTO `zone` VALUES(3722, 227, 'Sanma', 'SA', 1);
INSERT INTO `zone` VALUES(3723, 227, 'Shefa', 'SH', 1);
INSERT INTO `zone` VALUES(3724, 227, 'Tafea', 'TA', 1);
INSERT INTO `zone` VALUES(3725, 227, 'Torba', 'TO', 1);
INSERT INTO `zone` VALUES(3726, 229, 'Amazonas', 'AM', 1);
INSERT INTO `zone` VALUES(3727, 229, 'Anzoategui', 'AN', 1);
INSERT INTO `zone` VALUES(3728, 229, 'Apure', 'AP', 1);
INSERT INTO `zone` VALUES(3729, 229, 'Aragua', 'AR', 1);
INSERT INTO `zone` VALUES(3730, 229, 'Barinas', 'BA', 1);
INSERT INTO `zone` VALUES(3731, 229, 'Bolivar', 'BO', 1);
INSERT INTO `zone` VALUES(3732, 229, 'Carabobo', 'CA', 1);
INSERT INTO `zone` VALUES(3733, 229, 'Cojedes', 'CO', 1);
INSERT INTO `zone` VALUES(3734, 229, 'Delta Amacuro', 'DA', 1);
INSERT INTO `zone` VALUES(3735, 229, 'Dependencias Federales', 'DF', 1);
INSERT INTO `zone` VALUES(3736, 229, 'Distrito Federal', 'DI', 1);
INSERT INTO `zone` VALUES(3737, 229, 'Falcon', 'FA', 1);
INSERT INTO `zone` VALUES(3738, 229, 'Guarico', 'GU', 1);
INSERT INTO `zone` VALUES(3739, 229, 'Lara', 'LA', 1);
INSERT INTO `zone` VALUES(3740, 229, 'Merida', 'ME', 1);
INSERT INTO `zone` VALUES(3741, 229, 'Miranda', 'MI', 1);
INSERT INTO `zone` VALUES(3742, 229, 'Monagas', 'MO', 1);
INSERT INTO `zone` VALUES(3743, 229, 'Nueva Esparta', 'NE', 1);
INSERT INTO `zone` VALUES(3744, 229, 'Portuguesa', 'PO', 1);
INSERT INTO `zone` VALUES(3745, 229, 'Sucre', 'SU', 1);
INSERT INTO `zone` VALUES(3746, 229, 'Tachira', 'TA', 1);
INSERT INTO `zone` VALUES(3747, 229, 'Trujillo', 'TR', 1);
INSERT INTO `zone` VALUES(3748, 229, 'Vargas', 'VA', 1);
INSERT INTO `zone` VALUES(3749, 229, 'Yaracuy', 'YA', 1);
INSERT INTO `zone` VALUES(3750, 229, 'Zulia', 'ZU', 1);
INSERT INTO `zone` VALUES(3751, 230, 'An Giang', 'AG', 1);
INSERT INTO `zone` VALUES(3752, 230, 'Bac Giang', 'BG', 1);
INSERT INTO `zone` VALUES(3753, 230, 'Bac Kan', 'BK', 1);
INSERT INTO `zone` VALUES(3754, 230, 'Bac Lieu', 'BL', 1);
INSERT INTO `zone` VALUES(3755, 230, 'Bac Ninh', 'BC', 1);
INSERT INTO `zone` VALUES(3756, 230, 'Ba Ria-Vung Tau', 'BR', 1);
INSERT INTO `zone` VALUES(3757, 230, 'Ben Tre', 'BN', 1);
INSERT INTO `zone` VALUES(3758, 230, 'Binh Dinh', 'BH', 1);
INSERT INTO `zone` VALUES(3759, 230, 'Binh Duong', 'BU', 1);
INSERT INTO `zone` VALUES(3760, 230, 'Binh Phuoc', 'BP', 1);
INSERT INTO `zone` VALUES(3761, 230, 'Binh Thuan', 'BT', 1);
INSERT INTO `zone` VALUES(3762, 230, 'Ca Mau', 'CM', 1);
INSERT INTO `zone` VALUES(3763, 230, 'Can Tho', 'CT', 1);
INSERT INTO `zone` VALUES(3764, 230, 'Cao Bang', 'CB', 1);
INSERT INTO `zone` VALUES(3765, 230, 'Dak Lak', 'DL', 1);
INSERT INTO `zone` VALUES(3766, 230, 'Dak Nong', 'DG', 1);
INSERT INTO `zone` VALUES(3767, 230, 'Da Nang', 'DN', 1);
INSERT INTO `zone` VALUES(3768, 230, 'Dien Bien', 'DB', 1);
INSERT INTO `zone` VALUES(3769, 230, 'Dong Nai', 'DI', 1);
INSERT INTO `zone` VALUES(3770, 230, 'Dong Thap', 'DT', 1);
INSERT INTO `zone` VALUES(3771, 230, 'Gia Lai', 'GL', 1);
INSERT INTO `zone` VALUES(3772, 230, 'Ha Giang', 'HG', 1);
INSERT INTO `zone` VALUES(3773, 230, 'Hai Duong', 'HD', 1);
INSERT INTO `zone` VALUES(3774, 230, 'Hai Phong', 'HP', 1);
INSERT INTO `zone` VALUES(3775, 230, 'Ha Nam', 'HM', 1);
INSERT INTO `zone` VALUES(3776, 230, 'Ha Noi', 'HI', 1);
INSERT INTO `zone` VALUES(3777, 230, 'Ha Tay', 'HT', 1);
INSERT INTO `zone` VALUES(3778, 230, 'Ha Tinh', 'HH', 1);
INSERT INTO `zone` VALUES(3779, 230, 'Hoa Binh', 'HB', 1);
INSERT INTO `zone` VALUES(3780, 230, 'Ho Chi Minh City', 'HC', 1);
INSERT INTO `zone` VALUES(3781, 230, 'Hau Giang', 'HU', 1);
INSERT INTO `zone` VALUES(3782, 230, 'Hung Yen', 'HY', 1);
INSERT INTO `zone` VALUES(3783, 232, 'Saint Croix', 'C', 1);
INSERT INTO `zone` VALUES(3784, 232, 'Saint John', 'J', 1);
INSERT INTO `zone` VALUES(3785, 232, 'Saint Thomas', 'T', 1);
INSERT INTO `zone` VALUES(3786, 233, 'Alo', 'A', 1);
INSERT INTO `zone` VALUES(3787, 233, 'Sigave', 'S', 1);
INSERT INTO `zone` VALUES(3788, 233, 'Wallis', 'W', 1);
INSERT INTO `zone` VALUES(3789, 235, 'Abyan', 'AB', 1);
INSERT INTO `zone` VALUES(3790, 235, 'Adan', 'AD', 1);
INSERT INTO `zone` VALUES(3791, 235, 'Amran', 'AM', 1);
INSERT INTO `zone` VALUES(3792, 235, 'Al Bayda', 'BA', 1);
INSERT INTO `zone` VALUES(3793, 235, 'Ad Dali', 'DA', 1);
INSERT INTO `zone` VALUES(3794, 235, 'Dhamar', 'DH', 1);
INSERT INTO `zone` VALUES(3795, 235, 'Hadramawt', 'HD', 1);
INSERT INTO `zone` VALUES(3796, 235, 'Hajjah', 'HJ', 1);
INSERT INTO `zone` VALUES(3797, 235, 'Al Hudaydah', 'HU', 1);
INSERT INTO `zone` VALUES(3798, 235, 'Ibb', 'IB', 1);
INSERT INTO `zone` VALUES(3799, 235, 'Al Jawf', 'JA', 1);
INSERT INTO `zone` VALUES(3800, 235, 'Lahij', 'LA', 1);
INSERT INTO `zone` VALUES(3801, 235, 'Ma''rib', 'MA', 1);
INSERT INTO `zone` VALUES(3802, 235, 'Al Mahrah', 'MR', 1);
INSERT INTO `zone` VALUES(3803, 235, 'Al Mahwit', 'MW', 1);
INSERT INTO `zone` VALUES(3804, 235, 'Sa''dah', 'SD', 1);
INSERT INTO `zone` VALUES(3805, 235, 'San''a', 'SN', 1);
INSERT INTO `zone` VALUES(3806, 235, 'Shabwah', 'SH', 1);
INSERT INTO `zone` VALUES(3807, 235, 'Ta''izz', 'TA', 1);
INSERT INTO `zone` VALUES(3812, 237, 'Bas-Congo', 'BC', 1);
INSERT INTO `zone` VALUES(3813, 237, 'Bandundu', 'BN', 1);
INSERT INTO `zone` VALUES(3814, 237, 'Equateur', 'EQ', 1);
INSERT INTO `zone` VALUES(3815, 237, 'Katanga', 'KA', 1);
INSERT INTO `zone` VALUES(3816, 237, 'Kasai-Oriental', 'KE', 1);
INSERT INTO `zone` VALUES(3817, 237, 'Kinshasa', 'KN', 1);
INSERT INTO `zone` VALUES(3818, 237, 'Kasai-Occidental', 'KW', 1);
INSERT INTO `zone` VALUES(3819, 237, 'Maniema', 'MA', 1);
INSERT INTO `zone` VALUES(3820, 237, 'Nord-Kivu', 'NK', 1);
INSERT INTO `zone` VALUES(3821, 237, 'Orientale', 'OR', 1);
INSERT INTO `zone` VALUES(3822, 237, 'Sud-Kivu', 'SK', 1);
INSERT INTO `zone` VALUES(3823, 238, 'Central', 'CE', 1);
INSERT INTO `zone` VALUES(3824, 238, 'Copperbelt', 'CB', 1);
INSERT INTO `zone` VALUES(3825, 238, 'Eastern', 'EA', 1);
INSERT INTO `zone` VALUES(3826, 238, 'Luapula', 'LP', 1);
INSERT INTO `zone` VALUES(3827, 238, 'Lusaka', 'LK', 1);
INSERT INTO `zone` VALUES(3828, 238, 'Northern', 'NO', 1);
INSERT INTO `zone` VALUES(3829, 238, 'North-Western', 'NW', 1);
INSERT INTO `zone` VALUES(3830, 238, 'Southern', 'SO', 1);
INSERT INTO `zone` VALUES(3831, 238, 'Western', 'WE', 1);
INSERT INTO `zone` VALUES(3832, 239, 'Bulawayo', 'BU', 1);
INSERT INTO `zone` VALUES(3833, 239, 'Harare', 'HA', 1);
INSERT INTO `zone` VALUES(3834, 239, 'Manicaland', 'ML', 1);
INSERT INTO `zone` VALUES(3835, 239, 'Mashonaland Central', 'MC', 1);
INSERT INTO `zone` VALUES(3836, 239, 'Mashonaland East', 'ME', 1);
INSERT INTO `zone` VALUES(3837, 239, 'Mashonaland West', 'MW', 1);
INSERT INTO `zone` VALUES(3838, 239, 'Masvingo', 'MV', 1);
INSERT INTO `zone` VALUES(3839, 239, 'Matabeleland North', 'MN', 1);
INSERT INTO `zone` VALUES(3840, 239, 'Matabeleland South', 'MS', 1);
INSERT INTO `zone` VALUES(3841, 239, 'Midlands', 'MD', 1);
INSERT INTO `zone` VALUES(3861, 105, 'Campobasso', 'CB', 1);
INSERT INTO `zone` VALUES(3862, 105, 'Carbonia-Iglesias', 'CI', 1);
INSERT INTO `zone` VALUES(3863, 105, 'Caserta', 'CE', 1);
INSERT INTO `zone` VALUES(3864, 105, 'Catania', 'CT', 1);
INSERT INTO `zone` VALUES(3865, 105, 'Catanzaro', 'CZ', 1);
INSERT INTO `zone` VALUES(3866, 105, 'Chieti', 'CH', 1);
INSERT INTO `zone` VALUES(3867, 105, 'Como', 'CO', 1);
INSERT INTO `zone` VALUES(3868, 105, 'Cosenza', 'CS', 1);
INSERT INTO `zone` VALUES(3869, 105, 'Cremona', 'CR', 1);
INSERT INTO `zone` VALUES(3870, 105, 'Crotone', 'KR', 1);
INSERT INTO `zone` VALUES(3871, 105, 'Cuneo', 'CN', 1);
INSERT INTO `zone` VALUES(3872, 105, 'Enna', 'EN', 1);
INSERT INTO `zone` VALUES(3873, 105, 'Ferrara', 'FE', 1);
INSERT INTO `zone` VALUES(3874, 105, 'Firenze', 'FI', 1);
INSERT INTO `zone` VALUES(3875, 105, 'Foggia', 'FG', 1);
INSERT INTO `zone` VALUES(3876, 105, 'Forli-Cesena', 'FC', 1);
INSERT INTO `zone` VALUES(3877, 105, 'Frosinone', 'FR', 1);
INSERT INTO `zone` VALUES(3878, 105, 'Genova', 'GE', 1);
INSERT INTO `zone` VALUES(3879, 105, 'Gorizia', 'GO', 1);
INSERT INTO `zone` VALUES(3880, 105, 'Grosseto', 'GR', 1);
INSERT INTO `zone` VALUES(3881, 105, 'Imperia', 'IM', 1);
INSERT INTO `zone` VALUES(3882, 105, 'Isernia', 'IS', 1);
INSERT INTO `zone` VALUES(3883, 105, 'L&#39;Aquila', 'AQ', 1);
INSERT INTO `zone` VALUES(3884, 105, 'La Spezia', 'SP', 1);
INSERT INTO `zone` VALUES(3885, 105, 'Latina', 'LT', 1);
INSERT INTO `zone` VALUES(3886, 105, 'Lecce', 'LE', 1);
INSERT INTO `zone` VALUES(3887, 105, 'Lecco', 'LC', 1);
INSERT INTO `zone` VALUES(3888, 105, 'Livorno', 'LI', 1);
INSERT INTO `zone` VALUES(3889, 105, 'Lodi', 'LO', 1);
INSERT INTO `zone` VALUES(3890, 105, 'Lucca', 'LU', 1);
INSERT INTO `zone` VALUES(3891, 105, 'Macerata', 'MC', 1);
INSERT INTO `zone` VALUES(3892, 105, 'Mantova', 'MN', 1);
INSERT INTO `zone` VALUES(3893, 105, 'Massa-Carrara', 'MS', 1);
INSERT INTO `zone` VALUES(3894, 105, 'Matera', 'MT', 1);
INSERT INTO `zone` VALUES(3895, 105, 'Medio Campidano', 'VS', 1);
INSERT INTO `zone` VALUES(3896, 105, 'Messina', 'ME', 1);
INSERT INTO `zone` VALUES(3897, 105, 'Milano', 'MI', 1);
INSERT INTO `zone` VALUES(3898, 105, 'Modena', 'MO', 1);
INSERT INTO `zone` VALUES(3899, 105, 'Napoli', 'NA', 1);
INSERT INTO `zone` VALUES(3900, 105, 'Novara', 'NO', 1);
INSERT INTO `zone` VALUES(3901, 105, 'Nuoro', 'NU', 1);
INSERT INTO `zone` VALUES(3902, 105, 'Ogliastra', 'OG', 1);
INSERT INTO `zone` VALUES(3903, 105, 'Olbia-Tempio', 'OT', 1);
INSERT INTO `zone` VALUES(3904, 105, 'Oristano', 'OR', 1);
INSERT INTO `zone` VALUES(3905, 105, 'Padova', 'PD', 1);
INSERT INTO `zone` VALUES(3906, 105, 'Palermo', 'PA', 1);
INSERT INTO `zone` VALUES(3907, 105, 'Parma', 'PR', 1);
INSERT INTO `zone` VALUES(3908, 105, 'Pavia', 'PV', 1);
INSERT INTO `zone` VALUES(3909, 105, 'Perugia', 'PG', 1);
INSERT INTO `zone` VALUES(3910, 105, 'Pesaro e Urbino', 'PU', 1);
INSERT INTO `zone` VALUES(3911, 105, 'Pescara', 'PE', 1);
INSERT INTO `zone` VALUES(3912, 105, 'Piacenza', 'PC', 1);
INSERT INTO `zone` VALUES(3913, 105, 'Pisa', 'PI', 1);
INSERT INTO `zone` VALUES(3914, 105, 'Pistoia', 'PT', 1);
INSERT INTO `zone` VALUES(3915, 105, 'Pordenone', 'PN', 1);
INSERT INTO `zone` VALUES(3916, 105, 'Potenza', 'PZ', 1);
INSERT INTO `zone` VALUES(3917, 105, 'Prato', 'PO', 1);
INSERT INTO `zone` VALUES(3918, 105, 'Ragusa', 'RG', 1);
INSERT INTO `zone` VALUES(3919, 105, 'Ravenna', 'RA', 1);
INSERT INTO `zone` VALUES(3920, 105, 'Reggio Calabria', 'RC', 1);
INSERT INTO `zone` VALUES(3921, 105, 'Reggio Emilia', 'RE', 1);
INSERT INTO `zone` VALUES(3922, 105, 'Rieti', 'RI', 1);
INSERT INTO `zone` VALUES(3923, 105, 'Rimini', 'RN', 1);
INSERT INTO `zone` VALUES(3924, 105, 'Roma', 'RM', 1);
INSERT INTO `zone` VALUES(3925, 105, 'Rovigo', 'RO', 1);
INSERT INTO `zone` VALUES(3926, 105, 'Salerno', 'SA', 1);
INSERT INTO `zone` VALUES(3927, 105, 'Sassari', 'SS', 1);
INSERT INTO `zone` VALUES(3928, 105, 'Savona', 'SV', 1);
INSERT INTO `zone` VALUES(3929, 105, 'Siena', 'SI', 1);
INSERT INTO `zone` VALUES(3930, 105, 'Siracusa', 'SR', 1);
INSERT INTO `zone` VALUES(3931, 105, 'Sondrio', 'SO', 1);
INSERT INTO `zone` VALUES(3932, 105, 'Taranto', 'TA', 1);
INSERT INTO `zone` VALUES(3933, 105, 'Teramo', 'TE', 1);
INSERT INTO `zone` VALUES(3934, 105, 'Terni', 'TR', 1);
INSERT INTO `zone` VALUES(3935, 105, 'Torino', 'TO', 1);
INSERT INTO `zone` VALUES(3936, 105, 'Trapani', 'TP', 1);
INSERT INTO `zone` VALUES(3937, 105, 'Trento', 'TN', 1);
INSERT INTO `zone` VALUES(3938, 105, 'Treviso', 'TV', 1);
INSERT INTO `zone` VALUES(3939, 105, 'Trieste', 'TS', 1);
INSERT INTO `zone` VALUES(3940, 105, 'Udine', 'UD', 1);
INSERT INTO `zone` VALUES(3941, 105, 'Varese', 'VA', 1);
INSERT INTO `zone` VALUES(3942, 105, 'Venezia', 'VE', 1);
INSERT INTO `zone` VALUES(3943, 105, 'Verbano-Cusio-Ossola', 'VB', 1);
INSERT INTO `zone` VALUES(3944, 105, 'Vercelli', 'VC', 1);
INSERT INTO `zone` VALUES(3945, 105, 'Verona', 'VR', 1);
INSERT INTO `zone` VALUES(3946, 105, 'Vibo Valentia', 'VV', 1);
INSERT INTO `zone` VALUES(3947, 105, 'Vicenza', 'VI', 1);
INSERT INTO `zone` VALUES(3948, 105, 'Viterbo', 'VT', 1);
INSERT INTO `zone` VALUES(3949, 222, 'County Antrim', 'ANT', 1);
INSERT INTO `zone` VALUES(3950, 222, 'County Armagh', 'ARM', 1);
INSERT INTO `zone` VALUES(3951, 222, 'County Down', 'DOW', 1);
INSERT INTO `zone` VALUES(3952, 222, 'County Fermanagh', 'FER', 1);
INSERT INTO `zone` VALUES(3953, 222, 'County Londonderry', 'LDY', 1);
INSERT INTO `zone` VALUES(3954, 222, 'County Tyrone', 'TYR', 1);
INSERT INTO `zone` VALUES(3955, 222, 'Cumbria', 'CMA', 1);
INSERT INTO `zone` VALUES(3956, 190, 'Pomurska', '1', 1);
INSERT INTO `zone` VALUES(3957, 190, 'Podravska', '2', 1);
INSERT INTO `zone` VALUES(3958, 190, 'Koroka', '3', 1);
INSERT INTO `zone` VALUES(3959, 190, 'Savinjska', '4', 1);
INSERT INTO `zone` VALUES(3960, 190, 'Zasavska', '5', 1);
INSERT INTO `zone` VALUES(3961, 190, 'Spodnjeposavska', '6', 1);
INSERT INTO `zone` VALUES(3962, 190, 'Jugovzhodna Slovenija', '7', 1);
INSERT INTO `zone` VALUES(3963, 190, 'Osrednjeslovenska', '8', 1);
INSERT INTO `zone` VALUES(3964, 190, 'Gorenjska', '9', 1);
INSERT INTO `zone` VALUES(3965, 190, 'Notranjsko-kraka', '10', 1);
INSERT INTO `zone` VALUES(3966, 190, 'Gorika', '11', 1);
INSERT INTO `zone` VALUES(3967, 190, 'Obalno-kraka', '12', 1);
INSERT INTO `zone` VALUES(3968, 33, 'Ruse', '', 1);
INSERT INTO `zone` VALUES(3969, 101, 'Alborz', 'ALB', 1);
INSERT INTO `zone` VALUES(3970, 21, 'Brussels-Capital Region', 'BRU', 1);
INSERT INTO `zone` VALUES(3971, 138, 'Aguascalientes', 'AG', 1);
INSERT INTO `zone` VALUES(3973, 242, 'Andrijevica', '01', 1);
INSERT INTO `zone` VALUES(3974, 242, 'Bar', '02', 1);
INSERT INTO `zone` VALUES(3975, 242, 'Berane', '03', 1);
INSERT INTO `zone` VALUES(3976, 242, 'Bijelo Polje', '04', 1);
INSERT INTO `zone` VALUES(3977, 242, 'Budva', '05', 1);
INSERT INTO `zone` VALUES(3978, 242, 'Cetinje', '06', 1);
INSERT INTO `zone` VALUES(3979, 242, 'Danilovgrad', '07', 1);
INSERT INTO `zone` VALUES(3980, 242, 'Herceg-Novi', '08', 1);
INSERT INTO `zone` VALUES(3981, 242, 'Kolain', '09', 1);
INSERT INTO `zone` VALUES(3982, 242, 'Kotor', '10', 1);
INSERT INTO `zone` VALUES(3983, 242, 'Mojkovac', '11', 1);
INSERT INTO `zone` VALUES(3984, 242, 'Niki', '12', 1);
INSERT INTO `zone` VALUES(3985, 242, 'Plav', '13', 1);
INSERT INTO `zone` VALUES(3986, 242, 'Pljevlja', '14', 1);
INSERT INTO `zone` VALUES(3987, 242, 'Pluine', '15', 1);
INSERT INTO `zone` VALUES(3988, 242, 'Podgorica', '16', 1);
INSERT INTO `zone` VALUES(3989, 242, 'Roaje', '17', 1);
INSERT INTO `zone` VALUES(3990, 242, 'avnik', '18', 1);
INSERT INTO `zone` VALUES(3991, 242, 'Tivat', '19', 1);
INSERT INTO `zone` VALUES(3992, 242, 'Ulcinj', '20', 1);
INSERT INTO `zone` VALUES(3993, 242, 'abljak', '21', 1);
INSERT INTO `zone` VALUES(3994, 243, 'Belgrade', '00', 1);
INSERT INTO `zone` VALUES(3995, 243, 'North Baka', '01', 1);
INSERT INTO `zone` VALUES(3996, 243, 'Central Banat', '02', 1);
INSERT INTO `zone` VALUES(3997, 243, 'North Banat', '03', 1);
INSERT INTO `zone` VALUES(3998, 243, 'South Banat', '04', 1);
INSERT INTO `zone` VALUES(3999, 243, 'West Baka', '05', 1);
INSERT INTO `zone` VALUES(4000, 243, 'South Baka', '06', 1);
INSERT INTO `zone` VALUES(4001, 243, 'Srem', '07', 1);
INSERT INTO `zone` VALUES(4002, 243, 'Mava', '08', 1);
INSERT INTO `zone` VALUES(4003, 243, 'Kolubara', '09', 1);
INSERT INTO `zone` VALUES(4004, 243, 'Podunavlje', '10', 1);
INSERT INTO `zone` VALUES(4005, 243, 'Branievo', '11', 1);
INSERT INTO `zone` VALUES(4006, 243, 'umadija', '12', 1);
INSERT INTO `zone` VALUES(4007, 243, 'Pomoravlje', '13', 1);
INSERT INTO `zone` VALUES(4008, 243, 'Bor', '14', 1);
INSERT INTO `zone` VALUES(4009, 243, 'Zajear', '15', 1);
INSERT INTO `zone` VALUES(4010, 243, 'Zlatibor', '16', 1);
INSERT INTO `zone` VALUES(4011, 243, 'Moravica', '17', 1);
INSERT INTO `zone` VALUES(4012, 243, 'Raka', '18', 1);
INSERT INTO `zone` VALUES(4013, 243, 'Rasina', '19', 1);
INSERT INTO `zone` VALUES(4014, 243, 'Niava', '20', 1);
INSERT INTO `zone` VALUES(4015, 243, 'Toplica', '21', 1);
INSERT INTO `zone` VALUES(4016, 243, 'Pirot', '22', 1);
INSERT INTO `zone` VALUES(4017, 243, 'Jablanica', '23', 1);
INSERT INTO `zone` VALUES(4018, 243, 'Pinja', '24', 1);
INSERT INTO `zone` VALUES(4020, 245, 'Bonaire', 'BO', 1);
INSERT INTO `zone` VALUES(4021, 245, 'Saba', 'SA', 1);
INSERT INTO `zone` VALUES(4022, 245, 'Sint Eustatius', 'SE', 1);
INSERT INTO `zone` VALUES(4023, 248, 'Central Equatoria', 'EC', 1);
INSERT INTO `zone` VALUES(4024, 248, 'Eastern Equatoria', 'EE', 1);
INSERT INTO `zone` VALUES(4025, 248, 'Jonglei', 'JG', 1);
INSERT INTO `zone` VALUES(4026, 248, 'Lakes', 'LK', 1);
INSERT INTO `zone` VALUES(4027, 248, 'Northern Bahr el-Ghazal', 'BN', 1);
INSERT INTO `zone` VALUES(4028, 248, 'Unity', 'UY', 1);
INSERT INTO `zone` VALUES(4029, 248, 'Upper Nile', 'NU', 1);
INSERT INTO `zone` VALUES(4030, 248, 'Warrap', 'WR', 1);
INSERT INTO `zone` VALUES(4031, 248, 'Western Bahr el-Ghazal', 'BW', 1);
INSERT INTO `zone` VALUES(4032, 248, 'Western Equatoria', 'EW', 1);
INSERT INTO `zone` VALUES(4036, 117, 'Ainai, Salacgrvas novads', '0661405', 1);
INSERT INTO `zone` VALUES(4037, 117, 'Aizkraukle, Aizkraukles novads', '0320201', 1);
INSERT INTO `zone` VALUES(4038, 117, 'Aizkraukles novads', '0320200', 1);
INSERT INTO `zone` VALUES(4039, 117, 'Aizpute, Aizputes novads', '0640605', 1);
INSERT INTO `zone` VALUES(4040, 117, 'Aizputes novads', '0640600', 1);
INSERT INTO `zone` VALUES(4041, 117, 'Aknste, Aknstes novads', '0560805', 1);
INSERT INTO `zone` VALUES(4042, 117, 'Aknstes novads', '0560800', 1);
INSERT INTO `zone` VALUES(4043, 117, 'Aloja, Alojas novads', '0661007', 1);
INSERT INTO `zone` VALUES(4044, 117, 'Alojas novads', '0661000', 1);
INSERT INTO `zone` VALUES(4045, 117, 'Alsungas novads', '0624200', 1);
INSERT INTO `zone` VALUES(4046, 117, 'Alksne, Alksnes novads', '0360201', 1);
INSERT INTO `zone` VALUES(4047, 117, 'Alksnes novads', '0360200', 1);
INSERT INTO `zone` VALUES(4048, 117, 'Amatas novads', '0424701', 1);
INSERT INTO `zone` VALUES(4049, 117, 'Ape, Apes novads', '0360805', 1);
INSERT INTO `zone` VALUES(4050, 117, 'Apes novads', '0360800', 1);
INSERT INTO `zone` VALUES(4051, 117, 'Auce, Auces novads', '0460805', 1);
INSERT INTO `zone` VALUES(4052, 117, 'Auces novads', '0460800', 1);
INSERT INTO `zone` VALUES(4053, 117, 'dau novads', '0804400', 1);
INSERT INTO `zone` VALUES(4054, 117, 'Babtes novads', '0804900', 1);
INSERT INTO `zone` VALUES(4055, 117, 'Baldone, Baldones novads', '0800605', 1);
INSERT INTO `zone` VALUES(4056, 117, 'Baldones novads', '0800600', 1);
INSERT INTO `zone` VALUES(4057, 117, 'Baloi, ekavas novads', '0800807', 1);
INSERT INTO `zone` VALUES(4058, 117, 'Baltinavas novads', '0384400', 1);
INSERT INTO `zone` VALUES(4059, 117, 'Balvi, Balvu novads', '0380201', 1);
INSERT INTO `zone` VALUES(4060, 117, 'Balvu novads', '0380200', 1);
INSERT INTO `zone` VALUES(4061, 117, 'Bauska, Bauskas novads', '0400201', 1);
INSERT INTO `zone` VALUES(4062, 117, 'Bauskas novads', '0400200', 1);
INSERT INTO `zone` VALUES(4063, 117, 'Bevernas novads', '0964700', 1);
INSERT INTO `zone` VALUES(4064, 117, 'Brocni, Brocnu novads', '0840605', 1);
INSERT INTO `zone` VALUES(4065, 117, 'Brocnu novads', '0840601', 1);
INSERT INTO `zone` VALUES(4066, 117, 'Burtnieku novads', '0967101', 1);
INSERT INTO `zone` VALUES(4067, 117, 'Carnikavas novads', '0805200', 1);
INSERT INTO `zone` VALUES(4068, 117, 'Cesvaine, Cesvaines novads', '0700807', 1);
INSERT INTO `zone` VALUES(4069, 117, 'Cesvaines novads', '0700800', 1);
INSERT INTO `zone` VALUES(4070, 117, 'Csis, Csu novads', '0420201', 1);
INSERT INTO `zone` VALUES(4071, 117, 'Csu novads', '0420200', 1);
INSERT INTO `zone` VALUES(4072, 117, 'Ciblas novads', '0684901', 1);
INSERT INTO `zone` VALUES(4073, 117, 'Dagda, Dagdas novads', '0601009', 1);
INSERT INTO `zone` VALUES(4074, 117, 'Dagdas novads', '0601000', 1);
INSERT INTO `zone` VALUES(4075, 117, 'Daugavpils', '0050000', 1);
INSERT INTO `zone` VALUES(4076, 117, 'Daugavpils novads', '0440200', 1);
INSERT INTO `zone` VALUES(4077, 117, 'Dobele, Dobeles novads', '0460201', 1);
INSERT INTO `zone` VALUES(4078, 117, 'Dobeles novads', '0460200', 1);
INSERT INTO `zone` VALUES(4079, 117, 'Dundagas novads', '0885100', 1);
INSERT INTO `zone` VALUES(4080, 117, 'Durbe, Durbes novads', '0640807', 1);
INSERT INTO `zone` VALUES(4081, 117, 'Durbes novads', '0640801', 1);
INSERT INTO `zone` VALUES(4082, 117, 'Engures novads', '0905100', 1);
INSERT INTO `zone` VALUES(4083, 117, 'rgu novads', '0705500', 1);
INSERT INTO `zone` VALUES(4084, 117, 'Garkalnes novads', '0806000', 1);
INSERT INTO `zone` VALUES(4085, 117, 'Grobia, Grobias novads', '0641009', 1);
INSERT INTO `zone` VALUES(4086, 117, 'Grobias novads', '0641000', 1);
INSERT INTO `zone` VALUES(4087, 117, 'Gulbene, Gulbenes novads', '0500201', 1);
INSERT INTO `zone` VALUES(4088, 117, 'Gulbenes novads', '0500200', 1);
INSERT INTO `zone` VALUES(4089, 117, 'Iecavas novads', '0406400', 1);
INSERT INTO `zone` VALUES(4090, 117, 'Ikile, Ikiles novads', '0740605', 1);
INSERT INTO `zone` VALUES(4091, 117, 'Ikiles novads', '0740600', 1);
INSERT INTO `zone` VALUES(4092, 117, 'Ilkste, Ilkstes novads', '0440807', 1);
INSERT INTO `zone` VALUES(4093, 117, 'Ilkstes novads', '0440801', 1);
INSERT INTO `zone` VALUES(4094, 117, 'Inukalna novads', '0801800', 1);
INSERT INTO `zone` VALUES(4095, 117, 'Jaunjelgava, Jaunjelgavas novads', '0321007', 1);
INSERT INTO `zone` VALUES(4096, 117, 'Jaunjelgavas novads', '0321000', 1);
INSERT INTO `zone` VALUES(4097, 117, 'Jaunpiebalgas novads', '0425700', 1);
INSERT INTO `zone` VALUES(4098, 117, 'Jaunpils novads', '0905700', 1);
INSERT INTO `zone` VALUES(4099, 117, 'Jelgava', '0090000', 1);
INSERT INTO `zone` VALUES(4100, 117, 'Jelgavas novads', '0540200', 1);
INSERT INTO `zone` VALUES(4101, 117, 'Jkabpils', '0110000', 1);
INSERT INTO `zone` VALUES(4102, 117, 'Jkabpils novads', '0560200', 1);
INSERT INTO `zone` VALUES(4103, 117, 'Jrmala', '0130000', 1);
INSERT INTO `zone` VALUES(4104, 117, 'Kalnciems, Jelgavas novads', '0540211', 1);
INSERT INTO `zone` VALUES(4105, 117, 'Kandava, Kandavas novads', '0901211', 1);
INSERT INTO `zone` VALUES(4106, 117, 'Kandavas novads', '0901201', 1);
INSERT INTO `zone` VALUES(4107, 117, 'Krsava, Krsavas novads', '0681009', 1);
INSERT INTO `zone` VALUES(4108, 117, 'Krsavas novads', '0681000', 1);
INSERT INTO `zone` VALUES(4109, 117, 'Kocnu novads ,bij. Valmieras)', '0960200', 1);
INSERT INTO `zone` VALUES(4110, 117, 'Kokneses novads', '0326100', 1);
INSERT INTO `zone` VALUES(4111, 117, 'Krslava, Krslavas novads', '0600201', 1);
INSERT INTO `zone` VALUES(4112, 117, 'Krslavas novads', '0600202', 1);
INSERT INTO `zone` VALUES(4113, 117, 'Krimuldas novads', '0806900', 1);
INSERT INTO `zone` VALUES(4114, 117, 'Krustpils novads', '0566900', 1);
INSERT INTO `zone` VALUES(4115, 117, 'Kuldga, Kuldgas novads', '0620201', 1);
INSERT INTO `zone` VALUES(4116, 117, 'Kuldgas novads', '0620200', 1);
INSERT INTO `zone` VALUES(4117, 117, 'eguma novads', '0741001', 1);
INSERT INTO `zone` VALUES(4118, 117, 'egums, eguma novads', '0741009', 1);
INSERT INTO `zone` VALUES(4119, 117, 'ekavas novads', '0800800', 1);
INSERT INTO `zone` VALUES(4120, 117, 'Lielvrde, Lielvrdes novads', '0741413', 1);
INSERT INTO `zone` VALUES(4121, 117, 'Lielvrdes novads', '0741401', 1);
INSERT INTO `zone` VALUES(4122, 117, 'Liepja', '0170000', 1);
INSERT INTO `zone` VALUES(4123, 117, 'Limbai, Limbau novads', '0660201', 1);
INSERT INTO `zone` VALUES(4124, 117, 'Limbau novads', '0660200', 1);
INSERT INTO `zone` VALUES(4125, 117, 'Lgatne, Lgatnes novads', '0421211', 1);
INSERT INTO `zone` VALUES(4126, 117, 'Lgatnes novads', '0421200', 1);
INSERT INTO `zone` VALUES(4127, 117, 'Lvni, Lvnu novads', '0761211', 1);
INSERT INTO `zone` VALUES(4128, 117, 'Lvnu novads', '0761201', 1);
INSERT INTO `zone` VALUES(4129, 117, 'Lubna, Lubnas novads', '0701413', 1);
INSERT INTO `zone` VALUES(4130, 117, 'Lubnas novads', '0701400', 1);
INSERT INTO `zone` VALUES(4131, 117, 'Ludza, Ludzas novads', '0680201', 1);
INSERT INTO `zone` VALUES(4132, 117, 'Ludzas novads', '0680200', 1);
INSERT INTO `zone` VALUES(4133, 117, 'Madona, Madonas novads', '0700201', 1);
INSERT INTO `zone` VALUES(4134, 117, 'Madonas novads', '0700200', 1);
INSERT INTO `zone` VALUES(4135, 117, 'Mazsalaca, Mazsalacas novads', '0961011', 1);
INSERT INTO `zone` VALUES(4136, 117, 'Mazsalacas novads', '0961000', 1);
INSERT INTO `zone` VALUES(4137, 117, 'Mlpils novads', '0807400', 1);
INSERT INTO `zone` VALUES(4138, 117, 'Mrupes novads', '0807600', 1);
INSERT INTO `zone` VALUES(4139, 117, 'Mrsraga novads', '0887600', 1);
INSERT INTO `zone` VALUES(4140, 117, 'Nauknu novads', '0967300', 1);
INSERT INTO `zone` VALUES(4141, 117, 'Neretas novads', '0327100', 1);
INSERT INTO `zone` VALUES(4142, 117, 'Ncas novads', '0647900', 1);
INSERT INTO `zone` VALUES(4143, 117, 'Ogre, Ogres novads', '0740201', 1);
INSERT INTO `zone` VALUES(4144, 117, 'Ogres novads', '0740202', 1);
INSERT INTO `zone` VALUES(4145, 117, 'Olaine, Olaines novads', '0801009', 1);
INSERT INTO `zone` VALUES(4146, 117, 'Olaines novads', '0801000', 1);
INSERT INTO `zone` VALUES(4147, 117, 'Ozolnieku novads', '0546701', 1);
INSERT INTO `zone` VALUES(4148, 117, 'Prgaujas novads', '0427500', 1);
INSERT INTO `zone` VALUES(4149, 117, 'Pvilosta, Pvilostas novads', '0641413', 1);
INSERT INTO `zone` VALUES(4150, 117, 'Pvilostas novads', '0641401', 1);
INSERT INTO `zone` VALUES(4151, 117, 'Piltene, Ventspils novads', '0980213', 1);
INSERT INTO `zone` VALUES(4152, 117, 'Pavias, Paviu novads', '0321413', 1);
INSERT INTO `zone` VALUES(4153, 117, 'Paviu novads', '0321400', 1);
INSERT INTO `zone` VALUES(4154, 117, 'Preii, Preiu novads', '0760201', 1);
INSERT INTO `zone` VALUES(4155, 117, 'Preiu novads', '0760202', 1);
INSERT INTO `zone` VALUES(4156, 117, 'Priekule, Priekules novads', '0641615', 1);
INSERT INTO `zone` VALUES(4157, 117, 'Priekules novads', '0641600', 1);
INSERT INTO `zone` VALUES(4158, 117, 'Priekuu novads', '0427300', 1);
INSERT INTO `zone` VALUES(4159, 117, 'Raunas novads', '0427700', 1);
INSERT INTO `zone` VALUES(4160, 117, 'Rzekne', '0210000', 1);
INSERT INTO `zone` VALUES(4161, 117, 'Rzeknes novads', '0780200', 1);
INSERT INTO `zone` VALUES(4162, 117, 'Riebiu novads', '0766300', 1);
INSERT INTO `zone` VALUES(4163, 117, 'Rga', '0010000', 1);
INSERT INTO `zone` VALUES(4164, 117, 'Rojas novads', '0888300', 1);
INSERT INTO `zone` VALUES(4165, 117, 'Ropau novads', '0808400', 1);
INSERT INTO `zone` VALUES(4166, 117, 'Rucavas novads', '0648500', 1);
INSERT INTO `zone` VALUES(4167, 117, 'Rugju novads', '0387500', 1);
INSERT INTO `zone` VALUES(4168, 117, 'Rundles novads', '0407700', 1);
INSERT INTO `zone` VALUES(4169, 117, 'Rjiena, Rjienas novads', '0961615', 1);
INSERT INTO `zone` VALUES(4170, 117, 'Rjienas novads', '0961600', 1);
INSERT INTO `zone` VALUES(4171, 117, 'Sabile, Talsu novads', '0880213', 1);
INSERT INTO `zone` VALUES(4172, 117, 'Salacgrva, Salacgrvas novads', '0661415', 1);
INSERT INTO `zone` VALUES(4173, 117, 'Salacgrvas novads', '0661400', 1);
INSERT INTO `zone` VALUES(4174, 117, 'Salas novads', '0568700', 1);
INSERT INTO `zone` VALUES(4175, 117, 'Salaspils novads', '0801200', 1);
INSERT INTO `zone` VALUES(4176, 117, 'Salaspils, Salaspils novads', '0801211', 1);
INSERT INTO `zone` VALUES(4177, 117, 'Saldus novads', '0840200', 1);
INSERT INTO `zone` VALUES(4178, 117, 'Saldus, Saldus novads', '0840201', 1);
INSERT INTO `zone` VALUES(4179, 117, 'Saulkrasti, Saulkrastu novads', '0801413', 1);
INSERT INTO `zone` VALUES(4180, 117, 'Saulkrastu novads', '0801400', 1);
INSERT INTO `zone` VALUES(4181, 117, 'Seda, Strenu novads', '0941813', 1);
INSERT INTO `zone` VALUES(4182, 117, 'Sjas novads', '0809200', 1);
INSERT INTO `zone` VALUES(4183, 117, 'Sigulda, Siguldas novads', '0801615', 1);
INSERT INTO `zone` VALUES(4184, 117, 'Siguldas novads', '0801601', 1);
INSERT INTO `zone` VALUES(4185, 117, 'Skrveru novads', '0328200', 1);
INSERT INTO `zone` VALUES(4186, 117, 'Skrunda, Skrundas novads', '0621209', 1);
INSERT INTO `zone` VALUES(4187, 117, 'Skrundas novads', '0621200', 1);
INSERT INTO `zone` VALUES(4188, 117, 'Smiltene, Smiltenes novads', '0941615', 1);
INSERT INTO `zone` VALUES(4189, 117, 'Smiltenes novads', '0941600', 1);
INSERT INTO `zone` VALUES(4190, 117, 'Staicele, Alojas novads', '0661017', 1);
INSERT INTO `zone` VALUES(4191, 117, 'Stende, Talsu novads', '0880215', 1);
INSERT INTO `zone` VALUES(4192, 117, 'Stopiu novads', '0809600', 1);
INSERT INTO `zone` VALUES(4193, 117, 'Streni, Strenu novads', '0941817', 1);
INSERT INTO `zone` VALUES(4194, 117, 'Strenu novads', '0941800', 1);
INSERT INTO `zone` VALUES(4195, 117, 'Subate, Ilkstes novads', '0440815', 1);
INSERT INTO `zone` VALUES(4196, 117, 'Talsi, Talsu novads', '0880201', 1);
INSERT INTO `zone` VALUES(4197, 117, 'Talsu novads', '0880200', 1);
INSERT INTO `zone` VALUES(4198, 117, 'Trvetes novads', '0468900', 1);
INSERT INTO `zone` VALUES(4199, 117, 'Tukuma novads', '0900200', 1);
INSERT INTO `zone` VALUES(4200, 117, 'Tukums, Tukuma novads', '0900201', 1);
INSERT INTO `zone` VALUES(4201, 117, 'Vaiodes novads', '0649300', 1);
INSERT INTO `zone` VALUES(4202, 117, 'Valdemrpils, Talsu novads', '0880217', 1);
INSERT INTO `zone` VALUES(4203, 117, 'Valka, Valkas novads', '0940201', 1);
INSERT INTO `zone` VALUES(4204, 117, 'Valkas novads', '0940200', 1);
INSERT INTO `zone` VALUES(4205, 117, 'Valmiera', '0250000', 1);
INSERT INTO `zone` VALUES(4206, 117, 'Vangai, Inukalna novads', '0801817', 1);
INSERT INTO `zone` VALUES(4207, 117, 'Varakni, Varaknu novads', '0701817', 1);
INSERT INTO `zone` VALUES(4208, 117, 'Varaknu novads', '0701800', 1);
INSERT INTO `zone` VALUES(4209, 117, 'Vrkavas novads', '0769101', 1);
INSERT INTO `zone` VALUES(4210, 117, 'Vecpiebalgas novads', '0429300', 1);
INSERT INTO `zone` VALUES(4211, 117, 'Vecumnieku novads', '0409500', 1);
INSERT INTO `zone` VALUES(4212, 117, 'Ventspils', '0270000', 1);
INSERT INTO `zone` VALUES(4213, 117, 'Ventspils novads', '0980200', 1);
INSERT INTO `zone` VALUES(4214, 117, 'Vieste, Viestes novads', '0561815', 1);
INSERT INTO `zone` VALUES(4215, 117, 'Viestes novads', '0561800', 1);
INSERT INTO `zone` VALUES(4216, 117, 'Viaka, Viakas novads', '0381615', 1);
INSERT INTO `zone` VALUES(4217, 117, 'Viakas novads', '0381600', 1);
INSERT INTO `zone` VALUES(4218, 117, 'Vini, Vinu novads', '0781817', 1);
INSERT INTO `zone` VALUES(4219, 117, 'Vinu novads', '0781800', 1);
INSERT INTO `zone` VALUES(4220, 117, 'Zilupe, Zilupes novads', '0681817', 1);
INSERT INTO `zone` VALUES(4221, 117, 'Zilupes novads', '0681801', 1);
INSERT INTO `zone` VALUES(4222, 43, 'Arica y Parinacota', 'AP', 1);
INSERT INTO `zone` VALUES(4223, 43, 'Los Rios', 'LR', 1);
INSERT INTO `zone` VALUES(4224, 220, 'Kharkivs''ka Oblast''', '63', 1);
INSERT INTO `zone` VALUES(4225, 118, 'Beirut', 'LB-BR', 1);
INSERT INTO `zone` VALUES(4226, 118, 'Bekaa', 'LB-BE', 1);
INSERT INTO `zone` VALUES(4227, 118, 'Mount Lebanon', 'LB-ML', 1);
INSERT INTO `zone` VALUES(4228, 118, 'Nabatieh', 'LB-NB', 1);
INSERT INTO `zone` VALUES(4229, 118, 'North', 'LB-NR', 1);
INSERT INTO `zone` VALUES(4230, 118, 'South', 'LB-ST', 1);
INSERT INTO `zone` VALUES(4231, 99, 'Telangana', 'TS', 1);
INSERT INTO `zone` VALUES(4232, 44, 'Qinghai', 'QH', 1);
INSERT INTO `zone` VALUES(4233, 100, 'Papua Barat', 'PB', 1);
INSERT INTO `zone` VALUES(4234, 100, 'Sulawesi Barat', 'SR', 1);
INSERT INTO `zone` VALUES(4235, 100, 'Kepulauan Riau', 'KR', 1);

-- --------------------------------------------------------

--
-- Table structure for table `zone_to_geo_zone`
--

CREATE TABLE `zone_to_geo_zone` (
  `zone_to_geo_zone_id` int(11) NOT NULL AUTO_INCREMENT,
  `country_id` int(11) NOT NULL,
  `zone_id` int(11) NOT NULL DEFAULT '0',
  `geo_zone_id` int(11) NOT NULL,
  `date_added` datetime NOT NULL,
  `date_modified` datetime NOT NULL,
  PRIMARY KEY (`zone_to_geo_zone_id`)
) ENGINE=MyISAM  DEFAULT CHARSET=utf8 AUTO_INCREMENT=110 ;

--
-- Dumping data for table `zone_to_geo_zone`
--

INSERT INTO `zone_to_geo_zone` VALUES(1, 222, 0, 4, '0000-00-00 00:00:00', '0000-00-00 00:00:00');
INSERT INTO `zone_to_geo_zone` VALUES(2, 222, 3513, 3, '0000-00-00 00:00:00', '0000-00-00 00:00:00');
INSERT INTO `zone_to_geo_zone` VALUES(3, 222, 3514, 3, '0000-00-00 00:00:00', '0000-00-00 00:00:00');
INSERT INTO `zone_to_geo_zone` VALUES(4, 222, 3515, 3, '0000-00-00 00:00:00', '0000-00-00 00:00:00');
INSERT INTO `zone_to_geo_zone` VALUES(5, 222, 3516, 3, '0000-00-00 00:00:00', '0000-00-00 00:00:00');
INSERT INTO `zone_to_geo_zone` VALUES(6, 222, 3517, 3, '0000-00-00 00:00:00', '0000-00-00 00:00:00');
INSERT INTO `zone_to_geo_zone` VALUES(7, 222, 3518, 3, '0000-00-00 00:00:00', '0000-00-00 00:00:00');
INSERT INTO `zone_to_geo_zone` VALUES(8, 222, 3519, 3, '0000-00-00 00:00:00', '0000-00-00 00:00:00');
INSERT INTO `zone_to_geo_zone` VALUES(9, 222, 3520, 3, '0000-00-00 00:00:00', '0000-00-00 00:00:00');
INSERT INTO `zone_to_geo_zone` VALUES(10, 222, 3521, 3, '0000-00-00 00:00:00', '0000-00-00 00:00:00');
INSERT INTO `zone_to_geo_zone` VALUES(11, 222, 3522, 3, '0000-00-00 00:00:00', '0000-00-00 00:00:00');
INSERT INTO `zone_to_geo_zone` VALUES(12, 222, 3523, 3, '0000-00-00 00:00:00', '0000-00-00 00:00:00');
INSERT INTO `zone_to_geo_zone` VALUES(13, 222, 3524, 3, '0000-00-00 00:00:00', '0000-00-00 00:00:00');
INSERT INTO `zone_to_geo_zone` VALUES(14, 222, 3525, 3, '0000-00-00 00:00:00', '0000-00-00 00:00:00');
INSERT INTO `zone_to_geo_zone` VALUES(15, 222, 3526, 3, '0000-00-00 00:00:00', '0000-00-00 00:00:00');
INSERT INTO `zone_to_geo_zone` VALUES(16, 222, 3527, 3, '0000-00-00 00:00:00', '0000-00-00 00:00:00');
INSERT INTO `zone_to_geo_zone` VALUES(17, 222, 3528, 3, '0000-00-00 00:00:00', '0000-00-00 00:00:00');
INSERT INTO `zone_to_geo_zone` VALUES(18, 222, 3529, 3, '0000-00-00 00:00:00', '0000-00-00 00:00:00');
INSERT INTO `zone_to_geo_zone` VALUES(19, 222, 3530, 3, '0000-00-00 00:00:00', '0000-00-00 00:00:00');
INSERT INTO `zone_to_geo_zone` VALUES(20, 222, 3531, 3, '0000-00-00 00:00:00', '0000-00-00 00:00:00');
INSERT INTO `zone_to_geo_zone` VALUES(21, 222, 3532, 3, '0000-00-00 00:00:00', '0000-00-00 00:00:00');
INSERT INTO `zone_to_geo_zone` VALUES(22, 222, 3533, 3, '0000-00-00 00:00:00', '0000-00-00 00:00:00');
INSERT INTO `zone_to_geo_zone` VALUES(23, 222, 3534, 3, '0000-00-00 00:00:00', '0000-00-00 00:00:00');
INSERT INTO `zone_to_geo_zone` VALUES(24, 222, 3535, 3, '0000-00-00 00:00:00', '0000-00-00 00:00:00');
INSERT INTO `zone_to_geo_zone` VALUES(25, 222, 3536, 3, '0000-00-00 00:00:00', '0000-00-00 00:00:00');
INSERT INTO `zone_to_geo_zone` VALUES(26, 222, 3537, 3, '0000-00-00 00:00:00', '0000-00-00 00:00:00');
INSERT INTO `zone_to_geo_zone` VALUES(27, 222, 3538, 3, '0000-00-00 00:00:00', '0000-00-00 00:00:00');
INSERT INTO `zone_to_geo_zone` VALUES(28, 222, 3539, 3, '0000-00-00 00:00:00', '0000-00-00 00:00:00');
INSERT INTO `zone_to_geo_zone` VALUES(29, 222, 3540, 3, '0000-00-00 00:00:00', '0000-00-00 00:00:00');
INSERT INTO `zone_to_geo_zone` VALUES(30, 222, 3541, 3, '0000-00-00 00:00:00', '0000-00-00 00:00:00');
INSERT INTO `zone_to_geo_zone` VALUES(31, 222, 3542, 3, '0000-00-00 00:00:00', '0000-00-00 00:00:00');
INSERT INTO `zone_to_geo_zone` VALUES(32, 222, 3543, 3, '0000-00-00 00:00:00', '0000-00-00 00:00:00');
INSERT INTO `zone_to_geo_zone` VALUES(33, 222, 3544, 3, '0000-00-00 00:00:00', '0000-00-00 00:00:00');
INSERT INTO `zone_to_geo_zone` VALUES(34, 222, 3545, 3, '0000-00-00 00:00:00', '0000-00-00 00:00:00');
INSERT INTO `zone_to_geo_zone` VALUES(35, 222, 3546, 3, '0000-00-00 00:00:00', '0000-00-00 00:00:00');
INSERT INTO `zone_to_geo_zone` VALUES(36, 222, 3547, 3, '0000-00-00 00:00:00', '0000-00-00 00:00:00');
INSERT INTO `zone_to_geo_zone` VALUES(37, 222, 3548, 3, '0000-00-00 00:00:00', '0000-00-00 00:00:00');
INSERT INTO `zone_to_geo_zone` VALUES(38, 222, 3549, 3, '0000-00-00 00:00:00', '0000-00-00 00:00:00');
INSERT INTO `zone_to_geo_zone` VALUES(39, 222, 3550, 3, '0000-00-00 00:00:00', '0000-00-00 00:00:00');
INSERT INTO `zone_to_geo_zone` VALUES(40, 222, 3551, 3, '0000-00-00 00:00:00', '0000-00-00 00:00:00');
INSERT INTO `zone_to_geo_zone` VALUES(41, 222, 3552, 3, '0000-00-00 00:00:00', '0000-00-00 00:00:00');
INSERT INTO `zone_to_geo_zone` VALUES(42, 222, 3553, 3, '0000-00-00 00:00:00', '0000-00-00 00:00:00');
INSERT INTO `zone_to_geo_zone` VALUES(43, 222, 3554, 3, '0000-00-00 00:00:00', '0000-00-00 00:00:00');
INSERT INTO `zone_to_geo_zone` VALUES(44, 222, 3555, 3, '0000-00-00 00:00:00', '0000-00-00 00:00:00');
INSERT INTO `zone_to_geo_zone` VALUES(45, 222, 3556, 3, '0000-00-00 00:00:00', '0000-00-00 00:00:00');
INSERT INTO `zone_to_geo_zone` VALUES(46, 222, 3557, 3, '0000-00-00 00:00:00', '0000-00-00 00:00:00');
INSERT INTO `zone_to_geo_zone` VALUES(47, 222, 3558, 3, '0000-00-00 00:00:00', '0000-00-00 00:00:00');
INSERT INTO `zone_to_geo_zone` VALUES(48, 222, 3559, 3, '0000-00-00 00:00:00', '0000-00-00 00:00:00');
INSERT INTO `zone_to_geo_zone` VALUES(49, 222, 3560, 3, '0000-00-00 00:00:00', '0000-00-00 00:00:00');
INSERT INTO `zone_to_geo_zone` VALUES(50, 222, 3561, 3, '0000-00-00 00:00:00', '0000-00-00 00:00:00');
INSERT INTO `zone_to_geo_zone` VALUES(51, 222, 3562, 3, '0000-00-00 00:00:00', '0000-00-00 00:00:00');
INSERT INTO `zone_to_geo_zone` VALUES(52, 222, 3563, 3, '0000-00-00 00:00:00', '0000-00-00 00:00:00');
INSERT INTO `zone_to_geo_zone` VALUES(53, 222, 3564, 3, '0000-00-00 00:00:00', '0000-00-00 00:00:00');
INSERT INTO `zone_to_geo_zone` VALUES(54, 222, 3565, 3, '0000-00-00 00:00:00', '0000-00-00 00:00:00');
INSERT INTO `zone_to_geo_zone` VALUES(55, 222, 3566, 3, '0000-00-00 00:00:00', '0000-00-00 00:00:00');
INSERT INTO `zone_to_geo_zone` VALUES(56, 222, 3567, 3, '0000-00-00 00:00:00', '0000-00-00 00:00:00');
INSERT INTO `zone_to_geo_zone` VALUES(57, 222, 3568, 3, '0000-00-00 00:00:00', '0000-00-00 00:00:00');
INSERT INTO `zone_to_geo_zone` VALUES(58, 222, 3569, 3, '0000-00-00 00:00:00', '0000-00-00 00:00:00');
INSERT INTO `zone_to_geo_zone` VALUES(59, 222, 3570, 3, '0000-00-00 00:00:00', '0000-00-00 00:00:00');
INSERT INTO `zone_to_geo_zone` VALUES(60, 222, 3571, 3, '0000-00-00 00:00:00', '0000-00-00 00:00:00');
INSERT INTO `zone_to_geo_zone` VALUES(61, 222, 3572, 3, '0000-00-00 00:00:00', '0000-00-00 00:00:00');
INSERT INTO `zone_to_geo_zone` VALUES(62, 222, 3573, 3, '0000-00-00 00:00:00', '0000-00-00 00:00:00');
INSERT INTO `zone_to_geo_zone` VALUES(63, 222, 3574, 3, '0000-00-00 00:00:00', '0000-00-00 00:00:00');
INSERT INTO `zone_to_geo_zone` VALUES(64, 222, 3575, 3, '0000-00-00 00:00:00', '0000-00-00 00:00:00');
INSERT INTO `zone_to_geo_zone` VALUES(65, 222, 3576, 3, '0000-00-00 00:00:00', '0000-00-00 00:00:00');
INSERT INTO `zone_to_geo_zone` VALUES(66, 222, 3577, 3, '0000-00-00 00:00:00', '0000-00-00 00:00:00');
INSERT INTO `zone_to_geo_zone` VALUES(67, 222, 3578, 3, '0000-00-00 00:00:00', '0000-00-00 00:00:00');
INSERT INTO `zone_to_geo_zone` VALUES(68, 222, 3579, 3, '0000-00-00 00:00:00', '0000-00-00 00:00:00');
INSERT INTO `zone_to_geo_zone` VALUES(69, 222, 3580, 3, '0000-00-00 00:00:00', '0000-00-00 00:00:00');
INSERT INTO `zone_to_geo_zone` VALUES(70, 222, 3581, 3, '0000-00-00 00:00:00', '0000-00-00 00:00:00');
INSERT INTO `zone_to_geo_zone` VALUES(71, 222, 3582, 3, '0000-00-00 00:00:00', '0000-00-00 00:00:00');
INSERT INTO `zone_to_geo_zone` VALUES(72, 222, 3583, 3, '0000-00-00 00:00:00', '0000-00-00 00:00:00');
INSERT INTO `zone_to_geo_zone` VALUES(73, 222, 3584, 3, '0000-00-00 00:00:00', '0000-00-00 00:00:00');
INSERT INTO `zone_to_geo_zone` VALUES(74, 222, 3585, 3, '0000-00-00 00:00:00', '0000-00-00 00:00:00');
INSERT INTO `zone_to_geo_zone` VALUES(75, 222, 3586, 3, '0000-00-00 00:00:00', '0000-00-00 00:00:00');
INSERT INTO `zone_to_geo_zone` VALUES(76, 222, 3587, 3, '0000-00-00 00:00:00', '0000-00-00 00:00:00');
INSERT INTO `zone_to_geo_zone` VALUES(77, 222, 3588, 3, '0000-00-00 00:00:00', '0000-00-00 00:00:00');
INSERT INTO `zone_to_geo_zone` VALUES(78, 222, 3589, 3, '0000-00-00 00:00:00', '0000-00-00 00:00:00');
INSERT INTO `zone_to_geo_zone` VALUES(79, 222, 3590, 3, '0000-00-00 00:00:00', '0000-00-00 00:00:00');
INSERT INTO `zone_to_geo_zone` VALUES(80, 222, 3591, 3, '0000-00-00 00:00:00', '0000-00-00 00:00:00');
INSERT INTO `zone_to_geo_zone` VALUES(81, 222, 3592, 3, '0000-00-00 00:00:00', '0000-00-00 00:00:00');
INSERT INTO `zone_to_geo_zone` VALUES(82, 222, 3593, 3, '0000-00-00 00:00:00', '0000-00-00 00:00:00');
INSERT INTO `zone_to_geo_zone` VALUES(83, 222, 3594, 3, '0000-00-00 00:00:00', '0000-00-00 00:00:00');
INSERT INTO `zone_to_geo_zone` VALUES(84, 222, 3595, 3, '0000-00-00 00:00:00', '0000-00-00 00:00:00');
INSERT INTO `zone_to_geo_zone` VALUES(85, 222, 3596, 3, '0000-00-00 00:00:00', '0000-00-00 00:00:00');
INSERT INTO `zone_to_geo_zone` VALUES(86, 222, 3597, 3, '0000-00-00 00:00:00', '0000-00-00 00:00:00');
INSERT INTO `zone_to_geo_zone` VALUES(87, 222, 3598, 3, '0000-00-00 00:00:00', '0000-00-00 00:00:00');
INSERT INTO `zone_to_geo_zone` VALUES(88, 222, 3599, 3, '0000-00-00 00:00:00', '0000-00-00 00:00:00');
INSERT INTO `zone_to_geo_zone` VALUES(89, 222, 3600, 3, '0000-00-00 00:00:00', '0000-00-00 00:00:00');
INSERT INTO `zone_to_geo_zone` VALUES(90, 222, 3601, 3, '0000-00-00 00:00:00', '0000-00-00 00:00:00');
INSERT INTO `zone_to_geo_zone` VALUES(91, 222, 3602, 3, '0000-00-00 00:00:00', '0000-00-00 00:00:00');
INSERT INTO `zone_to_geo_zone` VALUES(92, 222, 3603, 3, '0000-00-00 00:00:00', '0000-00-00 00:00:00');
INSERT INTO `zone_to_geo_zone` VALUES(93, 222, 3604, 3, '0000-00-00 00:00:00', '0000-00-00 00:00:00');
INSERT INTO `zone_to_geo_zone` VALUES(94, 222, 3605, 3, '0000-00-00 00:00:00', '0000-00-00 00:00:00');
INSERT INTO `zone_to_geo_zone` VALUES(95, 222, 3606, 3, '0000-00-00 00:00:00', '0000-00-00 00:00:00');
INSERT INTO `zone_to_geo_zone` VALUES(96, 222, 3607, 3, '0000-00-00 00:00:00', '0000-00-00 00:00:00');
INSERT INTO `zone_to_geo_zone` VALUES(97, 222, 3608, 3, '0000-00-00 00:00:00', '0000-00-00 00:00:00');
INSERT INTO `zone_to_geo_zone` VALUES(98, 222, 3609, 3, '0000-00-00 00:00:00', '0000-00-00 00:00:00');
INSERT INTO `zone_to_geo_zone` VALUES(99, 222, 3610, 3, '0000-00-00 00:00:00', '0000-00-00 00:00:00');
INSERT INTO `zone_to_geo_zone` VALUES(100, 222, 3611, 3, '0000-00-00 00:00:00', '0000-00-00 00:00:00');
INSERT INTO `zone_to_geo_zone` VALUES(101, 222, 3612, 3, '0000-00-00 00:00:00', '0000-00-00 00:00:00');
INSERT INTO `zone_to_geo_zone` VALUES(102, 222, 3949, 3, '0000-00-00 00:00:00', '0000-00-00 00:00:00');
INSERT INTO `zone_to_geo_zone` VALUES(103, 222, 3950, 3, '0000-00-00 00:00:00', '0000-00-00 00:00:00');
INSERT INTO `zone_to_geo_zone` VALUES(104, 222, 3951, 3, '0000-00-00 00:00:00', '0000-00-00 00:00:00');
INSERT INTO `zone_to_geo_zone` VALUES(105, 222, 3952, 3, '0000-00-00 00:00:00', '0000-00-00 00:00:00');
INSERT INTO `zone_to_geo_zone` VALUES(106, 222, 3953, 3, '0000-00-00 00:00:00', '0000-00-00 00:00:00');
INSERT INTO `zone_to_geo_zone` VALUES(107, 222, 3954, 3, '0000-00-00 00:00:00', '0000-00-00 00:00:00');
INSERT INTO `zone_to_geo_zone` VALUES(108, 222, 3955, 3, '0000-00-00 00:00:00', '0000-00-00 00:00:00');
INSERT INTO `zone_to_geo_zone` VALUES(109, 222, 3972, 3, '0000-00-00 00:00:00', '0000-00-00 00:00:00');
